; generated by PrusaSlicer 2.8.1+linux-x64-GTK3 on 2026-10-02 at 08:55:43 UTC

; 

; external perimeters extrusion width = 0.45mm
; perimeters extrusion width = 0.45mm
; infill extrusion width = 0.45mm
; solid infill extrusion width = 0.45mm
; top infill extrusion width = 0.40mm
; first layer extrusion width = 0.42mm

M73 P0 R23
M73 Q0 S23
M201 X1000 Y1000 Z200 E5000 ; sets maximum accelerations, mm/sec^2
M203 X200 Y200 Z12 E120 ; sets maximum feedrates, mm / sec
M204 S1250 T1250 ; sets acceleration (S) and retract acceleration (R), mm/sec^2
M205 X8.00 Y8.00 Z0.40 E4.50 ; sets the jerk limits, mm/sec
M205 S0 T0 ; sets the minimum extruding and travel feed rate, mm/sec

; printing object t_bracket.stl id:0 copy 0
; stop printing object t_bracket.stl id:0 copy 0

;TYPE:Custom
M862.3 P "" ; printer model check
M862.1 P0.4 ; nozzle diameter check
M115 U3.14.0 ; tell printer latest fw version
G90 ; use absolute coordinates
M83 ; extruder relative mode
M104 S215 ; set extruder temp
M140 S60 ; set bed temp
M190 S60 ; wait for bed temp
M109 S215 ; wait for extruder temp
G28 W ; home all without mesh bed level
G80 X115.869 Y95.8688 W18.2625 H18.2625 ; mesh bed levelling

G1 Z0.2 F720
G1 Y-3 F1000 ; go outside print area
G92 E0
G1 X60 E9 F1000 ; intro line
G1 X100 E12.5 F1000 ; intro line

G92 E0
M221 S95

; Don't change E values below. Excessive value can damage the printer.

G21 ; set units to millimeters
G90 ; use absolute coordinates
M83 ; use relative distances for extrusion

M900 K0.05 ; Filament gcode LA 1.5
M900 K30 ; Filament gcode LA 1.0




M107
;LAYER_CHANGE
;Z:0.2
;HEIGHT:0.2
G1 E-.8 F2100
G1 Z.6 F720
G1 X116.451 Y97.53 F10800
G1 Z.2 F720
G1 E.8 F2100
M204 S800
;TYPE:Skirt/Brim
;WIDTH:0.42
G1 F1200
G1 X117.525 Y96.454 E.04767
G1 X119 Y96.057 E.04789
G1 X131 Y96.057 E.37625
G1 X132.47 Y96.451 E.04772
G1 X133.546 Y97.525 E.04767
G1 X133.943 Y99 E.04789
G1 X133.943 Y111 E.37625
G1 X133.549 Y112.47 E.04772
G1 X132.475 Y113.546 E.04767
G1 X131 Y113.943 E.04789
G1 X119 Y113.943 E.37625
G1 X117.53 Y113.549 E.04772
G1 X116.454 Y112.475 E.04767
G1 X116.057 Y111 E.04789
G1 X116.057 Y99 E.37625
G1 X116.435 Y97.588 E.04583
M204 S1000
G1 X116.435 Y97.588 F10800
G1 X116.809 Y97.696
M204 S800
G1 F1200
G1 X116.827 Y97.637 E.00193
G1 X117.883 Y96.69 E.04447
G1 X119 Y96.434 E.03593
G1 X131 Y96.434 E.37625
G1 X132.363 Y96.827 E.04448
G1 X133.31 Y97.883 E.04447
G1 X133.566 Y99 E.03593
G1 X133.566 Y111 E.37625
G1 X133.173 Y112.363 E.04448
G1 X132.117 Y113.31 E.04447
G1 X131 Y113.566 E.03593
G1 X119 Y113.566 E.37625
G1 X117.637 Y113.173 E.04448
G1 X116.69 Y112.117 E.04447
G1 X116.434 Y111 E.03593
G1 X116.434 Y99 E.37625
G1 X116.793 Y97.754 E.04066
M204 S1000
G1 X116.793 Y97.754 F10800
M73 Q1 S23
G1 X117.165 Y97.87
M204 S800
G1 F1200
G1 X117.202 Y97.752 E.00388
G1 X118.235 Y96.949 E.04102
G1 X119 Y96.811 E.02437
G1 X131 Y96.811 E.37625
G1 X132.248 Y97.202 E.04101
M73 P1 R23
G1 X133.051 Y98.235 E.04102
G1 X133.189 Y99 E.02437
G1 X133.189 Y111 E.37625
G1 X132.798 Y112.248 E.04101
G1 X131.765 Y113.051 E.04102
G1 X131 Y113.189 E.02437
G1 X119 Y113.189 E.37625
G1 X117.752 Y112.798 E.04101
G1 X116.949 Y111.765 E.04102
G1 X116.811 Y111 E.02437
G1 X116.811 Y99 E.37625
G1 X117.147 Y97.928 E.03522
M204 S1000
;WIPE_START
G1 F8640
G1 X117.165 Y97.87 E-.01402
G1 X117.202 Y97.752 E-.02855
G1 X118.235 Y96.949 E-.30211
G1 X119 Y96.811 E-.17949
G1 X120.195 Y96.811 E-.27583
;WIPE_END
G1 Z.6 F720
; printing object t_bracket.stl id:0 copy 0
G1 X119.787 Y110.213 F10800
G1 Z.2 F720
G1 E.8 F2100
M204 S800
;TYPE:Perimeter
;WIDTH:0.419999
G1 F1200
G1 X119.787 Y99.787 E.3269
G1 X130.213 Y99.787 E.3269
G1 X130.213 Y105 E.16345
G1 X130.213 Y110.213 E.16345
G1 X119.847 Y110.213 E.32502
M204 S1000
G1 X119.41 Y110.59 F10800
M204 S800
;TYPE:External perimeter
G1 F1200
G1 X119.41 Y99.41 E.35054
G1 X130.59 Y99.41 E.35054
G1 X130.59 Y105 E.17527
G1 X130.59 Y110.59 E.17527
G1 X119.47 Y110.59 E.34866
M204 S1000
;WIPE_START
G1 F8640
G1 X119.41 Y110.59 E-.01385
G1 X119.41 Y107.185 E-.78615
;WIPE_END
G1 Z.6 F720
G1 X130.043 Y100.74 F10800
G1 Z.2 F720
G1 E.8 F2100
M204 S800
;TYPE:Solid infill
;WIDTH:0.429886
G1 F1200
G1 X129.43 Y100.126 E.02792
G1 X128.882 Y100.126 E.01763
G1 X129.874 Y101.118 E.04514
G1 X129.874 Y101.665 E.0176
G1 X128.335 Y100.126 E.07003
G1 X127.788 Y100.126 E.0176
G1 X129.874 Y102.212 E.09492
G1 X129.874 Y102.759 E.0176
G1 X127.241 Y100.126 E.11981
G1 X126.693 Y100.126 E.01763
G1 X129.874 Y103.307 E.14475
G1 X129.874 Y103.854 E.0176
G1 X126.146 Y100.126 E.16964
G1 X125.599 Y100.126 E.0176
G1 X129.874 Y104.401 E.19453
G1 X129.874 Y104.948 E.0176
G1 X125.052 Y100.126 E.21942
G1 X124.504 Y100.126 E.01763
G1 X129.874 Y105.496 E.24436
G1 X129.874 Y106.043 E.0176
G1 X123.957 Y100.126 E.26925
G1 X123.41 Y100.126 E.0176
G1 X129.874 Y106.59 E.29414
G1 X129.874 Y107.137 E.0176
M73 P1 R22
G1 X122.863 Y100.126 E.31903
G1 X122.315 Y100.126 E.01763
G1 X129.874 Y107.685 E.34397
G1 X129.874 Y108.232 E.0176
G1 X121.768 Y100.126 E.36886
G1 X121.221 Y100.126 E.0176
M73 Q1 S22
G1 X129.874 Y108.779 E.39375
G1 X129.874 Y109.326 E.0176
M73 P2 R22
M73 Q2 S22
G1 X120.674 Y100.126 E.41864
G1 X120.126 Y100.126 E.01763
G1 X129.873 Y109.874 E.44355
G1 X129.326 Y109.874 E.0176
G1 X120.126 Y100.674 E.41864
G1 X120.126 Y101.221 E.0176
G1 X128.779 Y109.874 E.39375
G1 X128.232 Y109.874 E.0176
G1 X120.126 Y101.768 E.36886
G1 X120.126 Y102.316 E.01763
G1 X127.684 Y109.874 E.34392
G1 X127.137 Y109.874 E.0176
G1 X120.126 Y102.863 E.31903
G1 X120.126 Y103.41 E.0176
G1 X126.59 Y109.874 E.29414
G1 X126.043 Y109.874 E.0176
G1 X120.126 Y103.957 E.26925
G1 X120.126 Y104.505 E.01763
G1 X125.495 Y109.874 E.24431
G1 X124.948 Y109.874 E.0176
G1 X120.126 Y105.052 E.21942
G1 X120.126 Y105.599 E.0176
G1 X124.401 Y109.874 E.19453
G1 X123.854 Y109.874 E.0176
G1 X120.126 Y106.146 E.16964
G1 X120.126 Y106.694 E.01763
G1 X123.306 Y109.874 E.1447
G1 X122.759 Y109.874 E.0176
G1 X120.126 Y107.241 E.11981
G1 X120.126 Y107.788 E.0176
G1 X122.212 Y109.874 E.09492
G1 X121.665 Y109.874 E.0176
G1 X120.126 Y108.335 E.07003
G1 X120.126 Y108.883 E.01763
G1 X121.117 Y109.874 E.04509
G1 X120.57 Y109.874 E.0176
G1 X119.957 Y109.26 E.02792
M204 S1000
M106 S84.15
;LAYER_CHANGE
;Z:0.4
;HEIGHT:0.2
;BEFORE_LAYER_CHANGE
G92 E0.0
;0.4


;WIPE_START
G1 F8640
G1 X120.57 Y109.874 E-.20034
G1 X121.117 Y109.874 E-.1263
G1 X120.126 Y108.883 E-.32361
G1 X120.126 Y108.335 E-.12653
G1 X120.197 Y108.406 E-.02322
;WIPE_END
G1 Z.4 F720
;AFTER_LAYER_CHANGE
;0.4
; stop printing object t_bracket.stl id:0 copy 0
G1 Z.8
G1 X116.057 Y109.26 F10800
G1 Z.4 F720
G1 E.8 F2100
;TYPE:Skirt/Brim
;WIDTH:0.42
G1 F3000
G1 X116.057 Y99 E.3217
G1 X116.451 Y97.53 E.04772
G1 X117.525 Y96.454 E.04767
G1 X119 Y96.057 E.04789
G1 X131 Y96.057 E.37625
G1 X132.47 Y96.451 E.04772
G1 X133.546 Y97.525 E.04767
G1 X133.943 Y99 E.04789
G1 X133.943 Y111 E.37625
G1 X133.549 Y112.47 E.04772
G1 X132.475 Y113.546 E.04767
G1 X131 Y113.943 E.04789
G1 X119 Y113.943 E.37625
G1 X117.53 Y113.549 E.04772
G1 X116.454 Y112.475 E.04767
G1 X116.057 Y111 E.04789
G1 X116.057 Y109.32 E.05268
G1 X116.057 Y109.32 F10800
G1 X116.434 Y109.32
G1 F3000
G1 X116.434 Y99 E.32358
G1 X116.827 Y97.637 E.04448
G1 X117.883 Y96.69 E.04447
G1 X119 Y96.434 E.03593
G1 X131 Y96.434 E.37625
G1 X132.363 Y96.827 E.04448
G1 X133.31 Y97.883 E.04447
G1 X133.566 Y99 E.03593
G1 X133.566 Y111 E.37625
G1 X133.173 Y112.363 E.04448
G1 X132.117 Y113.31 E.04447
G1 X131 Y113.566 E.03593
G1 X119 Y113.566 E.37625
G1 X117.637 Y113.173 E.04448
G1 X116.69 Y112.117 E.04447
G1 X116.434 Y111 E.03593
G1 X116.434 Y109.38 E.05079
G1 X116.434 Y109.38 F10800
G1 X116.811 Y109.38
G1 F3000
G1 X116.811 Y99 E.32546
G1 X117.202 Y97.752 E.04101
G1 X118.235 Y96.949 E.04102
G1 X119 Y96.811 E.02437
G1 X131 Y96.811 E.37625
G1 X132.248 Y97.202 E.04101
G1 X133.051 Y98.235 E.04102
G1 X133.189 Y99 E.02437
G1 X133.189 Y111 E.37625
G1 X132.798 Y112.248 E.04101
G1 X131.765 Y113.051 E.04102
G1 X131 Y113.189 E.02437
G1 X119 Y113.189 E.37625
G1 X117.752 Y112.798 E.04101
G1 X116.949 Y111.765 E.04102
G1 X116.811 Y111 E.02437
G1 X116.811 Y109.44 E.04891
;WIPE_START
G1 F8640
G1 X116.811 Y109.38 E-.01385
G1 X116.811 Y105.975 E-.78615
;WIPE_END
G1 Z.8 F720
; printing object t_bracket.stl id:0 copy 0
G1 X119.632 Y110.368 F10800
G1 Z.4 F720
G1 E.8 F2100
M204 S800
;TYPE:Perimeter
;WIDTH:0.449999
G1 F2383.215
G1 X119.632 Y99.632 E.3634
G1 X130.368 Y99.632 E.3634
M73 Q3 S22
G1 X130.368 Y110.368 E.3634
M73 P3 R22
G1 X119.692 Y110.368 E.36137
M204 S1000
G1 X119.225 Y110.775 F10800
M204 S800
;TYPE:External perimeter
G1 F1500
G1 X119.225 Y110.1 E.02285
G1 X119.225 Y99.9 E.34526
G1 X119.225 Y99.225 E.02285
G1 X119.9 Y99.225 E.02285
G1 X130.1 Y99.225 E.34526
G1 X130.775 Y99.225 E.02285
G1 X130.775 Y99.9 E.02285
G1 X130.775 Y110.1 E.34526
G1 X130.775 Y110.775 E.02285
G1 X130.1 Y110.775 E.02285
G1 X119.9 Y110.775 E.34526
G1 X119.285 Y110.775 E.02082
M204 S1000
;WIPE_START
G1 F8640
G1 X119.225 Y110.775 E-.01385
G1 X119.225 Y110.1 E-.15586
G1 X119.225 Y107.37 E-.63029
;WIPE_END
G1 Z.8 F720
G1 X120.109 Y100.031 F10800
G1 Z.4 F720
G1 E.8 F2100
;TYPE:Solid infill
;WIDTH:0.548766
G1 F3426
G1 X120.064 Y99.987 E.00265
G1 X120.003 Y100.003 E.00265
G1 X119.987 Y100.064 E.00265
G1 X120.031 Y100.109 E.00265
G1 X120.093 Y100.093 E.00269
G1 X120.093 Y100.093 F10800
G1 X119.866 Y100.888
;WIDTH:0.38292
G1 F3426
G1 X119.795 Y100.869 E.00208
G1 X119.814 Y100.94 E.00208
G1 X119.855 Y100.929 E.0012
;WIDTH:0.41646
G1 X119.927 Y100.836 E.00365
;WIDTH:0.449999
G1 X119.998 Y100.743 E.00396
G1 X120.743 Y99.998 E.03566
G1 X120.836 Y99.927 E.00396
;WIDTH:0.41646
G1 X120.929 Y99.855 E.00365
;WIDTH:0.38292
G1 X120.888 Y99.866 E.0012
G1 X120.869 Y99.795 E.00208
G1 X120.94 Y99.814 E.00208
;WIDTH:0.449999
G1 X121.318 Y99.998 E.01423
G1 X119.998 Y101.318 E.06319
G1 X119.998 Y101.894 E.0195
G1 X121.894 Y99.998 E.09076
G1 X122.47 Y99.998 E.0195
G1 X119.998 Y102.47 E.11833
G1 X119.998 Y103.046 E.0195
G1 X123.046 Y99.998 E.14591
G1 X123.621 Y99.998 E.01946
G1 X119.998 Y103.621 E.17343
G1 X119.998 Y104.197 E.0195
G1 X124.197 Y99.998 E.201
G1 X124.773 Y99.998 E.0195
G1 X119.998 Y104.773 E.22858
G1 X119.998 Y105.348 E.01946
G1 X125.348 Y99.998 E.2561
G1 X125.924 Y99.998 E.0195
G1 X119.998 Y105.924 E.28367
G1 X119.998 Y106.5 E.0195
G1 X126.5 Y99.998 E.31125
G1 X127.075 Y99.998 E.01946
G1 X119.998 Y107.075 E.33877
G1 X119.998 Y107.651 E.0195
G1 X127.651 Y99.998 E.36634
G1 X128.227 Y99.998 E.0195
G1 X119.998 Y108.227 E.39392
G1 X119.998 Y108.803 E.0195
G1 X128.803 Y99.998 E.42149
G1 X129.378 Y99.998 E.01946
G1 X119.998 Y109.378 E.44901
G1 X119.998 Y109.954 E.0195
G1 X129.954 Y99.998 E.47659
G1 X130.002 Y100.527 E.01798
G1 X120.527 Y110.002 E.45356
G1 X121.102 Y110.002 E.01946
G1 X130.002 Y101.102 E.42604
G1 X130.002 Y101.678 E.0195
G1 X121.678 Y110.002 E.39846
G1 X122.254 Y110.002 E.0195
G1 X130.002 Y102.254 E.37089
G1 X130.002 Y102.829 E.01946
G1 X122.829 Y110.002 E.34337
G1 X123.405 Y110.002 E.0195
G1 X130.002 Y103.405 E.31579
G1 X130.002 Y103.981 E.0195
G1 X123.981 Y110.002 E.28822
G1 X124.556 Y110.002 E.01946
G1 X130.002 Y104.556 E.2607
G1 X130.002 Y105.132 E.0195
G1 X125.132 Y110.002 E.23312
G1 X125.708 Y110.002 E.0195
G1 X130.002 Y105.708 E.20555
G1 X130.002 Y106.283 E.01946
G1 X126.283 Y110.002 E.17803
G1 X126.859 Y110.002 E.0195
G1 X130.002 Y106.859 E.15045
G1 X130.002 Y107.435 E.0195
G1 X127.435 Y110.002 E.12288
G1 X128.011 Y110.002 E.0195
G1 X130.002 Y108.011 E.09531
G1 X130.002 Y110.002 E.06739
G1 X128.586 Y110.002 E.04793
G1 X129.858 Y108.73 E.06089
G1 X129.858 Y108.73 F10800
G1 X129.638 Y109.573
;WIDTH:0.464892
G1 F3426
G1 X129.601 Y109.536 E.00184
G1 X129.55 Y109.55 E.00186
G1 X129.536 Y109.601 E.00186
G1 X129.573 Y109.638 E.00184
G1 X129.624 Y109.624 E.00186
M106 S170.85
;LAYER_CHANGE
;Z:0.6
;HEIGHT:0.2
;BEFORE_LAYER_CHANGE
G92 E0.0
;0.6


;WIPE_START
G1 F8640
G1 X129.573 Y109.638 E-.01221
G1 X129.536 Y109.601 E-.01208
G1 X129.55 Y109.55 E-.01221
G1 X129.601 Y109.536 E-.01221
G1 X129.638 Y109.573 E-.01208
;WIPE_END
G1 E-.73921 F2100
G1 Z.6 F720
;AFTER_LAYER_CHANGE
;0.6
; stop printing object t_bracket.stl id:0 copy 0
G1 Z1
G1 X133.943 Y109.624 F10800
G1 Z.6 F720
G1 E.8 F2100
;TYPE:Skirt/Brim
;WIDTH:0.42
G1 F3000
G1 X133.943 Y111 E.04314
G1 X133.549 Y112.47 E.04772
G1 X132.475 Y113.546 E.04767
G1 X131 Y113.943 E.04789
G1 X119 Y113.943 E.37625
G1 X117.53 Y113.549 E.04772
G1 X116.454 Y112.475 E.04767
G1 X116.057 Y111 E.04789
G1 X116.057 Y99 E.37625
G1 X116.451 Y97.53 E.04772
G1 X117.525 Y96.454 E.04767
G1 X119 Y96.057 E.04789
G1 X131 Y96.057 E.37625
G1 X132.47 Y96.451 E.04772
G1 X133.546 Y97.525 E.04767
G1 X133.943 Y99 E.04789
G1 X133.943 Y109.564 E.33123
G1 X133.943 Y109.564 F10800
G1 X133.566 Y109.564
G1 F3000
G1 X133.566 Y111 E.04502
G1 X133.173 Y112.363 E.04448
G1 X132.117 Y113.31 E.04447
G1 X131 Y113.566 E.03593
G1 X119 Y113.566 E.37625
G1 X117.637 Y113.173 E.04448
G1 X116.69 Y112.117 E.04447
G1 X116.434 Y111 E.03593
G1 X116.434 Y99 E.37625
G1 X116.827 Y97.637 E.04448
G1 X117.883 Y96.69 E.04447
G1 X119 Y96.434 E.03593
G1 X131 Y96.434 E.37625
G1 X132.363 Y96.827 E.04448
G1 X133.31 Y97.883 E.04447
G1 X133.566 Y99 E.03593
G1 X133.566 Y109.504 E.32935
G1 X133.566 Y109.504 F10800
G1 X133.189 Y109.504
G1 F3000
G1 X133.189 Y111 E.04691
G1 X132.798 Y112.248 E.04101
G1 X131.765 Y113.051 E.04102
G1 X131 Y113.189 E.02437
G1 X119 Y113.189 E.37625
G1 X117.752 Y112.798 E.04101
M73 Q4 S22
G1 X116.949 Y111.765 E.04102
G1 X116.811 Y111 E.02437
G1 X116.811 Y99 E.37625
G1 X117.202 Y97.752 E.04101
M73 P4 R22
G1 X118.235 Y96.949 E.04102
G1 X119 Y96.811 E.02437
G1 X131 Y96.811 E.37625
G1 X132.248 Y97.202 E.04101
G1 X133.051 Y98.235 E.04102
G1 X133.189 Y99 E.02437
G1 X133.189 Y109.444 E.32746
;WIPE_START
G1 F8640
G1 X133.189 Y109.504 E-.01385
G1 X133.189 Y111 E-.34543
G1 X132.798 Y112.248 E-.30198
G1 X132.323 Y112.617 E-.13874
;WIPE_END
G1 Z1 F720
; printing object t_bracket.stl id:0 copy 0
G1 X119.632 Y110.368 F10800
G1 Z.6 F720
G1 E.8 F2100
M204 S800
;TYPE:Perimeter
;WIDTH:0.449999
G1 F2700
G1 X119.632 Y99.632 E.3634
G1 X130.368 Y99.632 E.3634
G1 X130.368 Y110.368 E.3634
G1 X119.692 Y110.368 E.36137
M204 S1000
G1 X119.225 Y110.775 F10800
M204 S800
;TYPE:External perimeter
G1 F1500
G1 X119.225 Y99.225 E.39095
G1 X130.775 Y99.225 E.39095
G1 X130.775 Y110.775 E.39095
G1 X119.285 Y110.775 E.38892
M204 S1000
;WIPE_START
G1 F8640
G1 X119.225 Y110.775 E-.01385
G1 X119.225 Y107.37 E-.78615
;WIPE_END
G1 Z1 F720
G1 X120.031 Y109.891 F10800
G1 Z.6 F720
G1 E.8 F2100
;TYPE:Solid infill
;WIDTH:0.548766
G1 F3496
G1 X119.987 Y109.936 E.00265
G1 X120.003 Y109.997 E.00265
G1 X120.064 Y110.013 E.00265
G1 X120.109 Y109.969 E.00265
G1 X120.093 Y109.907 E.00269
;WIDTH:0.449999
G1 X119.998 Y109.257 E.02224
G1 X120.815 Y110.068 E.03897
;WIDTH:0.41646
G1 X120.888 Y110.134 E.00306
;WIDTH:0.38292
G1 X120.869 Y110.205 E.00208
G1 X120.94 Y110.186 E.00208
G1 X120.929 Y110.145 E.0012
;WIDTH:0.449999
G1 X121.318 Y110.002 E.01403
G1 X119.998 Y108.682 E.06319
G1 X119.998 Y108.106 E.0195
G1 X121.894 Y110.002 E.09076
G1 X122.47 Y110.002 E.0195
G1 X119.998 Y107.53 E.11833
G1 X119.998 Y106.954 E.0195
G1 X123.046 Y110.002 E.14591
G1 X123.621 Y110.002 E.01946
G1 X119.998 Y106.379 E.17343
G1 X119.998 Y105.803 E.0195
G1 X124.197 Y110.002 E.201
G1 X124.773 Y110.002 E.0195
G1 X119.998 Y105.227 E.22858
G1 X119.998 Y104.652 E.01946
G1 X125.348 Y110.002 E.2561
G1 X125.924 Y110.002 E.0195
G1 X119.998 Y104.076 E.28367
G1 X119.998 Y103.5 E.0195
G1 X126.5 Y110.002 E.31125
G1 X127.075 Y110.002 E.01946
G1 X119.998 Y102.925 E.33877
G1 X119.998 Y102.349 E.0195
G1 X127.651 Y110.002 E.36634
G1 X128.227 Y110.002 E.0195
G1 X119.998 Y101.773 E.39392
G1 X119.998 Y101.197 E.0195
G1 X128.803 Y110.002 E.42149
G1 X129.378 Y110.002 E.01946
G1 X119.998 Y100.622 E.44901
G1 X119.998 Y100.046 E.0195
G1 X129.954 Y110.002 E.47659
G1 X130.002 Y109.473 E.01798
G1 X120.527 Y99.998 E.45356
G1 X121.102 Y99.998 E.01946
G1 X130.002 Y108.898 E.42604
G1 X130.002 Y108.322 E.0195
G1 X121.678 Y99.998 E.39846
G1 X122.254 Y99.998 E.0195
G1 X130.002 Y107.746 E.37089
G1 X130.002 Y107.171 E.01946
G1 X122.829 Y99.998 E.34337
G1 X123.405 Y99.998 E.0195
G1 X130.002 Y106.595 E.31579
G1 X130.002 Y106.019 E.0195
G1 X123.981 Y99.998 E.28822
G1 X124.556 Y99.998 E.01946
G1 X130.002 Y105.444 E.2607
G1 X130.002 Y104.868 E.0195
G1 X125.132 Y99.998 E.23312
G1 X125.708 Y99.998 E.0195
G1 X130.002 Y104.292 E.20555
G1 X130.002 Y103.717 E.01946
G1 X126.283 Y99.998 E.17803
G1 X126.859 Y99.998 E.0195
G1 X130.002 Y103.141 E.15045
G1 X130.002 Y102.565 E.0195
G1 X127.435 Y99.998 E.12288
G1 X128.011 Y99.998 E.0195
G1 X130.002 Y101.989 E.09531
;WIPE_START
G1 F8640
G1 X128.011 Y99.998 E-.65015
G1 X127.435 Y99.998 E-.133
G1 X127.487 Y100.05 E-.01685
;WIPE_END
G1 Z1 F720
G1 X128.73 Y100.142 F10800
G1 Z.6 F720
G1 E.8 F2100
G1 F3496
G1 X130.002 Y101.414 E.06089
G1 X130.002 Y99.998 E.04793
G1 X128.586 Y99.998 E.04793
;WIPE_START
G1 F8640
G1 X130.002 Y99.998 E-.32696
G1 X130.002 Y101.414 E-.32696
G1 X129.555 Y100.967 E-.14608
;WIPE_END
G1 Z1 F720
G1 X129.573 Y100.362 F10800
G1 Z.6 F720
G1 E.8 F2100
;WIDTH:0.464892
G1 F3496
G1 X129.536 Y100.399 E.00184
G1 X129.55 Y100.45 E.00186
G1 X129.601 Y100.464 E.00186
G1 X129.638 Y100.427 E.00184
G1 X129.624 Y100.376 E.00186
M106 S255
;LAYER_CHANGE
;Z:0.8
;HEIGHT:0.2
;BEFORE_LAYER_CHANGE
G92 E0.0
;0.8


;WIPE_START
G1 F8640
G1 X129.638 Y100.427 E-.01221
G1 X129.601 Y100.464 E-.01208
G1 X129.55 Y100.45 E-.01221
G1 X129.536 Y100.399 E-.01221
G1 X129.573 Y100.362 E-.01208
;WIPE_END
G1 E-.73921 F2100
G1 Z.8 F720
;AFTER_LAYER_CHANGE
;0.8
G1 Z1.2
G1 X119.632 Y110.368 F10800
G1 Z.8 F720
G1 E.8 F2100
M204 S800
;TYPE:Perimeter
;WIDTH:0.449999
G1 F1906
G1 X119.632 Y99.632 E.3634
G1 X130.368 Y99.632 E.3634
G1 X130.368 Y110.368 E.3634
G1 X119.692 Y110.368 E.36137
M73 Q5 S22
M204 S1000
G1 X119.225 Y110.775 F10800
M73 P5 R22
M204 S800
;TYPE:External perimeter
G1 F1500
G1 X119.225 Y99.225 E.39095
G1 X130.775 Y99.225 E.39095
G1 X130.775 Y110.775 E.39095
G1 X119.285 Y110.775 E.38892
M204 S1000
;WIPE_START
G1 F8640
G1 X119.225 Y110.775 E-.01385
G1 X119.225 Y107.37 E-.78615
;WIPE_END
G1 Z1.2 F720
G1 X120.109 Y100.031 F10800
G1 Z.8 F720
G1 E.8 F2100
;TYPE:Solid infill
;WIDTH:0.548766
G1 F1906
G1 X120.064 Y99.987 E.00265
G1 X120.003 Y100.003 E.00265
G1 X119.987 Y100.064 E.00265
G1 X120.031 Y100.109 E.00265
G1 X120.093 Y100.093 E.00269
G1 X120.093 Y100.093 F10800
G1 X119.866 Y100.888
;WIDTH:0.38292
G1 F1906
G1 X119.795 Y100.869 E.00208
G1 X119.814 Y100.94 E.00208
G1 X119.855 Y100.929 E.0012
;WIDTH:0.41646
G1 X119.927 Y100.836 E.00365
;WIDTH:0.449999
G1 X119.998 Y100.743 E.00396
G1 X120.743 Y99.998 E.03566
G1 X120.836 Y99.927 E.00396
;WIDTH:0.41646
G1 X120.929 Y99.855 E.00365
;WIDTH:0.38292
G1 X120.888 Y99.866 E.0012
G1 X120.869 Y99.795 E.00208
G1 X120.94 Y99.814 E.00208
;WIDTH:0.449999
G1 X121.318 Y99.998 E.01423
G1 X119.998 Y101.318 E.06319
G1 X119.998 Y101.894 E.0195
G1 X121.894 Y99.998 E.09076
G1 X122.47 Y99.998 E.0195
G1 X119.998 Y102.47 E.11833
G1 X119.998 Y103.046 E.0195
G1 X123.046 Y99.998 E.14591
G1 X123.621 Y99.998 E.01946
G1 X119.998 Y103.621 E.17343
G1 X119.998 Y104.197 E.0195
G1 X124.197 Y99.998 E.201
G1 X124.773 Y99.998 E.0195
G1 X119.998 Y104.773 E.22858
G1 X119.998 Y105.348 E.01946
G1 X125.348 Y99.998 E.2561
G1 X125.924 Y99.998 E.0195
G1 X119.998 Y105.924 E.28367
G1 X119.998 Y106.5 E.0195
G1 X126.5 Y99.998 E.31125
G1 X127.075 Y99.998 E.01946
G1 X119.998 Y107.075 E.33877
G1 X119.998 Y107.651 E.0195
G1 X127.651 Y99.998 E.36634
G1 X128.227 Y99.998 E.0195
G1 X119.998 Y108.227 E.39392
G1 X119.998 Y108.803 E.0195
G1 X128.803 Y99.998 E.42149
G1 X129.378 Y99.998 E.01946
G1 X119.998 Y109.378 E.44901
G1 X119.998 Y109.954 E.0195
G1 X129.954 Y99.998 E.47659
G1 X130.002 Y100.527 E.01798
G1 X120.527 Y110.002 E.45356
G1 X121.102 Y110.002 E.01946
G1 X130.002 Y101.102 E.42604
G1 X130.002 Y101.678 E.0195
G1 X121.678 Y110.002 E.39846
G1 X122.254 Y110.002 E.0195
G1 X130.002 Y102.254 E.37089
G1 X130.002 Y102.829 E.01946
G1 X122.829 Y110.002 E.34337
G1 X123.405 Y110.002 E.0195
G1 X130.002 Y103.405 E.31579
G1 X130.002 Y103.981 E.0195
G1 X123.981 Y110.002 E.28822
G1 X124.556 Y110.002 E.01946
G1 X130.002 Y104.556 E.2607
G1 X130.002 Y105.132 E.0195
G1 X125.132 Y110.002 E.23312
G1 X125.708 Y110.002 E.0195
G1 X130.002 Y105.708 E.20555
G1 X130.002 Y106.283 E.01946
G1 X126.283 Y110.002 E.17803
G1 X126.859 Y110.002 E.0195
G1 X130.002 Y106.859 E.15045
G1 X130.002 Y107.435 E.0195
G1 X127.435 Y110.002 E.12288
G1 X128.011 Y110.002 E.0195
G1 X130.002 Y108.011 E.09531
G1 X130.002 Y110.002 E.06739
G1 X128.586 Y110.002 E.04793
G1 X129.858 Y108.73 E.06089
G1 X129.858 Y108.73 F10800
G1 X129.638 Y109.573
;WIDTH:0.464892
G1 F1906
G1 X129.601 Y109.536 E.00184
G1 X129.55 Y109.55 E.00186
G1 X129.536 Y109.601 E.00186
G1 X129.573 Y109.638 E.00184
G1 X129.624 Y109.624 E.00186
;LAYER_CHANGE
;Z:1
;HEIGHT:0.2
;BEFORE_LAYER_CHANGE
G92 E0.0
;1


;WIPE_START
G1 F8640
G1 X129.573 Y109.638 E-.01221
G1 X129.536 Y109.601 E-.01208
G1 X129.55 Y109.55 E-.01221
G1 X129.601 Y109.536 E-.01221
G1 X129.638 Y109.573 E-.01208
;WIPE_END
G1 E-.73921 F2100
G1 Z1 F720
;AFTER_LAYER_CHANGE
;1
G1 Z1.4
G1 X119.632 Y110.368 F10800
G1 Z1 F720
G1 E.8 F2100
M204 S800
;TYPE:Perimeter
;WIDTH:0.449999
G1 F900
G1 X119.632 Y99.632 E.3634
G1 X130.368 Y99.632 E.3634
G1 X130.368 Y110.368 E.3634
M73 Q6 S22
G1 X119.692 Y110.368 E.36137
M73 P6 R22
M204 S1000
G1 X119.225 Y110.775 F10800
M73 P6 R21
M204 S800
;TYPE:External perimeter
G1 F900
G1 X119.225 Y99.225 E.39095
G1 X130.775 Y99.225 E.39095
G1 X130.775 Y110.775 E.39095
G1 X119.285 Y110.775 E.38892
M73 Q6 S21
M204 S1000
;WIPE_START
G1 F8640
G1 X119.225 Y110.775 E-.01385
G1 X119.225 Y107.37 E-.78615
;WIPE_END
G1 Z1.4 F720
G1 X130.002 Y108.01 F10800
G1 Z1 F720
G1 E.8 F2100
;TYPE:Internal infill
;WIDTH:0.45
G1 F900
G1 X130.002 Y110.002 E.06743
G1 X129.493 Y110.002 E.01723
G1 X128.931 Y109.496 E.0256
G1 X128.494 Y109.233 E.01726
G1 X127.621 Y108.946 E.03111
G1 X127.184 Y108.934 E.0148
G1 X126.747 Y109.219 E.01766
G1 X126.229 Y110.002 E.03178
G1 X122.505 Y110.002 E.12605
G1 X121.943 Y109.496 E.0256
G1 X121.506 Y109.233 E.01726
G1 X120.632 Y108.946 E.03114
G1 X120.195 Y108.934 E.0148
G1 X119.998 Y109.063 E.00797
G1 X119.998 Y107.371 E.05727
G1 X120.632 Y106.409 E.039
G1 X121.069 Y106.002 E.02021
G1 X121.506 Y105.739 E.01726
G1 X122.379 Y105.451 E.03112
G1 X122.816 Y105.44 E.0148
G1 X123.253 Y105.725 E.01766
G1 X124.126 Y107.086 E.05473
G1 X124.563 Y107.492 E.02019
G1 X125 Y107.756 E.01728
G1 X125.874 Y108.043 E.03114
G1 X126.31 Y108.054 E.01476
G1 X126.747 Y107.769 E.01766
G1 X127.621 Y106.409 E.05472
G1 X128.057 Y106.002 E.02019
G1 X128.494 Y105.739 E.01726
G1 X129.368 Y105.451 E.03115
G1 X129.805 Y105.44 E.0148
G1 X130.002 Y105.568 E.00795
G1 X130.002 Y103.876 E.05727
G1 X129.805 Y103.549 E.01292
G1 X129.368 Y102.914 E.02609
G1 X128.931 Y102.508 E.02019
G1 X128.494 Y102.244 E.01728
G1 X127.621 Y101.957 E.03111
G1 X127.184 Y101.946 E.0148
G1 X126.747 Y102.231 E.01766
G1 X125.874 Y103.591 E.0547
G1 X125.437 Y103.998 E.02021
G1 X125 Y104.261 E.01726
G1 X124.126 Y104.549 E.03115
G1 X123.69 Y104.56 E.01476
G1 X123.253 Y104.275 E.01766
G1 X122.379 Y102.914 E.05475
G1 X121.943 Y102.508 E.02017
G1 X121.506 Y102.244 E.01728
G1 X120.632 Y101.957 E.03114
G1 X120.195 Y101.946 E.0148
G1 X119.998 Y102.074 E.00795
G1 X119.998 Y100.382 E.05727
G1 X120.234 Y99.998 E.01526
G1 X124.058 Y99.998 E.12944
G1 X124.563 Y100.504 E.0242
G1 X125 Y100.767 E.01726
G1 X125.874 Y101.054 E.03114
G1 X126.31 Y101.066 E.01476
G1 X126.747 Y100.781 E.01766
G1 X127.222 Y99.998 E.031
G1 X129.722 Y99.998 E.08462
;LAYER_CHANGE
;Z:1.2
;HEIGHT:0.2
;BEFORE_LAYER_CHANGE
G92 E0.0
;1.2


;WIPE_START
G1 F8640
G1 X127.222 Y99.998 E-.57726
G1 X126.747 Y100.781 E-.21146
G1 X126.706 Y100.808 E-.01128
;WIPE_END
G1 Z1.2 F720
;AFTER_LAYER_CHANGE
;1.2
G1 Z1.6
G1 X119.632 Y110.368 F10800
G1 Z1.2 F720
G1 E.8 F2100
M204 S800
;TYPE:Perimeter
;WIDTH:0.449999
G1 F900
G1 X119.632 Y99.632 E.3634
G1 X130.368 Y99.632 E.3634
G1 X130.368 Y110.368 E.3634
G1 X119.692 Y110.368 E.36137
M204 S1000
G1 X119.225 Y110.775 F10800
M204 S800
;TYPE:External perimeter
G1 F900
G1 X119.225 Y99.225 E.39095
G1 X130.775 Y99.225 E.39095
G1 X130.775 Y110.775 E.39095
G1 X119.285 Y110.775 E.38892
M73 P7 R21
M73 Q7 S21
M204 S1000
;WIPE_START
G1 F8640
G1 X119.225 Y110.775 E-.01385
G1 X119.225 Y107.37 E-.78615
;WIPE_END
G1 Z1.6 F720
G1 X130.002 Y107.767 F10800
G1 Z1.2 F720
G1 E.8 F2100
;TYPE:Internal infill
;WIDTH:0.45
G1 F900
G1 X130.002 Y110.002 E.07565
G1 X129.736 Y110.002 E.009
G1 X129.368 Y109.823 E.01385
G1 X128.931 Y109.5 E.01839
G1 X128.494 Y109.298 E.0163
G1 X127.621 Y109.156 E.02994
G1 X127.184 Y109.261 E.01521
G1 X126.211 Y110.002 E.0414
G1 X122.748 Y110.002 E.11722
G1 X122.379 Y109.823 E.01388
G1 X121.943 Y109.5 E.01837
G1 X121.506 Y109.298 E.0163
G1 X120.632 Y109.156 E.02997
G1 X120.195 Y109.261 E.01521
G1 X119.998 Y109.42 E.00857
G1 X119.998 Y107.089 E.0789
G1 X120.632 Y106.329 E.0335
G1 X121.069 Y106.005 E.01841
G1 X121.506 Y105.804 E.01628
G1 X122.379 Y105.661 E.02994
G1 X122.816 Y105.767 E.01522
G1 X123.253 Y106.118 E.01897
G1 X124.126 Y107.165 E.04614
G1 X124.563 Y107.489 E.01841
G1 X125 Y107.691 E.0163
G1 X125.874 Y107.833 E.02997
G1 X126.31 Y107.727 E.01519
G1 X126.747 Y107.376 E.01897
G1 X127.621 Y106.329 E.04616
G1 X128.057 Y106.005 E.01839
G1 X128.494 Y105.804 E.01628
G1 X129.368 Y105.661 E.02998
G1 X129.805 Y105.767 E.01522
G1 X130.002 Y105.926 E.00857
G1 X130.002 Y103.594 E.07894
G1 X129.368 Y102.835 E.03348
G1 X128.931 Y102.511 E.01841
G1 X128.494 Y102.309 E.0163
G1 X127.621 Y102.167 E.02994
G1 X127.184 Y102.273 E.01522
G1 X126.747 Y102.624 E.01897
G1 X125.874 Y103.671 E.04614
G1 X125.437 Y103.995 E.01841
G1 X125 Y104.196 E.01628
G1 X124.126 Y104.339 E.02998
G1 X123.69 Y104.233 E.01519
G1 X123.253 Y103.882 E.01897
G1 X122.379 Y102.835 E.04616
G1 X121.943 Y102.511 E.01839
G1 X121.506 Y102.309 E.0163
G1 X120.632 Y102.167 E.02997
G1 X120.195 Y102.273 E.01522
G1 X119.998 Y102.431 E.00855
G1 X119.998 Y99.998 E.08235
G1 X123.978 Y99.998 E.13472
G1 X124.126 Y100.177 E.00786
G1 X124.563 Y100.5 E.01839
G1 X125 Y100.702 E.0163
G1 X125.874 Y100.844 E.02997
G1 X126.31 Y100.739 E.01518
G1 X126.747 Y100.388 E.01897
G1 X127.072 Y99.998 E.01718
G1 X129.572 Y99.998 E.08462
;LAYER_CHANGE
;Z:1.4
;HEIGHT:0.2
;BEFORE_LAYER_CHANGE
G92 E0.0
;1.4


;WIPE_START
G1 F8640
G1 X127.072 Y99.998 E-.57726
G1 X126.747 Y100.388 E-.11722
G1 X126.391 Y100.674 E-.10552
;WIPE_END
G1 Z1.4 F720
;AFTER_LAYER_CHANGE
;1.4
G1 Z1.8
G1 X119.632 Y110.368 F10800
G1 Z1.4 F720
G1 E.8 F2100
M204 S800
;TYPE:Perimeter
;WIDTH:0.449999
G1 F900
G1 X119.632 Y99.632 E.3634
G1 X130.368 Y99.632 E.3634
G1 X130.368 Y110.368 E.3634
G1 X119.692 Y110.368 E.36137
M204 S1000
G1 X119.225 Y110.775 F10800
M204 S800
;TYPE:External perimeter
G1 F900
G1 X119.225 Y99.225 E.39095
G1 X130.775 Y99.225 E.39095
G1 X130.775 Y110.775 E.39095
G1 X119.285 Y110.775 E.38892
M204 S1000
;WIPE_START
G1 F8640
G1 X119.225 Y110.775 E-.01385
G1 X119.225 Y107.37 E-.78615
;WIPE_END
G1 Z1.8 F720
G1 X130.002 Y107.68 F10800
G1 Z1.4 F720
G1 E.8 F2100
;TYPE:Internal infill
;WIDTH:0.45
G1 F900
G1 X130.002 Y110.002 E.0786
G1 X129.823 Y110.002 E.00606
G1 X128.931 Y109.483 E.03493
G1 X128.494 Y109.34 E.01556
G1 X128.057 Y109.286 E.0149
G1 X127.621 Y109.326 E.01482
G1 X127.184 Y109.504 E.01597
G1 X126.747 Y109.876 E.01943
G1 X126.451 Y110.002 E.01089
G1 X122.834 Y110.002 E.12243
G1 X121.943 Y109.483 E.0349
G1 X121.506 Y109.34 E.01556
G1 X121.069 Y109.286 E.0149
G1 X120.632 Y109.326 E.01485
G1 X120.195 Y109.504 E.01597
G1 X119.998 Y109.672 E.00876
G1 X119.998 Y106.873 E.09474
G1 X120.632 Y106.241 E.0303
G1 X121.069 Y105.989 E.01708
G1 X121.506 Y105.846 E.01556
G1 X121.943 Y105.791 E.01491
G1 X122.379 Y105.832 E.01482
G1 X122.816 Y106.01 E.01597
G1 X124.126 Y107.253 E.06113
G1 X124.563 Y107.506 E.01709
G1 X125 Y107.648 E.01555
M73 Q8 S21
G1 X125.437 Y107.703 E.01491
G1 X125.874 Y107.663 E.01485
G1 X126.31 Y107.484 E.01595
G1 X127.621 Y106.241 E.06115
G1 X128.057 Y105.989 E.01705
G1 X128.494 Y105.846 E.01556
M73 P8 R21
G1 X128.931 Y105.791 E.01491
G1 X129.368 Y105.832 E.01486
G1 X129.805 Y106.01 E.01597
G1 X130.002 Y106.178 E.00876
G1 X130.002 Y103.379 E.09474
G1 X129.368 Y102.747 E.0303
G1 X128.931 Y102.495 E.01708
G1 X128.494 Y102.352 E.01556
G1 X128.057 Y102.297 E.01491
G1 X127.621 Y102.337 E.01482
G1 X127.184 Y102.516 E.01598
G1 X125.874 Y103.759 E.06113
G1 X125.437 Y104.011 E.01708
G1 X125 Y104.154 E.01556
G1 X124.563 Y104.209 E.01491
G1 X124.126 Y104.168 E.01486
G1 X123.69 Y103.99 E.01594
G1 X122.379 Y102.747 E.06115
G1 X121.943 Y102.495 E.01705
G1 X121.506 Y102.352 E.01556
G1 X121.069 Y102.297 E.01491
G1 X120.632 Y102.337 E.01485
G1 X120.195 Y102.516 E.01598
G1 X119.998 Y102.684 E.00876
G1 X119.998 Y99.998 E.09092
G1 X123.86 Y99.998 E.13072
G1 X124.126 Y100.265 E.01276
G1 X124.563 Y100.517 E.01708
G1 X125 Y100.66 E.01556
G1 X125.437 Y100.714 E.0149
G1 X125.874 Y100.674 E.01485
G1 X126.31 Y100.496 E.01594
G1 X126.873 Y99.998 E.02544
G1 X129.373 Y99.998 E.08462
;LAYER_CHANGE
;Z:1.6
;HEIGHT:0.2
;BEFORE_LAYER_CHANGE
G92 E0.0
;1.6


;WIPE_START
G1 F8640
G1 X126.873 Y99.998 E-.57726
G1 X126.31 Y100.496 E-.17356
G1 X126.113 Y100.577 E-.04918
;WIPE_END
G1 Z1.6 F720
;AFTER_LAYER_CHANGE
;1.6
G1 Z2
G1 X119.632 Y110.368 F10800
G1 Z1.6 F720
G1 E.8 F2100
M204 S800
;TYPE:Perimeter
;WIDTH:0.449999
G1 F900
G1 X119.632 Y99.632 E.3634
G1 X130.368 Y99.632 E.3634
G1 X130.368 Y110.368 E.3634
G1 X119.692 Y110.368 E.36137
M204 S1000
G1 X119.225 Y110.775 F10800
M204 S800
;TYPE:External perimeter
G1 F900
G1 X119.225 Y99.225 E.39095
G1 X130.775 Y99.225 E.39095
G1 X130.775 Y110.775 E.39095
G1 X119.285 Y110.775 E.38892
M204 S1000
;WIPE_START
G1 F8640
G1 X119.225 Y110.775 E-.01385
G1 X119.225 Y107.37 E-.78615
;WIPE_END
G1 Z2 F720
G1 X130.002 Y107.634 F10800
G1 Z1.6 F720
G1 E.8 F2100
;TYPE:Internal infill
;WIDTH:0.45
G1 F900
G1 X130.002 Y110.002 E.08015
G1 X129.869 Y110.002 E.0045
G1 X129.368 Y109.637 E.02098
G1 X128.931 Y109.448 E.01612
G1 X128.494 Y109.363 E.01507
G1 X128.057 Y109.365 E.01479
G1 X127.621 Y109.467 E.01516
G1 X127.184 Y109.704 E.01683
G1 X126.85 Y110.002 E.01515
G1 X122.88 Y110.002 E.13438
G1 X122.379 Y109.637 E.02098
G1 X121.943 Y109.448 E.01609
G1 X121.506 Y109.363 E.01507
G1 X121.069 Y109.365 E.01479
G1 X120.632 Y109.467 E.01519
G1 X120.195 Y109.704 E.01683
G1 X119.998 Y109.879 E.00892
G1 X119.998 Y106.659 E.10899
G1 X120.632 Y106.143 E.02767
G1 X121.069 Y105.954 E.01612
G1 X121.506 Y105.869 E.01507
G1 X121.943 Y105.871 E.01479
G1 X122.379 Y105.973 E.01516
G1 X122.816 Y106.21 E.01683
G1 X123.69 Y107.029 E.04054
G1 X124.126 Y107.351 E.01835
G1 X124.563 Y107.54 E.01612
G1 X125 Y107.626 E.01508
G1 X125.437 Y107.623 E.01479
G1 X125.874 Y107.522 E.01518
G1 X126.31 Y107.285 E.0168
G1 X127.184 Y106.465 E.04057
G1 X127.621 Y106.143 E.01837
G1 X128.057 Y105.954 E.01609
G1 X128.494 Y105.869 E.01507
G1 X128.931 Y105.871 E.01479
G1 X129.368 Y105.973 E.01519
G1 X129.805 Y106.21 E.01683
G1 X130.002 Y106.385 E.00892
G1 X130.002 Y103.165 E.10899
G1 X129.368 Y102.649 E.02767
G1 X128.931 Y102.46 E.01612
G1 X128.494 Y102.374 E.01508
G1 X128.057 Y102.377 E.01479
G1 X127.621 Y102.478 E.01515
G1 X127.184 Y102.715 E.01683
G1 X126.31 Y103.535 E.04057
G1 X125.874 Y103.857 E.01835
G1 X125.437 Y104.046 E.01612
G1 X125 Y104.131 E.01507
G1 X124.563 Y104.129 E.01479
G1 X124.126 Y104.027 E.01519
G1 X123.69 Y103.79 E.0168
G1 X122.816 Y102.971 E.04054
G1 X122.379 Y102.649 E.01837
G1 X121.943 Y102.46 E.01609
G1 X121.506 Y102.374 E.01508
G1 X121.069 Y102.377 E.01479
G1 X120.632 Y102.478 E.01518
G1 X120.195 Y102.715 E.01683
G1 X119.998 Y102.891 E.00894
G1 X119.998 Y99.998 E.09792
G1 X123.647 Y99.998 E.12351
G1 X124.126 Y100.363 E.02038
G1 X124.563 Y100.552 E.01612
G1 X125 Y100.637 E.01507
G1 X125.437 Y100.635 E.01479
G1 X125.874 Y100.533 E.01519
G1 X126.31 Y100.296 E.0168
G1 X126.645 Y99.998 E.01518
G1 X129.145 Y99.998 E.08462
;LAYER_CHANGE
;Z:1.8
;HEIGHT:0.2
;BEFORE_LAYER_CHANGE
G92 E0.0
;1.8


;WIPE_START
G1 F8640
G1 X126.645 Y99.998 E-.57726
G1 X126.31 Y100.296 E-.10353
G1 X125.874 Y100.533 E-.11459
G1 X125.855 Y100.538 E-.00462
;WIPE_END
G1 Z1.8 F720
;AFTER_LAYER_CHANGE
;1.8
G1 Z2.2
G1 X119.632 Y110.368 F10800
G1 Z1.8 F720
G1 E.8 F2100
M204 S800
;TYPE:Perimeter
;WIDTH:0.449999
G1 F900
G1 X119.632 Y99.632 E.3634
G1 X130.368 Y99.632 E.3634
M73 Q9 S21
G1 X130.368 Y110.368 E.3634
M73 P9 R21
G1 X119.692 Y110.368 E.36137
M204 S1000
G1 X119.225 Y110.775 F10800
M204 S800
;TYPE:External perimeter
G1 F900
G1 X119.225 Y99.225 E.39095
G1 X130.775 Y99.225 E.39095
G1 X130.775 Y110.775 E.39095
G1 X119.285 Y110.775 E.38892
M204 S1000
;WIPE_START
G1 F8640
G1 X119.225 Y110.775 E-.01385
G1 X119.225 Y107.37 E-.78615
;WIPE_END
G1 Z2.2 F720
G1 X119.998 Y107.554 F10800
G1 Z1.8 F720
G1 E.8 F2100
;TYPE:Internal infill
;WIDTH:0.45
G1 F900
G1 X119.998 Y110.002 E.08286
G1 X120.632 Y109.587 E.02565
G1 X121.069 Y109.426 E.01576
G1 X121.506 Y109.367 E.01493
G1 X121.943 Y109.396 E.01482
G1 X122.379 Y109.526 E.0154
G1 X122.816 Y109.789 E.01726
G1 X123.049 Y110.002 E.01069
G1 X127.039 Y110.002 E.13506
G1 X127.621 Y109.587 E.0242
G1 X128.057 Y109.426 E.01573
G1 X128.494 Y109.367 E.01493
G1 X128.931 Y109.396 E.01482
G1 X129.368 Y109.526 E.01543
G1 X130.002 Y109.969 E.02618
G1 X130.002 Y106.573 E.11495
G1 X129.805 Y106.386 E.00919
G1 X129.368 Y106.093 E.01781
G1 X128.931 Y105.932 E.01576
G1 X128.494 Y105.873 E.01493
G1 X128.057 Y105.902 E.01482
G1 X127.621 Y106.031 E.01539
G1 X127.184 Y106.294 E.01726
G1 X126.31 Y107.108 E.04043
G1 X125.874 Y107.402 E.0178
G1 X125.437 Y107.562 E.01575
G1 X125 Y107.621 E.01493
G1 X124.563 Y107.592 E.01482
G1 X124.126 Y107.463 E.01542
G1 X123.69 Y107.2 E.01724
G1 X122.816 Y106.386 E.04043
G1 X122.379 Y106.093 E.01781
G1 X121.943 Y105.932 E.01573
G1 X121.506 Y105.873 E.01493
G1 X121.069 Y105.902 E.01482
G1 X120.632 Y106.031 E.01542
G1 X119.998 Y106.475 E.0262
G1 X119.998 Y103.078 E.11498
G1 X120.632 Y102.598 E.02692
G1 X121.069 Y102.438 E.01575
G1 X121.506 Y102.379 E.01493
G1 X121.943 Y102.408 E.01482
G1 X122.379 Y102.537 E.01539
G1 X122.816 Y102.8 E.01726
G1 X123.69 Y103.614 E.04043
G1 X124.126 Y103.907 E.01778
G1 X124.563 Y104.068 E.01576
G1 X125 Y104.127 E.01493
G1 X125.437 Y104.098 E.01482
G1 X125.874 Y103.969 E.01542
G1 X126.31 Y103.706 E.01724
G1 X127.184 Y102.892 E.04043
G1 X127.621 Y102.598 E.01783
G1 X128.057 Y102.438 E.01572
G1 X128.494 Y102.379 E.01493
G1 X128.931 Y102.408 E.01482
G1 X129.368 Y102.537 E.01542
G1 X130.002 Y102.981 E.0262
G1 X130.002 Y99.998 E.10097
G1 X126.438 Y99.998 E.12064
G1 X125.874 Y100.413 E.0237
G1 X125.437 Y100.574 E.01576
G1 X125 Y100.633 E.01493
G1 X124.563 Y100.604 E.01482
G1 X124.126 Y100.474 E.01543
G1 X123.69 Y100.211 E.01724
G1 X123.457 Y99.998 E.01069
G1 X120.957 Y99.998 E.08462
;LAYER_CHANGE
;Z:2
;HEIGHT:0.2
;BEFORE_LAYER_CHANGE
G92 E0.0
;2


;WIPE_START
G1 F8640
G1 X123.457 Y99.998 E-.57726
G1 X123.69 Y100.211 E-.07289
G1 X124.126 Y100.474 E-.11757
G1 X124.26 Y100.514 E-.03228
;WIPE_END
G1 Z2 F720
;AFTER_LAYER_CHANGE
;2
G1 Z2.4
G1 X119.632 Y110.368 F10800
G1 Z2 F720
G1 E.8 F2100
M204 S800
;TYPE:Perimeter
;WIDTH:0.449999
G1 F900
G1 X119.632 Y99.632 E.3634
G1 X130.368 Y99.632 E.3634
G1 X130.368 Y110.368 E.3634
G1 X119.692 Y110.368 E.36137
M204 S1000
G1 X119.225 Y110.775 F10800
M204 S800
;TYPE:External perimeter
G1 F900
G1 X119.225 Y99.225 E.39095
G1 X130.775 Y99.225 E.39095
G1 X130.775 Y110.775 E.39095
M73 P10 R21
M73 Q10 S21
G1 X119.285 Y110.775 E.38892
M204 S1000
;WIPE_START
G1 F8640
G1 X119.225 Y110.775 E-.01385
G1 X119.225 Y107.37 E-.78615
;WIPE_END
G1 Z2.4 F720
G1 X119.998 Y107.755 F10800
G1 Z2 F720
G1 E.8 F2100
;TYPE:Internal infill
;WIDTH:0.45
G1 F900
G1 X119.998 Y110.002 E.07606
G1 X120.252 Y110.002 E.0086
G1 X120.632 Y109.691 E.01662
G1 X121.069 Y109.469 E.01659
G1 X121.506 Y109.353 E.0153
G1 X121.943 Y109.326 E.01482
G1 X122.379 Y109.395 E.01494
G1 X122.816 Y109.602 E.01637
G1 X123.286 Y110.002 E.02089
G1 X127.24 Y110.002 E.13384
G1 X127.621 Y109.691 E.01665
G1 X128.057 Y109.469 E.01656
G1 X128.494 Y109.353 E.0153
G1 X128.931 Y109.326 E.01482
G1 X129.368 Y109.395 E.01498
G1 X129.805 Y109.602 E.01637
G1 X130.002 Y109.773 E.00883
G1 X130.002 Y106.758 E.10205
G1 X129.368 Y106.197 E.02866
G1 X128.931 Y105.975 E.01659
G1 X128.494 Y105.859 E.0153
G1 X128.057 Y105.832 E.01482
G1 X127.621 Y105.901 E.01494
G1 X127.184 Y106.108 E.01637
G1 X125.874 Y107.298 E.05991
G1 X125.437 Y107.52 E.01659
G1 X125 Y107.635 E.0153
G1 X124.563 Y107.663 E.01482
G1 X124.126 Y107.593 E.01498
G1 X123.69 Y107.386 E.01634
G1 X122.379 Y106.197 E.05991
G1 X121.943 Y105.975 E.01656
G1 X121.506 Y105.859 E.0153
G1 X121.069 Y105.832 E.01482
G1 X120.632 Y105.901 E.01498
G1 X120.195 Y106.108 E.01637
G1 X119.998 Y106.279 E.00883
G1 X119.998 Y103.264 E.10205
G1 X120.632 Y102.702 E.02868
G1 X121.069 Y102.48 E.01659
G1 X121.506 Y102.365 E.0153
G1 X121.943 Y102.337 E.01482
G1 X122.379 Y102.407 E.01495
G1 X122.816 Y102.614 E.01637
G1 X124.126 Y103.803 E.05988
G1 X124.563 Y104.025 E.01659
G1 X125 Y104.141 E.0153
G1 X125.437 Y104.168 E.01482
G1 X125.874 Y104.099 E.01498
G1 X126.31 Y103.892 E.01634
G1 X127.621 Y102.702 E.05993
G1 X128.057 Y102.48 E.01656
G1 X128.494 Y102.365 E.0153
G1 X128.931 Y102.337 E.01482
G1 X129.368 Y102.407 E.01498
G1 X129.805 Y102.614 E.01637
G1 X130.002 Y102.785 E.00883
G1 X130.002 Y99.998 E.09434
G1 X126.254 Y99.998 E.12687
M73 P10 R20
G1 X125.874 Y100.309 E.01662
G1 X125.437 Y100.531 E.01659
G1 X125 Y100.647 E.0153
G1 X124.563 Y100.674 E.01482
G1 X124.126 Y100.605 E.01498
G1 X123.69 Y100.398 E.01634
G1 X123.234 Y99.998 E.02053
G1 X120.734 Y99.998 E.08462
;LAYER_CHANGE
;Z:2.2
;HEIGHT:0.2
;BEFORE_LAYER_CHANGE
G92 E0.0
;2.2


;WIPE_START
G1 F8640
G1 X123.234 Y99.998 E-.57726
G1 X123.69 Y100.398 E-.14006
G1 X124.014 Y100.551 E-.08268
;WIPE_END
G1 Z2.2 F720
;AFTER_LAYER_CHANGE
;2.2
G1 Z2.6
G1 X119.632 Y110.368 F10800
G1 Z2.2 F720
G1 E.8 F2100
M204 S800
;TYPE:Perimeter
;WIDTH:0.449999
G1 F900
G1 X119.632 Y99.632 E.3634
G1 X130.368 Y99.632 E.3634
M73 Q10 S20
G1 X130.368 Y110.368 E.3634
G1 X119.692 Y110.368 E.36137
M204 S1000
G1 X119.225 Y110.775 F10800
M204 S800
;TYPE:External perimeter
G1 F900
G1 X119.225 Y99.225 E.39095
G1 X130.775 Y99.225 E.39095
G1 X130.775 Y110.775 E.39095
G1 X119.285 Y110.775 E.38892
M204 S1000
;WIPE_START
G1 F8640
G1 X119.225 Y110.775 E-.01385
G1 X119.225 Y107.37 E-.78615
;WIPE_END
G1 Z2.6 F720
G1 X119.998 Y107.723 F10800
G1 Z2.2 F720
G1 E.8 F2100
;TYPE:Internal infill
;WIDTH:0.45
G1 F900
G1 X119.998 Y110.002 E.07714
G1 X120.22 Y110.002 E.00751
G1 X121.069 Y109.494 E.03349
G1 X121.506 Y109.32 E.01592
G1 X122.379 Y109.24 E.02967
G1 X122.816 Y109.383 E.01556
G1 X123.253 Y109.745 E.01921
G1 X123.7 Y110.002 E.01745
G1 X127.208 Y110.002 E.11874
G1 X128.057 Y109.494 E.03349
G1 X128.494 Y109.32 E.01592
G1 X129.368 Y109.24 E.02971
G1 X129.805 Y109.383 E.01556
G1 X130.002 Y109.547 E.00868
G1 X130.002 Y106.981 E.08686
G1 X129.368 Y106.289 E.03177
G1 X128.931 Y106 E.01773
G1 X128.494 Y105.826 E.01592
G1 X127.621 Y105.746 E.02967
G1 X127.184 Y105.889 E.01556
M73 Q11 S20
G1 X126.747 Y106.251 E.01921
G1 X125.874 Y107.206 E.0438
G1 X125.437 Y107.494 E.01772
G1 X125 Y107.668 E.01592
G1 X124.126 Y107.748 E.02971
M73 P11 R20
G1 X123.69 Y107.605 E.01553
G1 X123.253 Y107.243 E.01921
G1 X122.379 Y106.289 E.04379
G1 X121.943 Y106 E.01771
G1 X121.506 Y105.826 E.01592
G1 X120.632 Y105.746 E.02971
G1 X120.195 Y105.889 E.01556
G1 X119.998 Y106.052 E.00865
G1 X119.998 Y103.487 E.08682
G1 X120.632 Y102.794 E.03179
G1 X121.069 Y102.506 E.01772
G1 X121.506 Y102.332 E.01592
G1 X122.379 Y102.252 E.02967
G1 X122.816 Y102.395 E.01556
G1 X123.253 Y102.757 E.01921
G1 X124.126 Y103.711 E.04377
G1 X124.563 Y104 E.01773
G1 X125 Y104.174 E.01592
G1 X125.874 Y104.254 E.02971
G1 X126.31 Y104.111 E.01553
G1 X126.747 Y103.749 E.01921
G1 X127.621 Y102.794 E.04382
G1 X128.057 Y102.506 E.01769
G1 X128.494 Y102.332 E.01592
G1 X129.368 Y102.252 E.02971
G1 X129.805 Y102.395 E.01556
G1 X130.002 Y102.558 E.00865
G1 X130.002 Y99.998 E.08665
G1 X126.074 Y99.998 E.13296
G1 X125.874 Y100.217 E.01004
G1 X125.437 Y100.506 E.01773
G1 X125 Y100.68 E.01592
G1 X124.126 Y100.76 E.02971
G1 X123.69 Y100.617 E.01553
G1 X123.018 Y99.998 E.03093
G1 X120.518 Y99.998 E.08462
;LAYER_CHANGE
;Z:2.4
;HEIGHT:0.2
;BEFORE_LAYER_CHANGE
G92 E0.0
;2.4


;WIPE_START
G1 F8640
G1 X123.018 Y99.998 E-.57726
G1 X123.69 Y100.617 E-.21096
G1 X123.739 Y100.633 E-.01178
;WIPE_END
G1 Z2.4 F720
;AFTER_LAYER_CHANGE
;2.4
G1 Z2.8
G1 X119.632 Y110.368 F10800
G1 Z2.4 F720
G1 E.8 F2100
M204 S800
;TYPE:Perimeter
;WIDTH:0.449999
G1 F900
G1 X119.632 Y99.632 E.3634
G1 X130.368 Y99.632 E.3634
G1 X130.368 Y110.368 E.3634
G1 X119.692 Y110.368 E.36137
M204 S1000
G1 X119.225 Y110.775 F10800
M204 S800
;TYPE:External perimeter
G1 F900
G1 X119.225 Y99.225 E.39095
G1 X130.775 Y99.225 E.39095
G1 X130.775 Y110.775 E.39095
G1 X119.285 Y110.775 E.38892
M204 S1000
;WIPE_START
G1 F8640
G1 X119.225 Y110.775 E-.01385
G1 X119.225 Y107.37 E-.78615
;WIPE_END
G1 Z2.8 F720
G1 X119.998 Y107.824 F10800
G1 Z2.4 F720
G1 E.8 F2100
;TYPE:Internal infill
;WIDTH:0.45
G1 F900
G1 X119.998 Y110.002 E.07372
G1 X120.321 Y110.002 E.01093
G1 X120.632 Y109.866 E.01149
G1 X121.069 Y109.5 E.01929
G1 X121.506 Y109.266 E.01678
G1 X122.379 Y109.05 E.03044
G1 X122.816 Y109.103 E.0149
G1 X123.864 Y110.002 E.04674
G1 X127.309 Y110.002 E.11661
G1 X127.621 Y109.866 E.01152
G1 X128.057 Y109.5 E.01927
G1 X128.494 Y109.266 E.01678
G1 X129.368 Y109.05 E.03047
G1 X129.805 Y109.103 E.0149
G1 X130.002 Y109.251 E.00834
G1 X130.002 Y107.231 E.06837
G1 X129.368 Y106.372 E.03614
G1 X128.931 Y106.006 E.01929
G1 X128.494 Y105.772 E.01678
G1 X127.621 Y105.556 E.03044
G1 X127.184 Y105.609 E.0149
G1 X126.747 Y105.938 E.01852
G1 X125.874 Y107.122 E.04979
G1 X125.437 Y107.488 E.01929
G1 X125 Y107.722 E.01678
G1 X124.126 Y107.938 E.03047
G1 X123.69 Y107.885 E.01487
G1 X123.253 Y107.557 E.01849
G1 X122.379 Y106.372 E.04984
G1 X121.943 Y106.006 E.01927
G1 X121.506 Y105.772 E.01678
G1 X120.632 Y105.556 E.03047
G1 X120.195 Y105.609 E.0149
G1 X119.998 Y105.757 E.00834
G1 X119.998 Y103.737 E.06837
G1 X120.632 Y102.878 E.03614
G1 X121.069 Y102.512 E.01929
G1 X121.506 Y102.278 E.01678
G1 X122.379 Y102.062 E.03044
G1 X122.816 Y102.115 E.0149
G1 X123.253 Y102.443 E.01849
G1 X124.126 Y103.628 E.04982
G1 X124.563 Y103.994 E.01929
G1 X125 Y104.228 E.01678
G1 X125.874 Y104.444 E.03047
G1 X126.31 Y104.391 E.01487
G1 X126.747 Y104.062 E.01852
G1 X127.621 Y102.878 E.04981
G1 X128.057 Y102.512 E.01927
G1 X128.494 Y102.278 E.01678
G1 X129.368 Y102.062 E.03047
G1 X129.805 Y102.115 E.0149
G1 X130.002 Y102.263 E.00834
G1 X130.002 Y99.998 E.07667
G1 X125.973 Y99.998 E.13638
G1 X125.437 Y100.5 E.02486
G1 X125 Y100.734 E.01678
G1 X124.126 Y100.95 E.03047
G1 X123.69 Y100.897 E.01487
G1 X123.253 Y100.568 E.01852
G1 X122.833 Y99.998 E.02397
G1 X120.333 Y99.998 E.08462
;LAYER_CHANGE
;Z:2.6
;HEIGHT:0.2
;BEFORE_LAYER_CHANGE
G92 E0.0
;2.6


;WIPE_START
G1 F8640
G1 X122.833 Y99.998 E-.57726
G1 X123.253 Y100.568 E-.16349
G1 X123.458 Y100.722 E-.05925
;WIPE_END
G1 Z2.6 F720
;AFTER_LAYER_CHANGE
;2.6
G1 Z3
G1 X119.632 Y110.368 F10800
G1 Z2.6 F720
G1 E.8 F2100
M204 S800
;TYPE:Perimeter
;WIDTH:0.449999
G1 F900
G1 X119.632 Y99.632 E.3634
G1 X130.368 Y99.632 E.3634
M73 P12 R20
M73 Q12 S20
G1 X130.368 Y110.368 E.3634
G1 X119.692 Y110.368 E.36137
M204 S1000
G1 X119.225 Y110.775 F10800
M204 S800
;TYPE:External perimeter
G1 F900
G1 X119.225 Y99.225 E.39095
G1 X130.775 Y99.225 E.39095
G1 X130.775 Y110.775 E.39095
G1 X119.285 Y110.775 E.38892
M204 S1000
;WIPE_START
G1 F8640
G1 X119.225 Y110.775 E-.01385
G1 X119.225 Y107.37 E-.78615
;WIPE_END
G1 Z3 F720
G1 X119.998 Y108.05 F10800
G1 Z2.6 F720
G1 E.8 F2100
;TYPE:Internal infill
;WIDTH:0.45
G1 F900
G1 X119.998 Y110.002 E.06607
G1 X120.547 Y110.002 E.01858
G1 X121.069 Y109.485 E.02487
G1 X121.506 Y109.188 E.01788
G1 X122.379 Y108.813 E.03216
G1 X122.816 Y108.692 E.01535
G1 X123.253 Y108.795 E.0152
G1 X123.69 Y109.779 E.03644
G1 X123.898 Y110.002 E.01032
G1 X127.536 Y110.002 E.12314
G1 X128.057 Y109.485 E.02484
G1 X128.494 Y109.188 E.01788
G1 X129.368 Y108.813 E.03219
G1 X129.805 Y108.692 E.01535
G1 X130.002 Y108.739 E.00686
G1 X130.002 Y107.653 E.03676
G1 X129.368 Y106.448 E.04609
G1 X128.931 Y105.991 E.0214
G1 X128.494 Y105.694 E.01788
G1 X127.621 Y105.319 E.03216
G1 X127.184 Y105.198 E.01535
G1 X126.747 Y105.301 E.0152
G1 X126.31 Y106.284 E.03641
G1 X125.874 Y107.046 E.02972
G1 X125.437 Y107.503 E.0214
G1 X125 Y107.8 E.01788
G1 X124.126 Y108.175 E.03219
G1 X123.69 Y108.296 E.01532
G1 X123.253 Y108.193 E.0152
G1 X122.816 Y107.21 E.03641
G1 X122.379 Y106.448 E.02973
G1 X121.943 Y105.991 E.02138
G1 X121.506 Y105.694 E.01788
G1 X120.632 Y105.319 E.03219
G1 X120.195 Y105.198 E.01535
G1 X119.998 Y105.245 E.00686
G1 X119.998 Y104.159 E.03676
G1 X120.632 Y102.954 E.04609
G1 X121.069 Y102.497 E.0214
G1 X121.506 Y102.2 E.01788
G1 X122.379 Y101.825 E.03216
G1 X122.816 Y101.704 E.01535
G1 X123.253 Y101.807 E.0152
G1 X123.69 Y102.79 E.03641
G1 X124.126 Y103.552 E.02972
G1 X124.563 Y104.009 E.0214
G1 X125 Y104.306 E.01788
G1 X125.874 Y104.681 E.03219
G1 X126.31 Y104.802 E.01532
G1 X126.747 Y104.699 E.0152
G1 X127.184 Y103.716 E.03641
G1 X127.621 Y102.954 E.02973
G1 X128.057 Y102.497 E.02138
G1 X128.494 Y102.2 E.01788
G1 X129.368 Y101.825 E.03219
G1 X129.805 Y101.704 E.01535
G1 X130.002 Y101.75 E.00685
G1 X130.002 Y100.665 E.03673
G1 X129.677 Y99.998 E.02511
G1 X125.907 Y99.998 E.12761
G1 X125.437 Y100.515 E.02365
G1 X125 Y100.812 E.01788
G1 X124.126 Y101.187 E.03219
G1 X123.69 Y101.308 E.01532
G1 X123.253 Y101.205 E.0152
G1 X122.688 Y99.998 E.04511
G1 X120.188 Y99.998 E.08462
;LAYER_CHANGE
;Z:2.8
;HEIGHT:0.2
;BEFORE_LAYER_CHANGE
G92 E0.0
;2.8


;WIPE_START
G1 F8640
G1 X122.688 Y99.998 E-.57726
G1 X123.097 Y100.871 E-.22274
;WIPE_END
G1 Z2.8 F720
;AFTER_LAYER_CHANGE
;2.8
G1 Z3.2
G1 X119.632 Y110.368 F10800
G1 Z2.8 F720
G1 E.8 F2100
M204 S800
;TYPE:Perimeter
;WIDTH:0.449999
G1 F900
G1 X119.632 Y99.632 E.3634
G1 X130.368 Y99.632 E.3634
G1 X130.368 Y110.368 E.3634
G1 X119.692 Y110.368 E.36137
M204 S1000
G1 X119.225 Y110.775 F10800
M204 S800
;TYPE:External perimeter
G1 F900
G1 X119.225 Y99.225 E.39095
G1 X130.775 Y99.225 E.39095
G1 X130.775 Y110.775 E.39095
M73 P13 R20
M73 Q13 S20
G1 X119.285 Y110.775 E.38892
M204 S1000
;WIPE_START
G1 F8640
G1 X119.225 Y110.775 E-.01385
G1 X119.225 Y107.37 E-.78615
;WIPE_END
G1 Z3.2 F720
G1 X119.998 Y108.155 F10800
G1 Z2.8 F720
G1 E.8 F2100
;TYPE:Internal infill
;WIDTH:0.45
G1 F900
G1 X119.998 Y110.002 E.06252
G1 X120.652 Y110.002 E.02214
G1 X121.147 Y109.368 E.02723
G1 X122.4 Y108.494 E.05171
G1 X122.714 Y108.057 E.01821
G1 X122.741 Y107.621 E.01479
G1 X122.495 Y106.747 E.03073
G1 X122.248 Y106.31 E.01699
G1 X121.865 Y105.874 E.01964
G1 X120.611 Y105 E.05174
G1 X120.297 Y104.563 E.01821
G1 X120.27 Y104.126 E.01482
G1 X120.517 Y103.253 E.03071
G1 X120.764 Y102.816 E.01699
G1 X121.147 Y102.379 E.01967
G1 X122.4 Y101.506 E.05169
G1 X122.714 Y101.069 E.01821
G1 X122.741 Y100.632 E.01482
G1 X122.562 Y99.998 E.0223
G1 X125.853 Y99.998 E.1114
G1 X125.359 Y100.632 E.02721
G1 X124.106 Y101.506 E.05171
G1 X123.792 Y101.943 E.01821
G1 X123.764 Y102.379 E.01479
G1 X124.011 Y103.253 E.03074
G1 X124.258 Y103.69 E.01699
G1 X124.641 Y104.126 E.01964
G1 X125.894 Y105 E.05171
G1 X126.208 Y105.437 E.01821
G1 X126.236 Y105.874 E.01482
G1 X125.989 Y106.747 E.03071
G1 X125.742 Y107.184 E.01699
G1 X125.359 Y107.621 E.01967
G1 X124.106 Y108.494 E.05169
G1 X123.792 Y108.931 E.01821
G1 X123.764 Y109.368 E.01482
G1 X123.943 Y110.002 E.0223
G1 X127.641 Y110.002 E.12517
G1 X128.135 Y109.368 E.02721
G1 X129.389 Y108.494 E.05174
G1 X129.703 Y108.057 E.01821
G1 X129.73 Y107.621 E.01479
G1 X129.483 Y106.747 E.03074
G1 X129.236 Y106.31 E.01699
G1 X128.853 Y105.874 E.01964
G1 X127.6 Y105 E.05171
G1 X127.286 Y104.563 E.01821
G1 X127.259 Y104.126 E.01482
G1 X127.505 Y103.253 E.0307
G1 X127.752 Y102.816 E.01699
G1 X128.135 Y102.379 E.01967
G1 X129.389 Y101.506 E.05172
G1 X129.703 Y101.069 E.01821
G1 X129.73 Y100.632 E.01482
G1 X129.551 Y99.998 E.0223
G1 X127.051 Y99.998 E.08462
;LAYER_CHANGE
;Z:3
;HEIGHT:0.2
;BEFORE_LAYER_CHANGE
G92 E0.0
;3


;WIPE_START
G1 F8640
G1 X129.551 Y99.998 E-.57726
G1 X129.73 Y100.632 E-.15212
G1 X129.711 Y100.937 E-.07062
;WIPE_END
G1 Z3 F720
;AFTER_LAYER_CHANGE
;3
G1 Z3.4
G1 X119.632 Y110.368 F10800
G1 Z3 F720
G1 E.8 F2100
M204 S800
;TYPE:Perimeter
;WIDTH:0.449999
G1 F900
G1 X119.632 Y99.632 E.3634
G1 X130.368 Y99.632 E.3634
G1 X130.368 Y110.368 E.3634
G1 X119.692 Y110.368 E.36137
M204 S1000
G1 X119.225 Y110.775 F10800
M204 S800
;TYPE:External perimeter
G1 F900
G1 X119.225 Y99.225 E.39095
G1 X130.775 Y99.225 E.39095
G1 X130.775 Y110.775 E.39095
G1 X119.285 Y110.775 E.38892
M204 S1000
;WIPE_START
G1 F8640
G1 X119.225 Y110.775 E-.01385
G1 X119.225 Y107.37 E-.78615
;WIPE_END
G1 Z3.4 F720
G1 X119.998 Y108.181 F10800
G1 Z3 F720
G1 E.8 F2100
;TYPE:Internal infill
;WIDTH:0.45
G1 F900
G1 X119.998 Y110.002 E.06164
G1 X120.678 Y110.002 E.02302
G1 X121.065 Y109.368 E.02514
G1 X122.058 Y108.494 E.04478
G1 X122.415 Y108.057 E.0191
G1 X122.543 Y107.621 E.01538
G1 X122.436 Y106.747 E.0298
G1 X122.25 Y106.31 E.01608
G1 X121.946 Y105.874 E.01799
G1 X120.954 Y105 E.04475
G1 X120.596 Y104.563 E.01912
G1 X120.468 Y104.126 E.01541
G1 X120.576 Y103.253 E.02978
G1 X120.761 Y102.816 E.01606
G1 X121.065 Y102.379 E.01802
G1 X122.058 Y101.506 E.04475
G1 X122.415 Y101.069 E.0191
G1 X122.543 Y100.632 E.01541
G1 X122.465 Y99.998 E.02162
G1 X125.828 Y99.998 E.11383
G1 X125.441 Y100.632 E.02514
G1 X124.448 Y101.506 E.04478
M73 Q14 S20
G1 X124.09 Y101.943 E.01912
G1 X123.963 Y102.379 E.01537
G1 X124.07 Y103.253 E.0298
G1 X124.256 Y103.69 E.01608
M73 P14 R20
G1 X124.559 Y104.126 E.01797
G1 X125.552 Y105 E.04478
G1 X125.91 Y105.437 E.01912
G1 X126.037 Y105.874 E.0154
G1 X125.93 Y106.747 E.02977
G1 X125.744 Y107.184 E.01608
G1 X125.441 Y107.621 E.018
G1 X124.448 Y108.494 E.04475
G1 X124.09 Y108.931 E.01912
G1 X123.963 Y109.368 E.0154
G1 X124.04 Y110.002 E.02162
G1 X127.666 Y110.002 E.12274
G1 X128.054 Y109.368 E.02516
G1 X129.046 Y108.494 E.04475
G1 X129.404 Y108.057 E.01912
G1 X129.532 Y107.621 E.01538
G1 X129.424 Y106.747 E.02981
G1 X129.239 Y106.31 E.01606
G1 X128.935 Y105.874 E.01799
G1 X127.942 Y105 E.04478
G1 X127.585 Y104.563 E.0191
G1 X127.457 Y104.126 E.01541
G1 X127.564 Y103.253 E.02977
G1 X127.75 Y102.816 E.01608
G1 X128.054 Y102.379 E.01802
G1 X129.046 Y101.506 E.04473
G1 X129.404 Y101.069 E.01912
G1 X129.532 Y100.632 E.01541
G1 X129.454 Y99.998 E.02162
G1 X130.002 Y99.998 E.01855
G1 X130.002 Y101.951 E.06611
;LAYER_CHANGE
;Z:3.2
;HEIGHT:0.2
;BEFORE_LAYER_CHANGE
G92 E0.0
;3.2


;WIPE_START
G1 F8640
G1 X130.002 Y99.998 E-.45095
G1 X129.454 Y99.998 E-.12653
G1 X129.532 Y100.632 E-.1475
G1 X129.441 Y100.944 E-.07502
;WIPE_END
G1 Z3.2 F720
;AFTER_LAYER_CHANGE
;3.2
G1 Z3.6
G1 X119.632 Y110.368 F10800
G1 Z3.2 F720
G1 E.8 F2100
M204 S800
;TYPE:Perimeter
;WIDTH:0.449999
G1 F900
G1 X119.632 Y99.632 E.3634
G1 X130.368 Y99.632 E.3634
G1 X130.368 Y110.368 E.3634
G1 X119.692 Y110.368 E.36137
M204 S1000
G1 X119.225 Y110.775 F10800
M204 S800
;TYPE:External perimeter
G1 F900
G1 X119.225 Y99.225 E.39095
G1 X130.775 Y99.225 E.39095
G1 X130.775 Y110.775 E.39095
G1 X119.285 Y110.775 E.38892
M204 S1000
;WIPE_START
G1 F8640
G1 X119.225 Y110.775 E-.01385
G1 X119.225 Y107.37 E-.78615
;WIPE_END
G1 Z3.6 F720
G1 X119.998 Y108.186 F10800
G1 Z3.2 F720
G1 E.8 F2100
;TYPE:Internal infill
;WIDTH:0.45
G1 F900
G1 X119.998 Y110.002 E.06147
G1 X120.682 Y110.002 E.02315
M73 P14 R19
G1 X120.975 Y109.368 E.02364
G1 X122.187 Y108.057 E.06043
G1 X122.382 Y107.621 E.01617
G1 X122.438 Y107.184 E.01491
G1 X122.399 Y106.747 E.01485
G1 X122.272 Y106.31 E.0154
G1 X122.036 Y105.874 E.01678
G1 X120.825 Y104.563 E.06041
G1 X120.63 Y104.126 E.0162
G1 X120.573 Y103.69 E.01488
G1 X120.613 Y103.253 E.01485
G1 X120.74 Y102.816 E.0154
G1 X120.975 Y102.379 E.0168
G1 X122.187 Y101.069 E.06041
G1 X122.382 Y100.632 E.0162
G1 X122.421 Y99.998 E.0215
G1 X125.823 Y99.998 E.11515
G1 X125.531 Y100.632 E.02363
G1 X124.319 Y101.943 E.06043
G1 X124.124 Y102.379 E.01617
G1 X124.067 Y102.816 E.01492
G1 X124.107 Y103.253 E.01485
G1 X124.234 Y103.69 E.0154
G1 X124.469 Y104.126 E.01677
G1 X125.681 Y105.437 E.06043
G1 X125.876 Y105.874 E.0162
G1 X125.933 Y106.31 E.01488
G1 X125.893 Y106.747 E.01485
G1 X125.766 Y107.184 E.0154
G1 X125.531 Y107.621 E.0168
G1 X124.319 Y108.931 E.06041
G1 X124.124 Y109.368 E.0162
M73 Q14 S19
G1 X124.085 Y110.002 E.0215
G1 X127.671 Y110.002 E.12138
G1 X127.964 Y109.368 E.02364
G1 X129.175 Y108.057 E.06041
G1 X129.37 Y107.621 E.01617
G1 X129.427 Y107.184 E.01492
G1 X129.387 Y106.747 E.01485
G1 X129.26 Y106.31 E.0154
G1 X129.025 Y105.874 E.01677
G1 X127.813 Y104.563 E.06043
G1 X127.618 Y104.126 E.0162
G1 X127.562 Y103.69 E.01488
G1 X127.601 Y103.253 E.01485
G1 X127.728 Y102.816 E.0154
G1 X127.964 Y102.379 E.01681
G1 X129.175 Y101.069 E.06039
G1 X129.37 Y100.632 E.0162
G1 X129.409 Y99.998 E.0215
G1 X130.002 Y99.998 E.02007
G1 X130.002 Y101.906 E.06458
;LAYER_CHANGE
;Z:3.4
;HEIGHT:0.2
;BEFORE_LAYER_CHANGE
G92 E0.0
;3.4


;WIPE_START
G1 F8640
G1 X130.002 Y99.998 E-.44056
G1 X129.409 Y99.998 E-.13693
G1 X129.37 Y100.632 E-.14667
G1 X129.236 Y100.932 E-.07584
;WIPE_END
G1 Z3.4 F720
;AFTER_LAYER_CHANGE
;3.4
G1 Z3.8
G1 X119.632 Y110.368 F10800
G1 Z3.4 F720
G1 E.8 F2100
M204 S800
;TYPE:Perimeter
;WIDTH:0.449999
G1 F900
G1 X119.632 Y99.632 E.3634
G1 X130.368 Y99.632 E.3634
G1 X130.368 Y110.368 E.3634
M73 Q15 S19
G1 X119.692 Y110.368 E.36137
M73 P15 R19
M204 S1000
G1 X119.225 Y110.775 F10800
M204 S800
;TYPE:External perimeter
G1 F900
G1 X119.225 Y99.225 E.39095
G1 X130.775 Y99.225 E.39095
G1 X130.775 Y110.775 E.39095
G1 X119.285 Y110.775 E.38892
M204 S1000
;WIPE_START
G1 F8640
G1 X119.225 Y110.775 E-.01385
G1 X119.225 Y107.37 E-.78615
;WIPE_END
G1 Z3.8 F720
G1 X119.998 Y108.172 F10800
G1 Z3.4 F720
G1 E.8 F2100
;TYPE:Internal infill
;WIDTH:0.45
G1 F900
G1 X119.998 Y110.002 E.06194
G1 X120.669 Y110.002 E.02271
G1 X120.874 Y109.368 E.02255
G1 X121.179 Y108.931 E.01804
G1 X121.995 Y108.057 E.04047
G1 X122.247 Y107.621 E.01705
G1 X122.364 Y107.184 E.01531
G1 X122.381 Y106.747 E.0148
G1 X122.311 Y106.31 E.01498
G1 X122.138 Y105.874 E.01588
G1 X121.832 Y105.437 E.01806
G1 X121.016 Y104.563 E.04047
G1 X120.765 Y104.126 E.01706
G1 X120.648 Y103.69 E.01528
G1 X120.63 Y103.253 E.0148
G1 X120.701 Y102.816 E.01499
G1 X120.874 Y102.379 E.01591
G1 X121.179 Y101.943 E.01801
G1 X121.995 Y101.069 E.04047
G1 X122.247 Y100.632 E.01708
G1 X122.372 Y99.998 E.02187
G1 X125.837 Y99.998 E.11729
G1 X125.632 Y100.632 E.02255
G1 X125.326 Y101.069 E.01806
G1 X124.511 Y101.943 E.04045
G1 X124.259 Y102.379 E.01705
G1 X124.142 Y102.816 E.01531
G1 X124.124 Y103.253 E.0148
G1 X124.195 Y103.69 E.01499
G1 X124.368 Y104.126 E.01588
G1 X124.674 Y104.563 E.01806
G1 X125.489 Y105.437 E.04045
G1 X125.741 Y105.874 E.01708
G1 X125.858 Y106.31 E.01528
G1 X125.876 Y106.747 E.0148
G1 X125.805 Y107.184 E.01499
G1 X125.632 Y107.621 E.01591
G1 X125.326 Y108.057 E.01803
G1 X124.511 Y108.931 E.04045
G1 X124.259 Y109.368 E.01708
G1 X124.134 Y110.002 E.02187
G1 X127.657 Y110.002 E.11925
G1 X127.862 Y109.368 E.02255
G1 X128.168 Y108.931 E.01806
G1 X128.984 Y108.057 E.04047
G1 X129.235 Y107.621 E.01703
G1 X129.352 Y107.184 E.01531
G1 X129.37 Y106.747 E.0148
G1 X129.299 Y106.31 E.01499
G1 X129.126 Y105.874 E.01588
G1 X128.821 Y105.437 E.01804
G1 X128.005 Y104.563 E.04047
G1 X127.753 Y104.126 E.01708
G1 X127.636 Y103.69 E.01528
G1 X127.619 Y103.253 E.0148
G1 X127.689 Y102.816 E.01498
G1 X127.862 Y102.379 E.01591
G1 X128.168 Y101.943 E.01803
G1 X128.984 Y101.069 E.04047
G1 X129.235 Y100.632 E.01706
G1 X129.36 Y99.998 E.02187
G1 X130.002 Y99.998 E.02173
G1 X130.002 Y101.857 E.06292
;LAYER_CHANGE
;Z:3.6
;HEIGHT:0.2
;BEFORE_LAYER_CHANGE
G92 E0.0
;3.6


;WIPE_START
G1 F8640
G1 X130.002 Y99.998 E-.42925
G1 X129.36 Y99.998 E-.14824
G1 X129.235 Y100.632 E-.14921
G1 X129.077 Y100.907 E-.0733
;WIPE_END
G1 Z3.6 F720
;AFTER_LAYER_CHANGE
;3.6
G1 Z4
G1 X119.632 Y110.368 F10800
G1 Z3.6 F720
G1 E.8 F2100
M204 S800
;TYPE:Perimeter
;WIDTH:0.449999
G1 F900
G1 X119.632 Y99.632 E.3634
G1 X130.368 Y99.632 E.3634
G1 X130.368 Y110.368 E.3634
G1 X119.692 Y110.368 E.36137
M204 S1000
G1 X119.225 Y110.775 F10800
M204 S800
;TYPE:External perimeter
G1 F900
G1 X119.225 Y99.225 E.39095
G1 X130.775 Y99.225 E.39095
G1 X130.775 Y110.775 E.39095
G1 X119.285 Y110.775 E.38892
M204 S1000
;WIPE_START
G1 F8640
M73 P16 R19
M73 Q16 S19
G1 X119.225 Y110.775 E-.01385
G1 X119.225 Y107.37 E-.78615
;WIPE_END
G1 Z4 F720
G1 X119.998 Y108.141 F10800
G1 Z3.6 F720
G1 E.8 F2100
;TYPE:Internal infill
;WIDTH:0.45
G1 F900
G1 X119.998 Y110.002 E.06299
G1 X120.638 Y110.002 E.02166
G1 X120.758 Y109.368 E.02184
G1 X121.006 Y108.931 E.01701
G1 X121.822 Y108.057 E.04047
G1 X122.132 Y107.621 E.01811
G1 X122.308 Y107.184 E.01595
G1 X122.382 Y106.747 E.015
G1 X122.368 Y106.31 E.0148
G1 X122.254 Y105.874 E.01525
G1 X122.006 Y105.437 E.01701
G1 X121.189 Y104.563 E.0405
G1 X120.88 Y104.126 E.01812
G1 X120.703 Y103.69 E.01593
G1 X120.63 Y103.253 E.015
G1 X120.644 Y102.816 E.0148
G1 X120.758 Y102.379 E.01529
G1 X121.006 Y101.943 E.01698
G1 X121.822 Y101.069 E.04047
G1 X122.132 Y100.632 E.01814
G1 X122.341 Y99.998 E.0226
G1 X125.868 Y99.998 E.11938
G1 X125.748 Y100.632 E.02184
G1 X125.5 Y101.069 E.01701
G1 X124.683 Y101.943 E.0405
G1 X124.374 Y102.379 E.01809
G1 X124.198 Y102.816 E.01595
G1 X124.124 Y103.253 E.015
G1 X124.138 Y103.69 E.0148
G1 X124.252 Y104.126 E.01525
G1 X124.5 Y104.563 E.01701
G1 X125.317 Y105.437 E.0405
G1 X125.626 Y105.874 E.01812
G1 X125.802 Y106.31 E.01592
G1 X125.876 Y106.747 E.015
G1 X125.862 Y107.184 E.0148
G1 X125.748 Y107.621 E.01529
G1 X125.5 Y108.057 E.01698
G1 X124.683 Y108.931 E.0405
G1 X124.374 Y109.368 E.01812
G1 X124.164 Y110.002 E.02261
G1 X127.626 Y110.002 E.11718
G1 X127.746 Y109.368 E.02184
G1 X127.994 Y108.931 E.01701
G1 X128.811 Y108.057 E.0405
G1 X129.12 Y107.621 E.01809
G1 X129.297 Y107.184 E.01596
G1 X129.37 Y106.747 E.015
G1 X129.356 Y106.31 E.0148
G1 X129.242 Y105.874 E.01525
G1 X128.994 Y105.437 E.01701
G1 X128.178 Y104.563 E.04047
G1 X127.868 Y104.126 E.01814
G1 X127.692 Y103.69 E.01592
G1 X127.618 Y103.253 E.015
G1 X127.632 Y102.816 E.0148
G1 X127.746 Y102.379 E.01529
G1 X127.994 Y101.943 E.01698
G1 X128.811 Y101.069 E.0405
G1 X129.12 Y100.632 E.01812
G1 X129.33 Y99.998 E.02261
G1 X130.002 Y99.998 E.02275
G1 X130.002 Y101.827 E.06191
;LAYER_CHANGE
;Z:3.8
;HEIGHT:0.2
;BEFORE_LAYER_CHANGE
G92 E0.0
;3.8


;WIPE_START
G1 F8640
G1 X130.002 Y99.998 E-.42232
G1 X129.33 Y99.998 E-.15517
G1 X129.12 Y100.632 E-.15421
G1 X128.949 Y100.874 E-.0683
;WIPE_END
G1 Z3.8 F720
;AFTER_LAYER_CHANGE
;3.8
G1 Z4.2
G1 X119.632 Y110.368 F10800
G1 Z3.8 F720
G1 E.8 F2100
M204 S800
;TYPE:Perimeter
;WIDTH:0.449999
G1 F900
G1 X119.632 Y99.632 E.3634
G1 X130.368 Y99.632 E.3634
G1 X130.368 Y110.368 E.3634
G1 X119.692 Y110.368 E.36137
M204 S1000
G1 X119.225 Y110.775 F10800
M204 S800
;TYPE:External perimeter
G1 F900
G1 X119.225 Y99.225 E.39095
G1 X130.775 Y99.225 E.39095
G1 X130.775 Y110.775 E.39095
G1 X119.285 Y110.775 E.38892
M204 S1000
;WIPE_START
G1 F8640
G1 X119.225 Y110.775 E-.01385
G1 X119.225 Y107.37 E-.78615
;WIPE_END
G1 Z4.2 F720
G1 X119.998 Y108.091 F10800
G1 Z3.8 F720
G1 E.8 F2100
;TYPE:Internal infill
;WIDTH:0.45
G1 F900
G1 X119.998 Y110.002 E.06469
G1 X120.588 Y110.002 E.01997
G1 X120.621 Y109.368 E.02149
G1 X120.813 Y108.931 E.01616
G1 X122.031 Y107.621 E.06055
G1 X122.27 Y107.184 E.01686
G1 X122.401 Y106.747 E.01544
G1 X122.443 Y106.31 E.01486
G1 X122.39 Y105.874 E.01487
G1 X122.199 Y105.437 E.01614
G1 X120.981 Y104.126 E.06057
G1 X120.742 Y103.69 E.01683
G1 X120.611 Y103.253 E.01544
G1 X120.568 Y102.816 E.01486
G1 X120.621 Y102.379 E.0149
G1 X120.813 Y101.943 E.01613
G1 X122.031 Y100.632 E.06057
G1 X122.329 Y99.998 E.02371
G1 X125.918 Y99.998 E.12148
G1 X125.884 Y100.632 E.02149
G1 X125.693 Y101.069 E.01614
G1 X124.475 Y102.379 E.06055
G1 X124.236 Y102.816 E.01686
G1 X124.105 Y103.253 E.01544
G1 X124.062 Y103.69 E.01486
G1 X124.116 Y104.126 E.01487
G1 X124.307 Y104.563 E.01614
G1 X125.525 Y105.874 E.06057
G1 X125.764 Y106.31 E.01683
G1 X125.895 Y106.747 E.01544
G1 X125.938 Y107.184 E.01486
G1 X125.884 Y107.621 E.0149
G1 X125.693 Y108.057 E.01611
G1 X124.475 Y109.368 E.06057
G1 X124.177 Y110.002 E.02371
G1 X127.576 Y110.002 E.11505
G1 X127.61 Y109.368 E.02149
G1 X127.801 Y108.931 E.01614
G1 X129.019 Y107.621 E.06055
G1 X129.258 Y107.184 E.01686
G1 X129.389 Y106.747 E.01544
G1 X129.432 Y106.31 E.01486
G1 X129.379 Y105.874 E.01487
G1 X129.187 Y105.437 E.01616
G1 X127.969 Y104.126 E.06057
G1 X127.73 Y103.69 E.01683
G1 X127.599 Y103.253 E.01544
G1 X127.557 Y102.816 E.01486
G1 X127.61 Y102.379 E.0149
G1 X127.801 Y101.943 E.01611
G1 X129.019 Y100.632 E.06057
G1 X129.317 Y99.998 E.02371
M73 Q17 S19
G1 X130.002 Y99.998 E.02319
G1 X130.002 Y101.814 E.06147
M73 P17 R19
;LAYER_CHANGE
;Z:4
;HEIGHT:0.2
;BEFORE_LAYER_CHANGE
G92 E0.0
;4


;WIPE_START
G1 F8640
G1 X130.002 Y99.998 E-.41932
G1 X129.317 Y99.998 E-.15817
G1 X129.019 Y100.632 E-.16176
G1 X128.84 Y100.825 E-.06075
;WIPE_END
G1 Z4 F720
;AFTER_LAYER_CHANGE
;4
G1 Z4.4
G1 X119.632 Y110.368 F10800
G1 Z4 F720
G1 E.8 F2100
M204 S800
;TYPE:Perimeter
;WIDTH:0.449999
G1 F900
G1 X119.632 Y99.632 E.3634
G1 X130.368 Y99.632 E.3634
G1 X130.368 Y110.368 E.3634
G1 X119.692 Y110.368 E.36137
M204 S1000
G1 X119.225 Y110.775 F10800
M204 S800
;TYPE:External perimeter
G1 F900
G1 X119.225 Y99.225 E.39095
G1 X130.775 Y99.225 E.39095
G1 X130.775 Y110.775 E.39095
G1 X119.285 Y110.775 E.38892
M204 S1000
;WIPE_START
G1 F8640
G1 X119.225 Y110.775 E-.01385
G1 X119.225 Y107.37 E-.78615
;WIPE_END
G1 Z4.4 F720
G1 X119.998 Y100.162 F10800
G1 Z4 F720
G1 E.8 F2100
;TYPE:Internal infill
;WIDTH:0.45
G1 F900
G1 X119.998 Y99.998 E.00555
G1 X122.335 Y99.998 E.0791
G1 X121.941 Y100.632 E.02527
G1 X120.938 Y101.506 E.04503
G1 X120.581 Y101.943 E.0191
G1 X120.458 Y102.379 E.01533
G1 X120.573 Y103.253 E.02984
G1 X120.762 Y103.69 E.01612
G1 X121.07 Y104.126 E.01807
G1 X122.074 Y105 E.04506
G1 X122.43 Y105.437 E.01908
G1 X122.553 Y105.874 E.01537
G1 X122.439 Y106.747 E.0298
G1 X122.249 Y107.184 E.01613
G1 X121.941 Y107.621 E.0181
G1 X120.938 Y108.494 E.04501
G1 X120.581 Y108.931 E.0191
G1 X120.458 Y109.368 E.01537
G1 X120.541 Y110.002 E.02164
G1 X124.171 Y110.002 E.12287
G1 X124.564 Y109.368 E.02525
G1 X125.568 Y108.494 E.04506
G1 X125.925 Y108.057 E.0191
G1 X126.048 Y107.621 E.01533
G1 X125.933 Y106.747 E.02984
G1 X125.744 Y106.31 E.01612
G1 X125.436 Y105.874 E.01807
G1 X124.432 Y105 E.04506
G1 X124.075 Y104.563 E.0191
G1 X123.952 Y104.126 E.01537
G1 X124.067 Y103.253 E.02981
G1 X124.256 Y102.816 E.01612
G1 X124.564 Y102.379 E.0181
G1 X125.568 Y101.506 E.04503
G1 X125.925 Y101.069 E.0191
G1 X126.048 Y100.632 E.01537
G1 X125.965 Y99.998 E.02164
G1 X129.323 Y99.998 E.11366
G1 X128.93 Y100.632 E.02525
G1 X127.926 Y101.506 E.04506
G1 X127.57 Y101.943 E.01908
G1 X127.447 Y102.379 E.01533
G1 X127.561 Y103.253 E.02983
G1 X127.751 Y103.69 E.01613
G1 X128.059 Y104.126 E.01807
G1 X129.062 Y105 E.04503
G1 X129.419 Y105.437 E.0191
G1 X129.542 Y105.874 E.01537
G1 X129.427 Y106.747 E.02981
G1 X129.238 Y107.184 E.01612
G1 X128.93 Y107.621 E.0181
G1 X127.926 Y108.494 E.04503
G1 X127.57 Y108.931 E.01908
G1 X127.447 Y109.368 E.01537
G1 X127.53 Y110.002 E.02164
G1 X130.002 Y109.973 E.08368
;LAYER_CHANGE
;Z:4.2
;HEIGHT:0.2
;BEFORE_LAYER_CHANGE
G92 E0.0
;4.2


;WIPE_START
G1 F8640
G1 X127.53 Y110.002 E-.57083
G1 X127.447 Y109.368 E-.14764
G1 X127.542 Y109.028 E-.08153
;WIPE_END
G1 Z4.2 F720
;AFTER_LAYER_CHANGE
;4.2
G1 Z4.6
G1 X119.632 Y110.368 F10800
G1 Z4.2 F720
G1 E.8 F2100
M204 S800
;TYPE:Perimeter
;WIDTH:0.449999
G1 F900
G1 X119.632 Y99.632 E.3634
G1 X130.368 Y99.632 E.3634
G1 X130.368 Y110.368 E.3634
G1 X119.692 Y110.368 E.36137
M204 S1000
G1 X119.225 Y110.775 F10800
M204 S800
;TYPE:External perimeter
G1 F900
G1 X119.225 Y99.225 E.39095
G1 X130.775 Y99.225 E.39095
M73 P18 R19
M73 Q18 S19
G1 X130.775 Y110.775 E.39095
G1 X119.285 Y110.775 E.38892
M204 S1000
;WIPE_START
G1 F8640
G1 X119.225 Y110.775 E-.01385
G1 X119.225 Y107.37 E-.78615
;WIPE_END
G1 Z4.6 F720
G1 X119.998 Y100.136 F10800
G1 Z4.2 F720
G1 E.8 F2100
;TYPE:Internal infill
;WIDTH:0.45
G1 F900
G1 X119.998 Y99.998 E.00467
G1 X122.361 Y99.998 E.07998
G1 X121.86 Y100.632 E.02735
G1 X120.586 Y101.506 E.0523
G1 X120.277 Y101.943 E.01812
G1 X120.257 Y102.379 E.01477
G1 X120.513 Y103.253 E.03083
G1 X120.763 Y103.69 E.01704
G1 X121.151 Y104.126 E.01976
G1 X122.426 Y105 E.05232
G1 X122.735 Y105.437 E.01812
G1 X122.754 Y105.874 E.01481
G1 X122.499 Y106.747 E.03078
G1 X122.248 Y107.184 E.01706
G1 X121.86 Y107.621 E.01978
G1 X120.586 Y108.494 E.05228
G1 X120.277 Y108.931 E.01812
G1 X120.257 Y109.368 E.01481
G1 X120.443 Y110.002 E.02236
G1 X124.144 Y110.002 E.12527
G1 X124.646 Y109.368 E.02737
G1 X125.92 Y108.494 E.0523
G1 X126.229 Y108.057 E.01812
G1 X126.248 Y107.621 E.01477
G1 X125.993 Y106.747 E.03082
G1 X125.743 Y106.31 E.01704
G1 X125.354 Y105.874 E.01978
G1 X124.08 Y105 E.0523
G1 X123.771 Y104.563 E.01812
G1 X123.752 Y104.126 E.01481
G1 X124.007 Y103.253 E.03078
G1 X124.257 Y102.816 E.01704
G1 X124.646 Y102.379 E.0198
G1 X125.92 Y101.506 E.05228
G1 X126.229 Y101.069 E.01812
G1 X126.248 Y100.632 E.01481
G1 X126.063 Y99.998 E.02236
G1 X129.35 Y99.998 E.11126
G1 X128.849 Y100.632 E.02735
G1 X127.574 Y101.506 E.05232
G1 X127.265 Y101.943 E.01812
G1 X127.246 Y102.379 E.01477
G1 X127.501 Y103.253 E.03082
G1 X127.752 Y103.69 E.01706
G1 X128.14 Y104.126 E.01976
G1 X129.414 Y105 E.0523
G1 X129.723 Y105.437 E.01812
G1 X129.743 Y105.874 E.01481
G1 X129.487 Y106.747 E.03079
G1 X129.237 Y107.184 E.01704
G1 X128.849 Y107.621 E.01978
G1 X127.574 Y108.494 E.0523
G1 X127.265 Y108.931 E.01812
G1 X127.246 Y109.368 E.01481
G1 X127.431 Y110.002 E.02236
G1 X129.931 Y110.002 E.08462
;LAYER_CHANGE
;Z:4.4
;HEIGHT:0.2
;BEFORE_LAYER_CHANGE
G92 E0.0
;4.4


;WIPE_START
G1 F8640
G1 X127.431 Y110.002 E-.57726
G1 X127.246 Y109.368 E-.1525
G1 X127.259 Y109.064 E-.07024
;WIPE_END
G1 Z4.4 F720
;AFTER_LAYER_CHANGE
;4.4
G1 Z4.8
G1 X119.632 Y110.368 F10800
G1 Z4.4 F720
G1 E.8 F2100
M204 S800
;TYPE:Perimeter
;WIDTH:0.449999
G1 F900
G1 X119.632 Y99.632 E.3634
G1 X130.368 Y99.632 E.3634
G1 X130.368 Y110.368 E.3634
G1 X119.692 Y110.368 E.36137
M204 S1000
G1 X119.225 Y110.775 F10800
M204 S800
;TYPE:External perimeter
G1 F900
G1 X119.225 Y99.225 E.39095
G1 X130.775 Y99.225 E.39095
G1 X130.775 Y110.775 E.39095
G1 X119.285 Y110.775 E.38892
M73 P18 R18
M204 S1000
;WIPE_START
G1 F8640
G1 X119.225 Y110.775 E-.01385
G1 X119.225 Y107.37 E-.78615
;WIPE_END
G1 Z4.8 F720
G1 X129.881 Y110.002 F10800
G1 Z4.4 F720
G1 E.8 F2100
;TYPE:Internal infill
;WIDTH:0.45
G1 F900
G1 X127.381 Y110.002 E.08462
G1 X127.184 Y109.8 E.00955
M73 Q19 S19
G1 X126.747 Y108.869 E.03481
G1 X126.31 Y108.722 E.01561
M73 P19 R18
G1 X125.874 Y108.829 E.0152
G1 X125 Y109.194 E.03206
G1 X124.563 Y109.487 E.01781
G1 X124.037 Y110.002 E.02492
G1 X120.393 Y110.002 E.12335
G1 X120.195 Y109.8 E.00957
M73 Q19 S18
G1 X119.998 Y109.38 E.0157
G1 X119.998 Y108.2 E.03994
G1 X120.195 Y108.266 E.00703
G1 X120.632 Y108.16 E.01522
G1 X121.506 Y107.795 E.03206
G1 X121.943 Y107.502 E.01781
G1 X122.379 Y107.05 E.02126
G1 X122.816 Y106.306 E.02921
G1 X123.253 Y105.375 E.03481
G1 X123.69 Y105.228 E.01561
G1 X124.126 Y105.334 E.01519
G1 X125 Y105.699 E.03206
G1 X125.437 Y105.992 E.01781
G1 X125.874 Y106.444 E.02128
G1 X126.31 Y107.189 E.02922
G1 X126.747 Y108.119 E.03478
G1 X127.184 Y108.266 E.01561
G1 X127.621 Y108.16 E.01522
G1 X128.494 Y107.795 E.03203
G1 X128.931 Y107.502 E.01781
G1 X129.368 Y107.05 E.02128
G1 X130.002 Y105.886 E.04487
G1 X130.002 Y104.705 E.03998
G1 X129.805 Y104.772 E.00704
G1 X129.368 Y104.666 E.01522
G1 X128.494 Y104.301 E.03206
G1 X128.057 Y104.008 E.01781
G1 X127.621 Y103.556 E.02126
G1 X127.184 Y102.811 E.02924
G1 X126.747 Y101.881 E.03478
G1 X126.31 Y101.734 E.01561
G1 X125.874 Y101.84 E.01519
G1 X125 Y102.205 E.03206
G1 X124.563 Y102.498 E.01781
G1 X124.126 Y102.95 E.02128
G1 X123.69 Y103.694 E.02919
G1 X123.253 Y104.625 E.03481
G1 X122.816 Y104.772 E.01561
G1 X122.379 Y104.666 E.01522
G1 X121.506 Y104.301 E.03203
G1 X121.069 Y104.008 E.01781
G1 X120.632 Y103.556 E.02128
G1 X119.998 Y102.392 E.04487
G1 X119.998 Y101.211 E.03998
G1 X120.195 Y101.278 E.00704
G1 X120.632 Y101.171 E.01523
G1 X121.506 Y100.806 E.03206
G1 X121.943 Y100.513 E.01781
G1 X122.416 Y99.998 E.02367
G1 X126.192 Y99.998 E.12781
G1 X126.747 Y101.131 E.0427
G1 X127.184 Y101.278 E.01561
G1 X127.621 Y101.171 E.01523
G1 X128.494 Y100.806 E.03203
G1 X128.931 Y100.513 E.01781
G1 X129.405 Y99.998 E.02369
G1 X130.002 Y99.998 E.02021
G1 X130.002 Y101.902 E.06445
;LAYER_CHANGE
;Z:4.6
;HEIGHT:0.2
;BEFORE_LAYER_CHANGE
G92 E0.0
;4.6


;WIPE_START
G1 F8640
G1 X130.002 Y99.998 E-.43964
G1 X129.405 Y99.998 E-.13785
G1 X128.931 Y100.513 E-.16162
G1 X128.712 Y100.66 E-.06089
;WIPE_END
G1 Z4.6 F720
;AFTER_LAYER_CHANGE
;4.6
G1 Z5
G1 X119.632 Y110.368 F10800
G1 Z4.6 F720
G1 E.8 F2100
M204 S800
;TYPE:Perimeter
;WIDTH:0.449999
G1 F900
G1 X119.632 Y99.632 E.3634
G1 X130.368 Y99.632 E.3634
G1 X130.368 Y110.368 E.3634
G1 X119.692 Y110.368 E.36137
M204 S1000
G1 X119.225 Y110.775 F10800
M204 S800
;TYPE:External perimeter
G1 F900
G1 X119.225 Y99.225 E.39095
G1 X130.775 Y99.225 E.39095
G1 X130.775 Y110.775 E.39095
G1 X119.285 Y110.775 E.38892
M204 S1000
;WIPE_START
G1 F8640
G1 X119.225 Y110.775 E-.01385
G1 X119.225 Y107.37 E-.78615
;WIPE_END
G1 Z5 F720
G1 X129.851 Y110.002 F10800
G1 Z4.6 F720
G1 E.8 F2100
;TYPE:Internal infill
;WIDTH:0.45
G1 F900
G1 X127.351 Y110.002 E.08462
G1 X126.31 Y109.122 E.04614
G1 X125.874 Y109.062 E.0149
G1 X125 Y109.27 E.03041
G1 X124.563 Y109.501 E.01673
G1 X124.126 Y109.861 E.01916
G1 X123.808 Y110.002 E.01177
G1 X120.363 Y110.002 E.11661
G1 X119.998 Y109.671 E.01668
G1 X119.998 Y107.717 E.06614
G1 X120.195 Y107.867 E.00838
G1 X120.632 Y107.926 E.01493
G1 X121.506 Y107.718 E.03041
G1 X121.943 Y107.488 E.01672
G1 X122.379 Y107.127 E.01916
G1 X123.253 Y105.96 E.04935
G1 X123.69 Y105.628 E.01858
G1 X124.126 Y105.568 E.0149
G1 X125 Y105.776 E.03041
G1 X125.437 Y106.006 E.01672
G1 X125.874 Y106.367 E.01919
G1 X126.747 Y107.535 E.04936
G1 X127.184 Y107.867 E.01858
G1 X127.621 Y107.926 E.01493
G1 X128.494 Y107.718 E.03038
G1 X128.931 Y107.488 E.01672
G1 X129.368 Y107.127 E.01919
G1 X130.002 Y106.28 E.03581
G1 X130.002 Y104.223 E.06963
G1 X129.805 Y104.372 E.00836
G1 X129.368 Y104.432 E.01493
G1 X128.494 Y104.224 E.03041
G1 X128.057 Y103.994 E.01672
G1 X127.621 Y103.633 E.01916
G1 X126.747 Y102.465 E.04938
G1 X126.31 Y102.133 E.01858
G1 X125.874 Y102.074 E.01489
G1 X125 Y102.282 E.03041
G1 X124.563 Y102.512 E.01672
G1 X124.126 Y102.873 E.01919
G1 X123.253 Y104.04 E.04933
G1 X122.816 Y104.372 E.01858
G1 X122.379 Y104.432 E.01493
G1 X121.506 Y104.224 E.03038
G1 X121.069 Y103.994 E.01672
G1 X120.632 Y103.633 E.01919
G1 X119.998 Y102.786 E.03581
G1 X119.998 Y100.728 E.06966
G1 X120.195 Y100.878 E.00838
G1 X120.632 Y100.938 E.01493
G1 X121.506 Y100.73 E.03041
G1 X121.943 Y100.499 E.01673
G1 X122.484 Y99.998 E.02496
G1 X126.337 Y99.998 E.13042
G1 X126.747 Y100.546 E.02317
G1 X127.184 Y100.878 E.01858
G1 X127.621 Y100.938 E.01493
M73 Q20 S18
G1 X128.494 Y100.73 E.03038
G1 X128.931 Y100.499 E.01673
M73 P20 R18
G1 X129.473 Y99.998 E.02498
G1 X130.002 Y99.998 E.01791
G1 X130.002 Y101.97 E.06675
;LAYER_CHANGE
;Z:4.8
;HEIGHT:0.2
;BEFORE_LAYER_CHANGE
G92 E0.0
;4.8


;WIPE_START
G1 F8640
G1 X130.002 Y99.998 E-.45534
G1 X129.473 Y99.998 E-.12215
G1 X128.931 Y100.499 E-.17043
G1 X128.732 Y100.604 E-.05208
;WIPE_END
G1 Z4.8 F720
;AFTER_LAYER_CHANGE
;4.8
G1 Z5.2
G1 X119.632 Y110.368 F10800
G1 Z4.8 F720
G1 E.8 F2100
M204 S800
;TYPE:Perimeter
;WIDTH:0.449999
G1 F900
G1 X119.632 Y99.632 E.3634
G1 X130.368 Y99.632 E.3634
G1 X130.368 Y110.368 E.3634
G1 X119.692 Y110.368 E.36137
M204 S1000
G1 X119.225 Y110.775 F10800
M204 S800
;TYPE:External perimeter
G1 F900
G1 X119.225 Y99.225 E.39095
G1 X130.775 Y99.225 E.39095
G1 X130.775 Y110.775 E.39095
G1 X119.285 Y110.775 E.38892
M204 S1000
;WIPE_START
G1 F8640
G1 X119.225 Y110.775 E-.01385
G1 X119.225 Y107.37 E-.78615
;WIPE_END
G1 Z5.2 F720
G1 X129.681 Y110.002 F10800
G1 Z4.8 F720
G1 E.8 F2100
;TYPE:Internal infill
;WIDTH:0.45
G1 F900
G1 X127.181 Y110.002 E.08462
G1 X126.747 Y109.76 E.01682
G1 X126.31 Y109.397 E.01923
G1 X125.874 Y109.25 E.01557
G1 X125 Y109.323 E.02969
G1 X124.563 Y109.493 E.01587
G1 X123.709 Y110.002 E.03365
G1 X119.998 Y110.002 E.12561
G1 X119.998 Y107.427 E.08716
G1 X120.195 Y107.591 E.00868
G1 X120.632 Y107.739 E.01562
G1 X121.506 Y107.666 E.02969
G1 X121.943 Y107.495 E.01588
G1 X122.379 Y107.211 E.01761
G1 X123.253 Y106.266 E.04357
G1 X123.69 Y105.903 E.01923
G1 X124.126 Y105.756 E.01557
G1 X125 Y105.829 E.02969
G1 X125.437 Y105.999 E.01587
G1 X125.874 Y106.284 E.01766
G1 X126.747 Y107.228 E.04352
G1 X127.184 Y107.591 E.01923
G1 X127.621 Y107.739 E.01562
G1 X128.494 Y107.666 E.02965
G1 X128.931 Y107.495 E.01588
G1 X129.368 Y107.211 E.01764
G1 X130.002 Y106.525 E.03162
G1 X130.002 Y103.933 E.08774
G1 X129.805 Y104.097 E.00868
G1 X129.368 Y104.244 E.01561
G1 X128.494 Y104.171 E.02969
G1 X128.057 Y104.001 E.01587
G1 X127.621 Y103.716 E.01763
G1 X126.747 Y102.772 E.04355
G1 X126.31 Y102.409 E.01923
G1 X125.874 Y102.261 E.01559
G1 X125 Y102.334 E.02969
G1 X124.563 Y102.505 E.01588
G1 X124.126 Y102.789 E.01764
G1 X123.253 Y103.734 E.04355
G1 X122.816 Y104.097 E.01923
G1 X122.379 Y104.244 E.01561
G1 X121.506 Y104.171 E.02965
G1 X121.069 Y104.001 E.01587
G1 X120.632 Y103.716 E.01766
G1 X119.998 Y103.031 E.03159
G1 X119.998 Y100.439 E.08774
G1 X120.195 Y100.603 E.00868
G1 X120.632 Y100.75 E.01561
G1 X121.506 Y100.677 E.02969
G1 X121.943 Y100.507 E.01587
G1 X122.379 Y100.222 E.01763
G1 X122.586 Y99.998 E.01032
G1 X126.524 Y99.998 E.1333
G1 X127.184 Y100.603 E.03031
G1 X127.621 Y100.75 E.01561
G1 X128.494 Y100.677 E.02965
G1 X128.931 Y100.507 E.01587
G1 X129.368 Y100.222 E.01766
G1 X129.575 Y99.998 E.01032
G1 X130.002 Y99.998 E.01445
G1 X130.002 Y102.072 E.0702
;LAYER_CHANGE
;Z:5
;HEIGHT:0.2
;BEFORE_LAYER_CHANGE
G92 E0.0
;5


;WIPE_START
G1 F8640
G1 X130.002 Y99.998 E-.47889
G1 X129.575 Y99.998 E-.0986
G1 X129.368 Y100.222 E-.07043
G1 X128.931 Y100.507 E-.12047
G1 X128.803 Y100.557 E-.03161
;WIPE_END
G1 Z5 F720
;AFTER_LAYER_CHANGE
;5
G1 Z5.4
G1 X119.632 Y110.368 F10800
G1 Z5 F720
G1 E.8 F2100
M204 S800
;TYPE:Perimeter
;WIDTH:0.449999
G1 F900
G1 X119.632 Y99.632 E.3634
G1 X130.368 Y99.632 E.3634
G1 X130.368 Y110.368 E.3634
G1 X119.692 Y110.368 E.36137
M204 S1000
G1 X119.225 Y110.775 F10800
M73 P21 R18
M73 Q21 S18
M204 S800
;TYPE:External perimeter
G1 F900
G1 X119.225 Y99.225 E.39095
G1 X130.775 Y99.225 E.39095
G1 X130.775 Y110.775 E.39095
G1 X119.285 Y110.775 E.38892
M204 S1000
;WIPE_START
G1 F8640
G1 X119.225 Y110.775 E-.01385
G1 X119.225 Y107.37 E-.78615
;WIPE_END
G1 Z5.4 F720
G1 X129.26 Y110.002 F10800
G1 Z5 F720
G1 E.8 F2100
;TYPE:Internal infill
;WIDTH:0.45
G1 F900
G1 X126.76 Y110.002 E.08462
G1 X126.31 Y109.614 E.02011
G1 X125.874 Y109.403 E.0164
G1 X125.437 Y109.33 E.015
G1 X125 Y109.355 E.01482
G1 X124.563 Y109.467 E.01527
G1 X124.126 Y109.685 E.01653
G1 X123.735 Y110.002 E.01704
G1 X119.998 Y110.002 E.12649
G1 X119.998 Y107.203 E.09474
G1 X120.195 Y107.375 E.00885
G1 X120.632 Y107.585 E.01641
G1 X121.069 Y107.658 E.015
G1 X121.506 Y107.634 E.01481
G1 X121.943 Y107.522 E.01527
G1 X122.379 Y107.303 E.01652
G1 X123.69 Y106.12 E.05977
G1 X124.126 Y105.909 E.0164
G1 X124.563 Y105.836 E.015
G1 X125 Y105.86 E.01481
G1 X125.437 Y105.973 E.01528
G1 X125.874 Y106.191 E.01653
G1 X127.184 Y107.375 E.05977
G1 X127.621 Y107.585 E.01641
G1 X128.057 Y107.658 E.01496
G1 X128.494 Y107.634 E.01481
G1 X128.931 Y107.522 E.01527
G1 X129.368 Y107.303 E.01655
G1 X130.002 Y106.747 E.02854
G1 X130.002 Y103.709 E.10283
G1 X129.805 Y103.88 E.00883
G1 X129.368 Y104.091 E.01643
G1 X128.931 Y104.164 E.015
G1 X128.494 Y104.14 E.01481
G1 X128.057 Y104.027 E.01528
G1 X127.621 Y103.809 E.0165
G1 X126.31 Y102.625 E.05979
G1 X125.874 Y102.415 E.01638
G1 X125.437 Y102.342 E.015
G1 X125 Y102.366 E.01481
G1 X124.563 Y102.478 E.01527
G1 X124.126 Y102.697 E.01655
G1 X122.816 Y103.88 E.05975
G1 X122.379 Y104.091 E.01643
G1 X121.943 Y104.164 E.01496
G1 X121.506 Y104.14 E.01481
G1 X121.069 Y104.027 E.01528
G1 X120.632 Y103.809 E.01653
G1 X119.998 Y103.253 E.02854
G1 X119.998 Y100.215 E.10283
G1 X120.195 Y100.386 E.00883
G1 X120.632 Y100.597 E.01643
G1 X121.069 Y100.67 E.015
G1 X121.506 Y100.645 E.01482
G1 X121.943 Y100.533 E.01527
G1 X122.379 Y100.315 E.0165
G1 X122.771 Y99.998 E.01706
G1 X126.74 Y99.998 E.13435
G1 X127.184 Y100.386 E.01996
G1 X127.621 Y100.597 E.01643
G1 X128.057 Y100.67 E.01496
G1 X128.494 Y100.645 E.01482
G1 X128.931 Y100.533 E.01527
G1 X129.368 Y100.315 E.01653
G1 X129.759 Y99.998 E.01704
G1 X130.002 Y99.998 E.00823
G1 X130.002 Y102.256 E.07643
;LAYER_CHANGE
;Z:5.2
;HEIGHT:0.2
;BEFORE_LAYER_CHANGE
G92 E0.0
;5.2


;WIPE_START
G1 F8640
G1 X130.002 Y99.998 E-.52138
G1 X129.759 Y99.998 E-.05611
G1 X129.368 Y100.315 E-.11623
G1 X128.956 Y100.521 E-.10628
;WIPE_END
G1 Z5.2 F720
;AFTER_LAYER_CHANGE
;5.2
G1 Z5.6
G1 X119.632 Y110.368 F10800
G1 Z5.2 F720
G1 E.8 F2100
M204 S800
;TYPE:Perimeter
;WIDTH:0.449999
G1 F900
G1 X119.632 Y99.632 E.3634
G1 X130.368 Y99.632 E.3634
G1 X130.368 Y110.368 E.3634
G1 X119.692 Y110.368 E.36137
M204 S1000
G1 X119.225 Y110.775 F10800
M204 S800
;TYPE:External perimeter
G1 F900
G1 X119.225 Y99.225 E.39095
G1 X130.775 Y99.225 E.39095
G1 X130.775 Y110.775 E.39095
G1 X119.285 Y110.775 E.38892
M204 S1000
;WIPE_START
G1 F8640
M73 P22 R18
M73 Q22 S18
G1 X119.225 Y110.775 E-.01385
G1 X119.225 Y107.37 E-.78615
;WIPE_END
G1 Z5.6 F720
G1 X129.031 Y110.002 F10800
G1 Z5.2 F720
G1 E.8 F2100
;TYPE:Internal infill
;WIDTH:0.45
G1 F900
G1 X126.531 Y110.002 E.08462
G1 X125.874 Y109.533 E.02732
G1 X125.437 Y109.4 E.01546
G1 X125 Y109.367 E.01483
G1 X124.563 Y109.423 E.01491
G1 X124.126 Y109.58 E.01572
G1 X123.537 Y110.002 E.02453
G1 X119.998 Y110.002 E.11979
G1 X119.998 Y107.009 E.10131
G1 X120.632 Y107.456 E.02626
G1 X121.069 Y107.589 E.01546
G1 X121.506 Y107.621 E.01483
G1 X121.943 Y107.565 E.01491
G1 X122.379 Y107.408 E.01569
G1 X122.816 Y107.118 E.01775
G1 X123.69 Y106.305 E.0404
G1 X124.126 Y106.038 E.01731
G1 X124.563 Y105.906 E.01545
G1 X125 Y105.873 E.01483
G1 X125.437 Y105.929 E.01491
G1 X125.874 Y106.086 E.01572
G1 X126.31 Y106.376 E.01772
G1 X127.184 Y107.19 E.04043
G1 X127.621 Y107.456 E.01732
G1 X128.057 Y107.589 E.01543
G1 X128.494 Y107.621 E.01483
G1 X128.931 Y107.565 E.01491
G1 X129.368 Y107.408 E.01572
G1 X130.002 Y106.932 E.02684
G1 X130.002 Y103.514 E.1157
G1 X129.368 Y103.962 E.02628
G1 X128.931 Y104.094 E.01545
G1 X128.494 Y104.127 E.01483
G1 X128.057 Y104.071 E.01491
G1 X127.621 Y103.914 E.01569
G1 X127.184 Y103.624 E.01775
G1 X126.31 Y102.81 E.04043
G1 X125.874 Y102.544 E.01729
G1 X125.437 Y102.411 E.01546
G1 X125 Y102.379 E.01483
G1 X124.563 Y102.435 E.01491
G1 X124.126 Y102.592 E.01572
G1 X123.69 Y102.882 E.01772
G1 X122.816 Y103.695 E.0404
G1 X122.379 Y103.962 E.01733
G1 X121.943 Y104.094 E.01542
G1 X121.506 Y104.127 E.01483
G1 X121.069 Y104.071 E.01491
G1 X120.632 Y103.914 E.01572
G1 X120.195 Y103.624 E.01775
G1 X119.998 Y103.438 E.00917
G1 X119.998 Y100.02 E.1157
G1 X120.632 Y100.467 E.02626
G1 X121.069 Y100.6 E.01546
G1 X121.506 Y100.633 E.01483
G1 X121.943 Y100.577 E.01491
G1 X122.379 Y100.42 E.01569
G1 X122.955 Y99.998 E.02417
G1 X126.963 Y99.998 E.13567
G1 X127.621 Y100.467 E.02735
G1 X128.057 Y100.6 E.01543
G1 X128.494 Y100.633 E.01483
G1 X128.931 Y100.577 E.01491
G1 X129.368 Y100.42 E.01572
G1 X130.002 Y99.998 E.02578
G1 X130.002 Y102.441 E.08269
;LAYER_CHANGE
;Z:5.4
;HEIGHT:0.2
;BEFORE_LAYER_CHANGE
G92 E0.0
;5.4


;WIPE_START
G1 F8640
G1 X130.002 Y99.998 E-.5641
G1 X129.368 Y100.42 E-.17586
G1 X129.123 Y100.508 E-.06004
;WIPE_END
G1 Z5.4 F720
;AFTER_LAYER_CHANGE
;5.4
G1 Z5.8
G1 X119.632 Y110.368 F10800
G1 Z5.4 F720
G1 E.8 F2100
M204 S800
;TYPE:Perimeter
;WIDTH:0.449999
G1 F900
G1 X119.632 Y99.632 E.3634
G1 X130.368 Y99.632 E.3634
G1 X130.368 Y110.368 E.3634
G1 X119.692 Y110.368 E.36137
M204 S1000
G1 X119.225 Y110.775 F10800
M204 S800
;TYPE:External perimeter
G1 F900
G1 X119.225 Y99.225 E.39095
G1 X130.775 Y99.225 E.39095
G1 X130.775 Y110.775 E.39095
G1 X119.285 Y110.775 E.38892
M204 S1000
;WIPE_START
G1 F8640
G1 X119.225 Y110.775 E-.01385
G1 X119.225 Y107.37 E-.78615
;WIPE_END
G1 Z5.8 F720
G1 X120.842 Y110.002 F10800
G1 Z5.4 F720
G1 E.8 F2100
;TYPE:Internal infill
;WIDTH:0.45
G1 F900
G1 X123.342 Y110.002 E.08462
G1 X123.69 Y109.693 E.01575
G1 X124.126 Y109.459 E.01675
G1 X124.563 Y109.361 E.01516
G1 X125 Y109.362 E.01479
G1 X125.437 Y109.451 E.0151
G1 X125.874 Y109.643 E.01616
G1 X126.362 Y110.002 E.02051
G1 X130.002 Y110.002 E.12321
G1 X130.002 Y107.12 E.09755
G1 X129.805 Y107.295 E.00892
G1 X129.368 Y107.529 E.01678
G1 X128.931 Y107.627 E.01516
G1 X128.494 Y107.626 E.01479
G1 X128.057 Y107.538 E.01509
G1 X127.621 Y107.345 E.01614
G1 X127.184 Y107.019 E.01845
G1 X126.31 Y106.199 E.04057
G1 X125.874 Y105.965 E.01675
G1 X125.437 Y105.867 E.01516
G1 X125 Y105.868 E.01479
G1 X124.563 Y105.957 E.0151
G1 X124.126 Y106.149 E.01616
G1 X123.69 Y106.475 E.01843
G1 X122.816 Y107.295 E.04057
G1 X122.379 Y107.529 E.01678
G1 X121.943 Y107.627 E.01513
G1 X121.506 Y107.626 E.01479
G1 X121.069 Y107.538 E.01509
G1 X120.632 Y107.345 E.01617
G1 X119.998 Y106.824 E.02778
G1 X119.998 Y103.626 E.10825
G1 X120.195 Y103.801 E.00892
G1 X120.632 Y104.035 E.01678
G1 X121.069 Y104.133 E.01516
G1 X121.506 Y104.132 E.01479
G1 X121.943 Y104.043 E.0151
G1 X122.379 Y103.851 E.01613
G1 X122.816 Y103.525 E.01845
G1 X123.69 Y102.705 E.04057
G1 X124.126 Y102.471 E.01675
G1 X124.563 Y102.373 E.01516
G1 X125 Y102.374 E.01479
G1 X125.437 Y102.462 E.01509
G1 X125.874 Y102.655 E.01617
G1 X126.31 Y102.981 E.01843
G1 X127.184 Y103.801 E.04057
G1 X127.621 Y104.035 E.01678
G1 X128.057 Y104.133 E.01513
G1 X128.494 Y104.132 E.01479
G1 X128.931 Y104.043 E.0151
G1 X129.368 Y103.851 E.01616
G1 X130.002 Y103.33 E.02778
G1 X130.002 Y100.132 E.10825
G1 X129.805 Y100.307 E.00892
M73 P23 R18
M73 Q23 S18
G1 X129.368 Y100.541 E.01678
G1 X128.931 Y100.639 E.01516
G1 X128.494 Y100.638 E.01479
G1 X128.057 Y100.549 E.0151
G1 X127.621 Y100.357 E.01613
G1 X127.151 Y99.998 E.02002
G1 X123.164 Y99.998 E.13496
G1 X122.816 Y100.307 E.01575
G1 X122.379 Y100.541 E.01678
G1 X121.943 Y100.639 E.01513
G1 X121.506 Y100.638 E.01479
G1 X121.069 Y100.549 E.0151
G1 X120.632 Y100.357 E.01616
G1 X120.163 Y99.998 E.01999
G1 X119.998 Y99.998 E.00559
G1 X119.998 Y102.334 E.07907
;LAYER_CHANGE
;Z:5.6
;HEIGHT:0.2
;BEFORE_LAYER_CHANGE
G92 E0.0
;5.6


;WIPE_START
G1 F8640
G1 X119.998 Y99.998 E-.53939
G1 X120.163 Y99.998 E-.0381
G1 X120.632 Y100.357 E-.13638
G1 X120.974 Y100.507 E-.08613
;WIPE_END
G1 Z5.6 F720
;AFTER_LAYER_CHANGE
;5.6
G1 Z6
G1 X119.632 Y110.368 F10800
G1 Z5.6 F720
G1 E.8 F2100
M204 S800
;TYPE:Perimeter
;WIDTH:0.449999
G1 F900
G1 X119.632 Y99.632 E.3634
G1 X130.368 Y99.632 E.3634
G1 X130.368 Y110.368 E.3634
M73 P23 R17
G1 X119.692 Y110.368 E.36137
M204 S1000
G1 X119.225 Y110.775 F10800
M73 Q23 S17
M204 S800
;TYPE:External perimeter
G1 F900
G1 X119.225 Y99.225 E.39095
G1 X130.775 Y99.225 E.39095
G1 X130.775 Y110.775 E.39095
G1 X119.285 Y110.775 E.38892
M204 S1000
;WIPE_START
G1 F8640
G1 X119.225 Y110.775 E-.01385
G1 X119.225 Y107.37 E-.78615
;WIPE_END
G1 Z6 F720
G1 X120.436 Y110.002 F10800
G1 Z5.6 F720
G1 E.8 F2100
;TYPE:Internal infill
;WIDTH:0.45
G1 F900
G1 X122.936 Y110.002 E.08462
G1 X123.253 Y109.862 E.01173
G1 X123.69 Y109.492 E.01938
G1 X124.126 Y109.317 E.0159
G1 X124.563 Y109.28 E.01484
G1 X125 Y109.338 E.01492
G1 X125.437 Y109.484 E.0156
G1 X126.324 Y110.002 E.03477
G1 X130.002 Y110.002 E.1245
G1 X130.002 Y107.329 E.09048
G1 X129.805 Y107.497 E.00876
G1 X129.368 Y107.672 E.01593
G1 X128.931 Y107.708 E.01484
G1 X128.494 Y107.65 E.01492
G1 X128.057 Y107.504 E.0156
G1 X127.621 Y107.248 E.01711
G1 X126.31 Y105.998 E.06131
G1 X125.874 Y105.823 E.0159
G1 X125.437 Y105.786 E.01484
G1 X125 Y105.844 E.01492
G1 X124.563 Y105.99 E.0156
G1 X124.126 Y106.247 E.01716
G1 X122.816 Y107.497 E.06129
G1 X122.379 Y107.672 E.01593
G1 X121.943 Y107.708 E.01481
G1 X121.506 Y107.65 E.01492
G1 X121.069 Y107.504 E.0156
G1 X120.632 Y107.248 E.01714
G1 X119.998 Y106.61 E.03045
G1 X119.998 Y103.835 E.09393
G1 X120.195 Y104.002 E.00874
G1 X120.632 Y104.177 E.01593
G1 X121.069 Y104.214 E.01484
G1 X121.506 Y104.156 E.01492
G1 X121.943 Y104.01 E.0156
G1 X122.379 Y103.753 E.01713
G1 X123.69 Y102.503 E.06131
G1 X124.126 Y102.328 E.0159
G1 X124.563 Y102.292 E.01484
G1 X125 Y102.35 E.01492
G1 X125.437 Y102.496 E.0156
G1 X125.874 Y102.752 E.01714
G1 X127.184 Y104.002 E.06129
G1 X127.621 Y104.177 E.01593
G1 X128.057 Y104.214 E.01481
G1 X128.494 Y104.156 E.01492
G1 X128.931 Y104.01 E.0156
G1 X129.368 Y103.753 E.01716
G1 X130.002 Y103.115 E.03045
G1 X130.002 Y100.341 E.0939
G1 X129.805 Y100.508 E.00874
G1 X129.368 Y100.683 E.01593
G1 X128.931 Y100.72 E.01484
G1 X128.494 Y100.662 E.01492
G1 X128.057 Y100.516 E.0156
G1 X127.621 Y100.259 E.01713
G1 X127.362 Y99.998 E.01245
G1 X123.391 Y99.998 E.13441
G1 X122.816 Y100.508 E.02602
G1 X122.379 Y100.683 E.01593
G1 X121.943 Y100.72 E.01481
G1 X121.506 Y100.662 E.01492
G1 X121.069 Y100.516 E.0156
G1 X120.632 Y100.259 E.01716
G1 X120.373 Y99.998 E.01245
G1 X119.998 Y99.998 E.01269
G1 X119.998 Y102.124 E.07196
;LAYER_CHANGE
;Z:5.8
;HEIGHT:0.2
;BEFORE_LAYER_CHANGE
G92 E0.0
;5.8


;WIPE_START
G1 F8640
G1 X119.998 Y99.998 E-.4909
G1 X120.373 Y99.998 E-.08659
G1 X120.632 Y100.259 E-.0849
G1 X121.069 Y100.516 E-.11706
G1 X121.153 Y100.544 E-.02055
;WIPE_END
G1 Z5.8 F720
;AFTER_LAYER_CHANGE
;5.8
G1 Z6.2
G1 X119.632 Y110.368 F10800
G1 Z5.8 F720
G1 E.8 F2100
M204 S800
;TYPE:Perimeter
;WIDTH:0.449999
G1 F900
G1 X119.632 Y99.632 E.3634
G1 X130.368 Y99.632 E.3634
G1 X130.368 Y110.368 E.3634
G1 X119.692 Y110.368 E.36137
M73 P24 R17
M73 Q24 S17
M204 S1000
G1 X119.225 Y110.775 F10800
M204 S800
;TYPE:External perimeter
G1 F900
G1 X119.225 Y99.225 E.39095
G1 X130.775 Y99.225 E.39095
G1 X130.775 Y110.775 E.39095
G1 X119.285 Y110.775 E.38892
M204 S1000
;WIPE_START
G1 F8640
G1 X119.225 Y110.775 E-.01385
G1 X119.225 Y107.37 E-.78615
;WIPE_END
G1 Z6.2 F720
G1 X120.207 Y110.002 F10800
G1 Z5.8 F720
G1 E.8 F2100
;TYPE:Internal infill
;WIDTH:0.45
G1 F900
G1 X122.707 Y110.002 E.08462
G1 X123.69 Y109.245 E.042
G1 X124.126 Y109.145 E.01514
G1 X125 Y109.295 E.03002
G1 X125.437 Y109.5 E.01634
G1 X125.874 Y109.828 E.01849
G1 X126.236 Y110.002 E.0136
G1 X129.696 Y110.002 E.11712
G1 X130.002 Y109.773 E.01294
G1 X130.002 Y107.586 E.07403
G1 X129.805 Y107.743 E.00853
G1 X129.368 Y107.844 E.01518
G1 X128.494 Y107.694 E.03002
G1 X128.057 Y107.488 E.01635
G1 X127.621 Y107.161 E.01845
G1 X126.747 Y106.1 E.04653
G1 X126.31 Y105.751 E.01893
G1 X125.874 Y105.65 E.01515
G1 X125 Y105.8 E.03002
G1 X124.563 Y106.006 E.01635
G1 X124.126 Y106.334 E.01849
G1 X123.253 Y107.394 E.04648
G1 X122.816 Y107.743 E.01893
G1 X122.379 Y107.844 E.01518
G1 X121.506 Y107.694 E.02998
G1 X121.069 Y107.488 E.01635
G1 X120.632 Y107.161 E.01847
G1 X119.998 Y106.391 E.03376
G1 X119.998 Y104.091 E.07785
G1 X120.195 Y104.249 E.00855
G1 X120.632 Y104.35 E.01518
G1 X121.506 Y104.2 E.03002
G1 X121.943 Y103.994 E.01635
G1 X122.379 Y103.666 E.01847
G1 X123.253 Y102.606 E.0465
G1 X123.69 Y102.257 E.01893
G1 X124.126 Y102.156 E.01515
G1 X125 Y102.306 E.03002
G1 X125.437 Y102.512 E.01635
G1 X125.874 Y102.839 E.01847
G1 X126.747 Y103.9 E.04651
G1 X127.184 Y104.249 E.01893
G1 X127.621 Y104.35 E.01518
G1 X128.494 Y104.2 E.02998
G1 X128.931 Y103.994 E.01635
G1 X129.368 Y103.666 E.01849
G1 X130.002 Y102.897 E.03374
G1 X130.002 Y100.597 E.07785
G1 X129.805 Y100.755 E.00855
G1 X129.368 Y100.855 E.01517
G1 X128.494 Y100.705 E.03002
G1 X128.057 Y100.5 E.01634
G1 X127.621 Y100.172 E.01847
G1 X127.478 Y99.998 E.00762
G1 X123.588 Y99.998 E.13167
G1 X123.253 Y100.406 E.01787
G1 X122.816 Y100.755 E.01893
G1 X122.379 Y100.855 E.01517
G1 X121.506 Y100.705 E.02998
G1 X121.069 Y100.5 E.01634
G1 X120.632 Y100.172 E.01849
G1 X120.489 Y99.998 E.00762
G1 X119.998 Y99.998 E.01662
G1 X119.998 Y102.008 E.06804
;LAYER_CHANGE
;Z:6
;HEIGHT:0.2
;BEFORE_LAYER_CHANGE
G92 E0.0
;6


;WIPE_START
G1 F8640
G1 X119.998 Y99.998 E-.46411
G1 X120.489 Y99.998 E-.11337
G1 X120.632 Y100.172 E-.052
G1 X121.069 Y100.5 E-.12617
G1 X121.243 Y100.582 E-.04435
;WIPE_END
G1 Z6 F720
;AFTER_LAYER_CHANGE
;6
G1 Z6.4
G1 X119.632 Y110.368 F10800
G1 Z6 F720
G1 E.8 F2100
M204 S800
;TYPE:Perimeter
;WIDTH:0.449999
G1 F900
G1 X119.632 Y99.632 E.3634
G1 X130.368 Y99.632 E.3634
G1 X130.368 Y110.368 E.3634
G1 X119.692 Y110.368 E.36137
M204 S1000
G1 X119.225 Y110.775 F10800
M204 S800
;TYPE:External perimeter
G1 F900
G1 X119.225 Y99.225 E.39095
G1 X130.775 Y99.225 E.39095
G1 X130.775 Y110.775 E.39095
G1 X119.285 Y110.775 E.38892
M204 S1000
;WIPE_START
G1 F8640
M73 P25 R17
M73 Q25 S17
G1 X119.225 Y110.775 E-.01385
G1 X119.225 Y107.37 E-.78615
;WIPE_END
G1 Z6.4 F720
G1 X120.217 Y110.002 F10800
G1 Z6 F720
G1 E.8 F2100
;TYPE:Internal infill
;WIDTH:0.45
G1 F900
G1 X122.717 Y110.002 E.08462
G1 X122.816 Y109.93 E.00414
G1 X123.253 Y109.187 E.02918
G1 X123.69 Y108.911 E.0175
G1 X124.126 Y108.932 E.01478
G1 X125 Y109.228 E.03123
G1 X125.437 Y109.495 E.01733
G1 X125.995 Y110.002 E.02552
G1 X129.705 Y110.002 E.12558
G1 X129.805 Y109.93 E.00417
G1 X130.002 Y109.595 E.01315
G1 X130.002 Y107.953 E.05558
G1 X129.805 Y108.078 E.0079
G1 X129.368 Y108.057 E.01481
G1 X128.494 Y107.76 E.03125
G1 X128.057 Y107.493 E.01733
G1 X127.621 Y107.081 E.0203
G1 X126.747 Y105.693 E.05552
G1 X126.31 Y105.417 E.0175
G1 X125.874 Y105.438 E.01478
G1 X125 Y105.734 E.03123
G1 X124.563 Y106.001 E.01733
G1 X124.126 Y106.413 E.02033
G1 X123.253 Y107.801 E.0555
G1 X122.816 Y108.078 E.01751
G1 X122.379 Y108.057 E.01481
G1 X121.506 Y107.76 E.03121
G1 X121.069 Y107.493 E.01733
G1 X120.632 Y107.081 E.02033
G1 X120.195 Y106.435 E.0264
G1 X119.998 Y106.1 E.01315
G1 X119.998 Y104.459 E.05555
G1 X120.195 Y104.584 E.0079
G1 X120.632 Y104.562 E.01481
G1 X121.506 Y104.266 E.03123
G1 X121.943 Y103.999 E.01733
G1 X122.379 Y103.587 E.0203
G1 X123.253 Y102.199 E.05552
G1 X123.69 Y101.922 E.01751
G1 X124.126 Y101.943 E.01478
G1 X125 Y102.24 E.03125
G1 X125.437 Y102.507 E.01733
G1 X125.874 Y102.919 E.02033
G1 X126.747 Y104.307 E.0555
G1 X127.184 Y104.584 E.01751
G1 X127.621 Y104.562 E.01481
G1 X128.494 Y104.266 E.0312
G1 X128.931 Y103.999 E.01733
G1 X129.368 Y103.587 E.02033
G1 X130.002 Y102.606 E.03954
G1 X130.002 Y100.965 E.05555
G1 X129.805 Y101.089 E.00788
G1 X129.368 Y101.068 E.01481
G1 X128.494 Y100.772 E.03123
G1 X128.057 Y100.505 E.01733
G1 X127.557 Y99.998 E.0241
G1 X123.738 Y99.998 E.12927
G1 X123.253 Y100.813 E.0321
G1 X122.816 Y101.089 E.0175
G1 X122.379 Y101.068 E.01481
G1 X121.506 Y100.772 E.0312
G1 X121.069 Y100.505 E.01733
G1 X120.568 Y99.998 E.02413
G1 X119.998 Y99.998 E.01929
G1 X119.998 Y101.928 E.06533
;LAYER_CHANGE
;Z:6.2
;HEIGHT:0.2
;BEFORE_LAYER_CHANGE
G92 E0.0
;6.2


;WIPE_START
G1 F8640
G1 X119.998 Y99.998 E-.44564
G1 X120.568 Y99.998 E-.13161
G1 X121.069 Y100.505 E-.16458
G1 X121.284 Y100.636 E-.05817
;WIPE_END
G1 Z6.2 F720
;AFTER_LAYER_CHANGE
;6.2
G1 Z6.6
G1 X119.632 Y110.368 F10800
G1 Z6.2 F720
G1 E.8 F2100
M204 S800
;TYPE:Perimeter
;WIDTH:0.449999
G1 F900
G1 X119.632 Y99.632 E.3634
G1 X130.368 Y99.632 E.3634
G1 X130.368 Y110.368 E.3634
G1 X119.692 Y110.368 E.36137
M204 S1000
G1 X119.225 Y110.775 F10800
M204 S800
;TYPE:External perimeter
G1 F900
G1 X119.225 Y99.225 E.39095
G1 X130.775 Y99.225 E.39095
G1 X130.775 Y110.775 E.39095
G1 X119.285 Y110.775 E.38892
M204 S1000
;WIPE_START
G1 F8640
G1 X119.225 Y110.775 E-.01385
G1 X119.225 Y107.37 E-.78615
;WIPE_END
G1 Z6.6 F720
G1 X120.119 Y110.002 F10800
G1 Z6.2 F720
G1 E.8 F2100
;TYPE:Internal infill
;WIDTH:0.45
G1 F900
G1 X122.619 Y110.002 E.08462
G1 X122.851 Y109.368 E.02285
G1 X122.899 Y108.931 E.01488
G1 X122.652 Y108.494 E.01699
G1 X121.183 Y107.621 E.05784
G1 X120.757 Y107.184 E.02066
G1 X120.481 Y106.747 E.0175
G1 X120.16 Y105.874 E.03148
G1 X120.112 Y105.437 E.01488
G1 X120.36 Y105 E.01701
G1 X121.829 Y104.126 E.05786
G1 X122.254 Y103.69 E.02061
G1 X122.531 Y103.253 E.01751
G1 X122.851 Y102.379 E.0315
G1 X122.899 Y101.943 E.01485
G1 X122.652 Y101.506 E.01699
G1 X121.183 Y100.632 E.05786
G1 X120.633 Y99.998 E.02841
G1 X123.887 Y99.998 E.11014
G1 X123.655 Y100.632 E.02285
G1 X123.607 Y101.069 E.01488
G1 X123.854 Y101.506 E.01699
G1 X125.323 Y102.379 E.05784
G1 X125.749 Y102.816 E.02066
G1 X126.025 Y103.253 E.0175
G1 X126.345 Y104.126 E.03147
G1 X126.393 Y104.563 E.01488
G1 X126.146 Y105 E.01699
G1 X124.677 Y105.874 E.05786
G1 X124.251 Y106.31 E.02063
G1 X123.975 Y106.747 E.0175
G1 X123.655 Y107.621 E.0315
G1 X123.607 Y108.057 E.01485
G1 X123.854 Y108.494 E.01699
G1 X125.323 Y109.368 E.05786
G1 X125.873 Y110.002 E.02841
G1 X129.607 Y110.002 E.12639
G1 X129.84 Y109.368 E.02286
M73 P26 R17
M73 Q26 S17
G1 X129.888 Y108.931 E.01488
G1 X129.64 Y108.494 E.01701
G1 X128.171 Y107.621 E.05784
G1 X127.746 Y107.184 E.02063
G1 X127.469 Y106.747 E.01751
G1 X127.149 Y105.874 E.03147
G1 X127.101 Y105.437 E.01488
G1 X127.348 Y105 E.01699
G1 X128.817 Y104.126 E.05786
G1 X129.243 Y103.69 E.02063
G1 X129.519 Y103.253 E.0175
G1 X129.84 Y102.379 E.03152
G1 X129.888 Y101.943 E.01485
G1 X129.64 Y101.506 E.01701
G1 X128.171 Y100.632 E.05786
G1 X127.621 Y99.998 E.02841
G1 X130.002 Y99.998 E.08059
G1 X130.002 Y100.118 E.00406
;LAYER_CHANGE
;Z:6.4
;HEIGHT:0.2
;BEFORE_LAYER_CHANGE
G92 E0.0
;6.4


;WIPE_START
G1 F8640
G1 X130.002 Y99.998 E-.02771
G1 X127.621 Y99.998 E-.54978
G1 X128.171 Y100.632 E-.1938
G1 X128.278 Y100.696 E-.02871
;WIPE_END
G1 Z6.4 F720
;AFTER_LAYER_CHANGE
;6.4
G1 Z6.8
G1 X119.632 Y110.368 F10800
G1 Z6.4 F720
G1 E.8 F2100
M204 S800
;TYPE:Perimeter
;WIDTH:0.449999
G1 F900
G1 X119.632 Y99.632 E.3634
G1 X130.368 Y99.632 E.3634
G1 X130.368 Y110.368 E.3634
G1 X119.692 Y110.368 E.36137
M204 S1000
G1 X119.225 Y110.775 F10800
M204 S800
;TYPE:External perimeter
G1 F900
G1 X119.225 Y99.225 E.39095
G1 X130.775 Y99.225 E.39095
G1 X130.775 Y110.775 E.39095
G1 X119.285 Y110.775 E.38892
M204 S1000
;WIPE_START
G1 F8640
G1 X119.225 Y110.775 E-.01385
G1 X119.225 Y107.37 E-.78615
;WIPE_END
G1 Z6.8 F720
G1 X120.008 Y110.002 F10800
G1 Z6.4 F720
G1 E.8 F2100
;TYPE:Internal infill
;WIDTH:0.45
G1 F900
G1 X122.508 Y110.002 E.08462
G1 X122.631 Y109.368 E.02186
G1 X122.544 Y108.931 E.01508
G1 X122.2 Y108.494 E.01883
G1 X121.105 Y107.621 E.0474
G1 X120.765 Y107.184 E.01874
G1 X120.551 Y106.747 E.01647
G1 X120.38 Y105.874 E.03011
G1 X120.467 Y105.437 E.01508
G1 X120.811 Y105 E.01883
G1 X121.907 Y104.126 E.04745
G1 X122.246 Y103.69 E.01869
G1 X122.461 Y103.253 E.01649
G1 X122.631 Y102.379 E.03014
G1 X122.544 Y101.943 E.01505
G1 X122.2 Y101.506 E.01883
G1 X121.105 Y100.632 E.04742
G1 X120.668 Y99.998 E.02606
G1 X123.998 Y99.998 E.11272
G1 X123.875 Y100.632 E.02186
G1 X123.962 Y101.069 E.01508
G1 X124.306 Y101.506 E.01883
G1 X125.401 Y102.379 E.0474
G1 X125.741 Y102.816 E.01874
G1 X125.955 Y103.253 E.01647
G1 X126.125 Y104.126 E.03011
G1 X126.038 Y104.563 E.01508
G1 X125.694 Y105 E.01883
G1 X124.599 Y105.874 E.04742
G1 X124.259 Y106.31 E.01871
G1 X124.045 Y106.747 E.01647
G1 X123.875 Y107.621 E.03014
G1 X123.962 Y108.057 E.01505
G1 X124.306 Y108.494 E.01883
G1 X125.401 Y109.368 E.04742
G1 X125.837 Y110.002 E.02604
G1 X129.496 Y110.002 E.12385
G1 X129.62 Y109.368 E.02187
G1 X129.533 Y108.931 E.01508
G1 X129.189 Y108.494 E.01883
G1 X128.093 Y107.621 E.04743
G1 X127.754 Y107.184 E.01872
G1 X127.539 Y106.747 E.01649
G1 X127.369 Y105.874 E.03011
G1 X127.456 Y105.437 E.01508
G1 X127.8 Y105 E.01883
G1 X128.895 Y104.126 E.04742
G1 X129.235 Y103.69 E.01871
G1 X129.449 Y103.253 E.01647
G1 X129.62 Y102.379 E.03014
G1 X129.533 Y101.943 E.01505
G1 X129.189 Y101.506 E.01883
G1 X128.093 Y100.632 E.04745
G1 X127.657 Y99.998 E.02604
G1 X130.002 Y99.998 E.07938
G1 X130.002 Y100.154 E.00528
;LAYER_CHANGE
;Z:6.6
;HEIGHT:0.2
;BEFORE_LAYER_CHANGE
G92 E0.0
;6.6


;WIPE_START
G1 F8640
G1 X130.002 Y99.998 E-.03602
G1 X127.657 Y99.998 E-.54147
G1 X128.093 Y100.632 E-.17767
G1 X128.245 Y100.753 E-.04484
;WIPE_END
G1 Z6.6 F720
;AFTER_LAYER_CHANGE
;6.6
G1 Z7
G1 X119.632 Y110.368 F10800
G1 Z6.6 F720
G1 E.8 F2100
M204 S800
;TYPE:Perimeter
;WIDTH:0.449999
G1 F900
G1 X119.632 Y99.632 E.3634
G1 X130.368 Y99.632 E.3634
G1 X130.368 Y110.368 E.3634
G1 X119.692 Y110.368 E.36137
M73 P27 R17
M73 Q27 S17
M204 S1000
G1 X119.225 Y110.775 F10800
M204 S800
;TYPE:External perimeter
G1 F900
G1 X119.225 Y99.225 E.39095
G1 X130.775 Y99.225 E.39095
G1 X130.775 Y110.775 E.39095
G1 X119.285 Y110.775 E.38892
M204 S1000
;WIPE_START
G1 F8640
G1 X119.225 Y110.775 E-.01385
G1 X119.225 Y107.37 E-.78615
;WIPE_END
G1 Z7 F720
G1 X119.998 Y109.954 F10800
G1 Z6.6 F720
G1 E.8 F2100
;TYPE:Internal infill
;WIDTH:0.45
G1 F900
G1 X119.998 Y110.002 E.00162
G1 X122.451 Y110.002 E.08303
G1 X122.481 Y109.805 E.00675
G1 X122.454 Y109.368 E.01482
G1 X122.288 Y108.931 E.01582
G1 X121.92 Y108.494 E.01934
G1 X121.019 Y107.621 E.04247
G1 X120.752 Y107.184 E.01733
G1 X120.598 Y106.747 E.01568
G1 X120.531 Y106.31 E.01496
G1 X120.558 Y105.874 E.01479
G1 X120.723 Y105.437 E.01581
G1 X121.091 Y105 E.01934
G1 X121.993 Y104.126 E.04251
G1 X122.259 Y103.69 E.01729
G1 X122.414 Y103.253 E.01569
G1 X122.481 Y102.816 E.01496
G1 X122.454 Y102.379 E.01482
G1 X122.288 Y101.943 E.01579
G1 X121.92 Y101.506 E.01934
G1 X121.019 Y100.632 E.04249
G1 X120.683 Y99.998 E.02429
G1 X124.055 Y99.998 E.11414
G1 X124.052 Y100.632 E.02146
G1 X124.217 Y101.069 E.01581
G1 X124.585 Y101.506 E.01934
G1 X125.487 Y102.379 E.04249
G1 X125.753 Y102.816 E.01732
G1 X125.908 Y103.253 E.01569
G1 X125.975 Y103.69 E.01496
G1 X125.948 Y104.126 E.01479
G1 X125.783 Y104.563 E.01581
G1 X125.415 Y105 E.01934
G1 X124.513 Y105.874 E.04251
G1 X124.247 Y106.31 E.01729
G1 X124.092 Y106.747 E.01569
M73 P27 R16
G1 X124.025 Y107.184 E.01496
G1 X124.052 Y107.621 E.01482
G1 X124.217 Y108.057 E.01578
G1 X124.585 Y108.494 E.01934
G1 X125.487 Y109.368 E.04251
G1 X125.823 Y110.002 E.02429
G1 X129.439 Y110.002 E.1224
G1 X129.442 Y109.368 E.02146
G1 X129.277 Y108.931 E.01581
G1 X128.909 Y108.494 E.01934
G1 X128.007 Y107.621 E.04249
G1 X127.741 Y107.184 E.01732
G1 X127.586 Y106.747 E.01569
G1 X127.519 Y106.31 E.01496
G1 X127.546 Y105.874 E.01479
G1 X127.712 Y105.437 E.01582
G1 X128.08 Y105 E.01934
G1 X128.981 Y104.126 E.04249
G1 X129.248 Y103.69 E.01731
G1 X129.402 Y103.253 E.01568
G1 X129.469 Y102.816 E.01496
G1 X129.442 Y102.379 E.01482
G1 X129.277 Y101.943 E.01578
G1 X128.909 Y101.506 E.01934
G1 X128.007 Y100.632 E.04251
G1 X127.671 Y99.998 E.02429
G1 X130.002 Y99.998 E.0789
G1 X130.002 Y100.168 E.00575
;LAYER_CHANGE
;Z:6.8
;HEIGHT:0.2
;BEFORE_LAYER_CHANGE
G92 E0.0
;6.8


;WIPE_START
G1 F8640
G1 X130.002 Y99.998 E-.03925
G1 X127.671 Y99.998 E-.53823
G1 X128.007 Y100.632 E-.16568
G1 X128.184 Y100.803 E-.05684
;WIPE_END
G1 Z6.8 F720
;AFTER_LAYER_CHANGE
;6.8
G1 Z7.2
G1 X119.632 Y110.368 F10800
G1 Z6.8 F720
M73 Q27 S16
G1 E.8 F2100
M204 S800
;TYPE:Perimeter
;WIDTH:0.449999
G1 F900
G1 X119.632 Y99.632 E.3634
G1 X130.368 Y99.632 E.3634
G1 X130.368 Y110.368 E.3634
G1 X119.692 Y110.368 E.36137
M204 S1000
G1 X119.225 Y110.775 F10800
M204 S800
;TYPE:External perimeter
G1 F900
G1 X119.225 Y99.225 E.39095
G1 X130.775 Y99.225 E.39095
G1 X130.775 Y110.775 E.39095
G1 X119.285 Y110.775 E.38892
M204 S1000
;WIPE_START
G1 F8640
M73 P28 R16
M73 Q28 S16
G1 X119.225 Y110.775 E-.01385
G1 X119.225 Y107.37 E-.78615
;WIPE_END
G1 Z7.2 F720
G1 X119.998 Y109.895 F10800
G1 Z6.8 F720
G1 E.8 F2100
;TYPE:Internal infill
;WIDTH:0.45
G1 F900
G1 X119.998 Y110.002 E.00362
G1 X122.392 Y110.002 E.08103
G1 X122.307 Y109.368 E.02165
G1 X122.082 Y108.931 E.01664
G1 X121.258 Y108.057 E.04066
G1 X120.923 Y107.621 E.01861
G1 X120.721 Y107.184 E.0163
G1 X120.624 Y106.747 E.01515
G1 X120.615 Y106.31 E.0148
G1 X120.704 Y105.874 E.01506
G1 X120.929 Y105.437 E.01664
G1 X121.753 Y104.563 E.04066
G1 X122.088 Y104.126 E.01864
G1 X122.29 Y103.69 E.01627
G1 X122.387 Y103.253 E.01515
G1 X122.396 Y102.816 E.0148
G1 X122.307 Y102.379 E.0151
G1 X122.082 Y101.943 E.01661
G1 X121.258 Y101.069 E.04066
G1 X120.923 Y100.632 E.01864
G1 X120.678 Y99.998 E.02301
G1 X124.113 Y99.998 E.11627
G1 X124.198 Y100.632 E.02165
G1 X124.424 Y101.069 E.01665
G1 X125.247 Y101.943 E.04064
G1 X125.583 Y102.379 E.01863
G1 X125.784 Y102.816 E.01628
G1 X125.882 Y103.253 E.01516
G1 X125.891 Y103.69 E.0148
G1 X125.802 Y104.126 E.01506
G1 X125.576 Y104.563 E.01665
G1 X124.753 Y105.437 E.04064
G1 X124.417 Y105.874 E.01866
G1 X124.216 Y106.31 E.01625
G1 X124.118 Y106.747 E.01516
G1 X124.109 Y107.184 E.0148
G1 X124.198 Y107.621 E.0151
G1 X124.424 Y108.057 E.01662
G1 X125.247 Y108.931 E.04064
G1 X125.583 Y109.368 E.01866
G1 X125.828 Y110.002 E.02301
G1 X129.381 Y110.002 E.12026
G1 X129.296 Y109.368 E.02165
G1 X129.071 Y108.931 E.01664
G1 X128.247 Y108.057 E.04066
G1 X127.912 Y107.621 E.01861
G1 X127.71 Y107.184 E.0163
G1 X127.613 Y106.747 E.01515
G1 X127.604 Y106.31 E.0148
G1 X127.693 Y105.874 E.01506
G1 X127.918 Y105.437 E.01664
G1 X128.742 Y104.563 E.04066
G1 X129.077 Y104.126 E.01864
G1 X129.279 Y103.69 E.01627
G1 X129.376 Y103.253 E.01515
G1 X129.385 Y102.816 E.0148
G1 X129.296 Y102.379 E.0151
G1 X129.071 Y101.943 E.01661
G1 X128.247 Y101.069 E.04066
G1 X127.912 Y100.632 E.01864
G1 X127.666 Y99.998 E.02302
G1 X130.002 Y99.998 E.07907
G1 X130.002 Y100.163 E.00559
;LAYER_CHANGE
;Z:7
;HEIGHT:0.2
;BEFORE_LAYER_CHANGE
G92 E0.0
;7


;WIPE_START
G1 F8640
G1 X130.002 Y99.998 E-.0381
G1 X127.666 Y99.998 E-.53939
G1 X127.912 Y100.632 E-.15703
G1 X128.084 Y100.857 E-.06548
;WIPE_END
G1 Z7 F720
;AFTER_LAYER_CHANGE
;7
G1 Z7.4
G1 X119.632 Y110.368 F10800
G1 Z7 F720
G1 E.8 F2100
M204 S800
;TYPE:Perimeter
;WIDTH:0.449999
G1 F900
G1 X119.632 Y99.632 E.3634
G1 X130.368 Y99.632 E.3634
G1 X130.368 Y110.368 E.3634
G1 X119.692 Y110.368 E.36137
M204 S1000
G1 X119.225 Y110.775 F10800
M204 S800
;TYPE:External perimeter
G1 F900
G1 X119.225 Y99.225 E.39095
G1 X130.775 Y99.225 E.39095
G1 X130.775 Y110.775 E.39095
G1 X119.285 Y110.775 E.38892
M204 S1000
;WIPE_START
G1 F8640
G1 X119.225 Y110.775 E-.01385
G1 X119.225 Y107.37 E-.78615
;WIPE_END
G1 Z7.4 F720
G1 X119.998 Y101.842 F10800
G1 Z7 F720
G1 E.8 F2100
;TYPE:Internal infill
;WIDTH:0.45
G1 F900
G1 X119.998 Y99.998 E.06242
G1 X120.655 Y99.998 E.02224
G1 X120.815 Y100.632 E.02213
G1 X121.089 Y101.069 E.01746
G1 X121.902 Y101.943 E.0404
G1 X122.184 Y102.379 E.01758
G1 X122.332 Y102.816 E.01562
G1 X122.379 Y103.253 E.01488
G1 X122.339 Y103.69 E.01485
G1 X122.197 Y104.126 E.01552
G1 X121.922 Y104.563 E.01748
G1 X121.109 Y105.437 E.0404
G1 X120.828 Y105.874 E.01759
G1 X120.679 Y106.31 E.0156
G1 X120.632 Y106.747 E.01488
G1 X120.673 Y107.184 E.01486
G1 X120.815 Y107.621 E.01555
G1 X121.089 Y108.057 E.01743
G1 X121.902 Y108.931 E.0404
G1 X122.184 Y109.368 E.0176
G1 X122.353 Y110.002 E.02221
G1 X125.851 Y110.002 E.1184
G1 X125.691 Y109.368 E.02213
G1 X125.417 Y108.931 E.01746
G1 X124.603 Y108.057 E.04043
G1 X124.322 Y107.621 E.01756
G1 X124.174 Y107.184 E.01562
G1 X124.126 Y106.747 E.01488
G1 X124.167 Y106.31 E.01486
G1 X124.309 Y105.874 E.01552
G1 X124.583 Y105.437 E.01746
G1 X125.397 Y104.563 E.04043
G1 X125.678 Y104.126 E.01759
G1 X125.826 Y103.69 E.01559
G1 X125.874 Y103.253 E.01488
G1 X125.833 Y102.816 E.01486
G1 X125.691 Y102.379 E.01555
G1 X125.417 Y101.943 E.01743
G1 X124.603 Y101.069 E.04043
G1 X124.322 Y100.632 E.01759
G1 X124.152 Y99.998 E.02222
G1 X127.643 Y99.998 E.11817
G1 X127.803 Y100.632 E.02213
G1 X128.078 Y101.069 E.01748
G1 X128.891 Y101.943 E.0404
G1 X129.172 Y102.379 E.01756
G1 X129.321 Y102.816 E.01563
G1 X129.368 Y103.253 E.01488
G1 X129.327 Y103.69 E.01486
G1 X129.185 Y104.126 E.01552
G1 X128.911 Y104.563 E.01746
G1 X128.098 Y105.437 E.0404
G1 X127.816 Y105.874 E.0176
G1 X127.668 Y106.31 E.01559
G1 X127.621 Y106.747 E.01488
G1 X127.661 Y107.184 E.01485
G1 X127.803 Y107.621 E.01555
G1 X128.078 Y108.057 E.01745
G1 X128.891 Y108.931 E.0404
G1 X129.172 Y109.368 E.01759
G1 X129.342 Y110.002 E.02222
G1 X130.002 Y110.002 E.02234
G1 X130.002 Y108.161 E.06232
;LAYER_CHANGE
;Z:7.2
;HEIGHT:0.2
;BEFORE_LAYER_CHANGE
G92 E0.0
;7.2


;WIPE_START
G1 F8640
G1 X130.002 Y110.002 E-.42509
G1 X129.342 Y110.002 E-.1524
G1 X129.172 Y109.368 E-.15156
G1 X129.006 Y109.11 E-.07095
;WIPE_END
G1 Z7.2 F720
M73 P29 R16
;AFTER_LAYER_CHANGE
;7.2
G1 Z7.6
G1 X119.632 Y110.368 F10800
M73 Q29 S16
G1 Z7.2 F720
G1 E.8 F2100
M204 S800
;TYPE:Perimeter
;WIDTH:0.449999
G1 F900
G1 X119.632 Y99.632 E.3634
G1 X130.368 Y99.632 E.3634
G1 X130.368 Y110.368 E.3634
G1 X119.692 Y110.368 E.36137
M204 S1000
G1 X119.225 Y110.775 F10800
M204 S800
;TYPE:External perimeter
G1 F900
G1 X119.225 Y99.225 E.39095
G1 X130.775 Y99.225 E.39095
G1 X130.775 Y110.775 E.39095
G1 X119.285 Y110.775 E.38892
M204 S1000
;WIPE_START
G1 F8640
G1 X119.225 Y110.775 E-.01385
G1 X119.225 Y107.37 E-.78615
;WIPE_END
G1 Z7.6 F720
G1 X119.998 Y109.836 F10800
G1 Z7.2 F720
G1 E.8 F2100
;TYPE:Internal infill
;WIDTH:0.45
G1 F900
G1 X119.998 Y110.002 E.00562
G1 X122.333 Y110.002 E.07904
G1 X122.077 Y109.368 E.02314
G1 X120.907 Y108.057 E.05948
G1 X120.689 Y107.621 E.0165
G1 X120.606 Y107.184 E.01506
G1 X120.622 Y106.747 E.0148
G1 X120.726 Y106.31 E.01521
G1 X120.935 Y105.874 E.01637
G1 X122.104 Y104.563 E.05946
G1 X122.323 Y104.126 E.01655
G1 X122.405 Y103.69 E.01502
G1 X122.389 Y103.253 E.0148
G1 X122.286 Y102.816 E.0152
G1 X122.077 Y102.379 E.0164
G1 X120.907 Y101.069 E.05945
G1 X120.689 Y100.632 E.01653
G1 X120.613 Y99.998 E.02161
G1 X124.173 Y99.998 E.1205
G1 X124.429 Y100.632 E.02314
G1 X125.599 Y101.943 E.05948
G1 X125.817 Y102.379 E.0165
G1 X125.899 Y102.816 E.01505
G1 X125.884 Y103.253 E.0148
G1 X125.78 Y103.69 E.01521
G1 X125.571 Y104.126 E.01637
G1 X124.401 Y105.437 E.05948
G1 X124.183 Y105.874 E.01653
G1 X124.101 Y106.31 E.01502
G1 X124.116 Y106.747 E.0148
G1 X124.22 Y107.184 E.01521
G1 X124.429 Y107.621 E.0164
G1 X125.599 Y108.931 E.05945
G1 X125.817 Y109.368 E.01653
G1 X125.892 Y110.002 E.02161
G1 X129.321 Y110.002 E.11607
G1 X129.065 Y109.368 E.02314
G1 X127.896 Y108.057 E.05946
G1 X127.677 Y107.621 E.01652
G1 X127.595 Y107.184 E.01505
G1 X127.611 Y106.747 E.0148
G1 X127.714 Y106.31 E.0152
G1 X127.923 Y105.874 E.01637
G1 X129.093 Y104.563 E.05948
G1 X129.311 Y104.126 E.01653
G1 X129.394 Y103.69 E.01502
G1 X129.378 Y103.253 E.0148
G1 X129.274 Y102.816 E.01521
G1 X129.065 Y102.379 E.0164
G1 X127.896 Y101.069 E.05943
G1 X127.677 Y100.632 E.01655
G1 X127.602 Y99.998 E.02161
G1 X130.002 Y99.998 E.08124
G1 X130.002 Y100.099 E.00342
;LAYER_CHANGE
;Z:7.4
;HEIGHT:0.2
;BEFORE_LAYER_CHANGE
G92 E0.0
;7.4


;WIPE_START
G1 F8640
G1 X130.002 Y99.998 E-.02332
G1 X127.602 Y99.998 E-.55417
G1 X127.677 Y100.632 E-.14741
G1 X127.822 Y100.923 E-.0751
;WIPE_END
G1 Z7.4 F720
;AFTER_LAYER_CHANGE
;7.4
G1 Z7.8
G1 X119.632 Y110.368 F10800
G1 Z7.4 F720
G1 E.8 F2100
M204 S800
;TYPE:Perimeter
;WIDTH:0.449999
G1 F900
G1 X119.632 Y99.632 E.3634
G1 X130.368 Y99.632 E.3634
G1 X130.368 Y110.368 E.3634
G1 X119.692 Y110.368 E.36137
M204 S1000
G1 X119.225 Y110.775 F10800
M204 S800
;TYPE:External perimeter
G1 F900
G1 X119.225 Y99.225 E.39095
G1 X130.775 Y99.225 E.39095
M73 P30 R16
M73 Q30 S16
G1 X130.775 Y110.775 E.39095
G1 X119.285 Y110.775 E.38892
M204 S1000
;WIPE_START
G1 F8640
G1 X119.225 Y110.775 E-.01385
G1 X119.225 Y107.37 E-.78615
;WIPE_END
G1 Z7.8 F720
G1 X119.998 Y101.944 F10800
G1 Z7.4 F720
G1 E.8 F2100
;TYPE:Internal infill
;WIDTH:0.45
G1 F900
G1 X119.998 Y99.998 E.06587
G1 X120.553 Y99.998 E.01879
G1 X120.539 Y100.632 E.02147
G1 X120.697 Y101.069 E.01573
G1 X121.063 Y101.506 E.01929
G1 X121.982 Y102.379 E.04291
G1 X122.257 Y102.816 E.01748
G1 X122.418 Y103.253 E.01576
G1 X122.492 Y103.69 E.015
G1 X122.473 Y104.126 E.01477
G1 X122.315 Y104.563 E.01573
G1 X121.949 Y105 E.01929
G1 X121.029 Y105.874 E.04295
G1 X120.755 Y106.31 E.01743
G1 X120.593 Y106.747 E.01578
G1 X120.52 Y107.184 E.015
G1 X120.539 Y107.621 E.01481
G1 X120.697 Y108.057 E.0157
G1 X121.063 Y108.494 E.01929
G1 X121.982 Y109.368 E.04293
G1 X122.33 Y110.002 E.02448
G1 X125.953 Y110.002 E.12263
G1 X125.967 Y109.368 E.02147
G1 X125.809 Y108.931 E.01573
G1 X125.443 Y108.494 E.01929
G1 X124.523 Y107.621 E.04293
G1 X124.249 Y107.184 E.01746
G1 X124.088 Y106.747 E.01576
G1 X124.014 Y106.31 E.015
G1 X124.033 Y105.874 E.01477
G1 X124.191 Y105.437 E.01573
G1 X124.557 Y105 E.01929
G1 X125.477 Y104.126 E.04295
G1 X125.751 Y103.69 E.01743
G1 X125.913 Y103.253 E.01578
G1 X125.986 Y102.816 E.015
G1 X125.967 Y102.379 E.01481
G1 X125.809 Y101.943 E.0157
G1 X125.443 Y101.506 E.01929
G1 X124.523 Y100.632 E.04295
G1 X124.176 Y99.998 E.02446
G1 X127.541 Y99.998 E.1139
G1 X127.527 Y100.632 E.02147
G1 X127.685 Y101.069 E.01573
G1 X128.051 Y101.506 E.01929
G1 X128.971 Y102.379 E.04293
G1 X129.245 Y102.816 E.01746
G1 X129.407 Y103.253 E.01578
G1 X129.48 Y103.69 E.015
G1 X129.461 Y104.126 E.01477
G1 X129.303 Y104.563 E.01573
G1 X128.937 Y105 E.01929
G1 X128.018 Y105.874 E.04293
G1 X127.743 Y106.31 E.01745
G1 X127.582 Y106.747 E.01576
G1 X127.508 Y107.184 E.015
G1 X127.527 Y107.621 E.01481
G1 X127.685 Y108.057 E.0157
G1 X128.051 Y108.494 E.01929
G1 X128.971 Y109.368 E.04295
G1 X129.318 Y110.002 E.02446
G1 X130.002 Y110.002 E.02315
G1 X130.002 Y108.185 E.0615
;LAYER_CHANGE
;Z:7.6
;HEIGHT:0.2
;BEFORE_LAYER_CHANGE
G92 E0.0
;7.6


;WIPE_START
G1 F8640
G1 X130.002 Y110.002 E-.41955
G1 X129.318 Y110.002 E-.15794
G1 X128.971 Y109.368 E-.16688
G1 X128.796 Y109.202 E-.05563
;WIPE_END
G1 Z7.6 F720
;AFTER_LAYER_CHANGE
;7.6
G1 Z8
G1 X119.632 Y110.368 F10800
G1 Z7.6 F720
G1 E.8 F2100
M204 S800
;TYPE:Perimeter
;WIDTH:0.449999
G1 F900
G1 X119.632 Y99.632 E.3634
G1 X130.368 Y99.632 E.3634
G1 X130.368 Y110.368 E.3634
G1 X119.692 Y110.368 E.36137
M204 S1000
G1 X119.225 Y110.775 F10800
M204 S800
;TYPE:External perimeter
G1 F900
G1 X119.225 Y99.225 E.39095
G1 X130.775 Y99.225 E.39095
G1 X130.775 Y110.775 E.39095
G1 X119.285 Y110.775 E.38892
M204 S1000
;WIPE_START
G1 F8640
G1 X119.225 Y110.775 E-.01385
G1 X119.225 Y107.37 E-.78615
;WIPE_END
G1 Z8 F720
G1 X119.998 Y102.004 F10800
G1 Z7.6 F720
G1 E.8 F2100
;TYPE:Internal infill
;WIDTH:0.45
G1 F900
G1 X119.998 Y99.998 E.0679
G1 X120.493 Y99.998 E.01676
G1 X120.357 Y100.632 E.02195
G1 X120.433 Y101.069 E.01501
G1 X120.772 Y101.506 E.01872
G1 X121.898 Y102.379 E.04823
G1 X122.246 Y102.816 E.01891
G1 X122.468 Y103.253 E.01659
G1 X122.654 Y104.126 E.03021
G1 X122.579 Y104.563 E.01501
G1 X122.24 Y105 E.01872
G1 X121.114 Y105.874 E.04825
G1 X120.765 Y106.31 E.0189
G1 X120.544 Y106.747 E.01658
G1 X120.357 Y107.621 E.03025
G1 X120.433 Y108.057 E.01498
G1 X120.772 Y108.494 E.01872
G1 X121.898 Y109.368 E.04825
G1 X122.346 Y110.002 E.02628
M73 P31 R16
G1 X126.013 Y110.002 E.12412
M73 Q31 S16
G1 X126.148 Y109.368 E.02194
G1 X126.073 Y108.931 E.01501
G1 X125.734 Y108.494 E.01872
G1 X124.608 Y107.621 E.04823
G1 X124.26 Y107.184 E.01891
G1 X124.038 Y106.747 E.01659
G1 X123.852 Y105.874 E.03021
G1 X123.927 Y105.437 E.01501
G1 X124.266 Y105 E.01872
G1 X125.392 Y104.126 E.04825
G1 X125.74 Y103.69 E.01888
G1 X125.962 Y103.253 E.01659
G1 X126.148 Y102.379 E.03025
G1 X126.073 Y101.943 E.01497
G1 X125.734 Y101.506 E.01872
G1 X124.608 Y100.632 E.04825
G1 X124.16 Y99.998 E.02628
G1 X127.481 Y99.998 E.11241
G1 X127.346 Y100.632 E.02194
G1 X127.421 Y101.069 E.01501
G1 X127.76 Y101.506 E.01872
G1 X128.886 Y102.379 E.04823
G1 X129.235 Y102.816 E.01893
G1 X129.456 Y103.253 E.01658
G1 X129.643 Y104.126 E.03022
G1 X129.567 Y104.563 E.01501
G1 X129.228 Y105 E.01872
G1 X128.102 Y105.874 E.04825
G1 X127.754 Y106.31 E.01888
G1 X127.532 Y106.747 E.01659
G1 X127.346 Y107.621 E.03025
G1 X127.421 Y108.057 E.01497
G1 X127.76 Y108.494 E.01872
G1 X128.886 Y109.368 E.04825
G1 X129.335 Y110.002 E.0263
G1 X130.002 Y110.002 E.02258
G1 X130.002 Y108.169 E.06204
;LAYER_CHANGE
;Z:7.8
;HEIGHT:0.2
;BEFORE_LAYER_CHANGE
G92 E0.0
;7.8


;WIPE_START
G1 F8640
G1 X130.002 Y110.002 E-.42324
G1 X129.335 Y110.002 E-.15401
G1 X128.886 Y109.368 E-.17939
G1 X128.738 Y109.253 E-.04336
;WIPE_END
G1 Z7.8 F720
;AFTER_LAYER_CHANGE
;7.8
G1 Z8.2
G1 X119.632 Y110.368 F10800
G1 Z7.8 F720
G1 E.8 F2100
M204 S800
;TYPE:Perimeter
;WIDTH:0.449999
G1 F900
G1 X119.632 Y99.632 E.3634
G1 X130.368 Y99.632 E.3634
G1 X130.368 Y110.368 E.3634
G1 X119.692 Y110.368 E.36137
M204 S1000
G1 X119.225 Y110.775 F10800
M204 S800
;TYPE:External perimeter
G1 F900
G1 X119.225 Y99.225 E.39095
G1 X130.775 Y99.225 E.39095
G1 X130.775 Y110.775 E.39095
G1 X119.285 Y110.775 E.38892
M204 S1000
;WIPE_START
G1 F8640
G1 X119.225 Y110.775 E-.01385
G1 X119.225 Y107.37 E-.78615
;WIPE_END
G1 Z8.2 F720
G1 X130.002 Y108.13 F10800
G1 Z7.8 F720
G1 E.8 F2100
;TYPE:Internal infill
;WIDTH:0.45
G1 F900
G1 X130.002 Y110.002 E.06336
G1 X129.373 Y110.002 E.02129
G1 X128.808 Y109.368 E.02875
G1 X127.263 Y108.494 E.06008
G1 X127.048 Y108.057 E.01649
G1 X127.12 Y107.621 E.01496
G1 X127.46 Y106.747 E.03174
G1 X127.743 Y106.31 E.01762
M73 P31 R15
G1 X128.18 Y105.874 E.0209
G1 X129.725 Y105 E.06008
G1 X129.94 Y104.563 E.01649
G1 X129.869 Y104.126 E.01499
G1 X129.529 Y103.253 E.03171
G1 X129.245 Y102.816 E.01764
G1 X128.808 Y102.379 E.02092
G1 X127.263 Y101.506 E.06007
G1 X127.048 Y101.069 E.01649
G1 X127.12 Y100.632 E.01499
G1 X127.366 Y99.998 E.02302
G1 X124.121 Y99.998 E.10984
G1 X124.686 Y100.632 E.02875
G1 X126.231 Y101.506 E.06008
G1 X126.446 Y101.943 E.01649
G1 X126.374 Y102.379 E.01496
G1 X126.035 Y103.253 E.03173
G1 X125.751 Y103.69 E.01764
G1 X125.314 Y104.126 E.0209
G1 X123.769 Y105 E.06008
G1 X123.554 Y105.437 E.01649
G1 X123.626 Y105.874 E.01499
G1 X123.965 Y106.747 E.0317
G1 X124.249 Y107.184 E.01764
G1 X124.686 Y107.621 E.02092
G1 X126.231 Y108.494 E.06007
G1 X126.446 Y108.931 E.01649
G1 X126.374 Y109.368 E.01499
G1 X126.128 Y110.002 E.02302
M73 Q31 S15
G1 X122.385 Y110.002 E.1267
G1 X121.82 Y109.368 E.02875
G1 X120.275 Y108.494 E.06008
G1 X120.06 Y108.057 E.01649
G1 X120.131 Y107.621 E.01495
G1 X120.471 Y106.747 E.03174
G1 X120.755 Y106.31 E.01764
G1 X121.192 Y105.874 E.0209
G1 X122.737 Y105 E.06008
G1 X122.952 Y104.563 E.01649
G1 X122.88 Y104.126 E.01499
G1 X122.54 Y103.253 E.03171
G1 X122.257 Y102.816 E.01762
G1 X121.82 Y102.379 E.02092
G1 X120.275 Y101.506 E.06007
G1 X120.06 Y101.069 E.01649
G1 X120.131 Y100.632 E.01499
G1 X120.378 Y99.998 E.02303
G1 X122.878 Y99.998 E.08462
;LAYER_CHANGE
;Z:8
;HEIGHT:0.2
;BEFORE_LAYER_CHANGE
G92 E0.0
;8


;WIPE_START
G1 F8640
G1 X120.378 Y99.998 E-.57726
G1 X120.131 Y100.632 E-.15711
G1 X120.085 Y100.913 E-.06563
;WIPE_END
G1 Z8 F720
;AFTER_LAYER_CHANGE
;8
G1 Z8.4
G1 X119.632 Y110.368 F10800
G1 Z8 F720
G1 E.8 F2100
M204 S800
;TYPE:Perimeter
;WIDTH:0.449999
G1 F900
G1 X119.632 Y99.632 E.3634
G1 X130.368 Y99.632 E.3634
M73 P32 R15
M73 Q32 S15
G1 X130.368 Y110.368 E.3634
G1 X119.692 Y110.368 E.36137
M204 S1000
G1 X119.225 Y110.775 F10800
M204 S800
;TYPE:External perimeter
G1 F900
G1 X119.225 Y99.225 E.39095
G1 X130.775 Y99.225 E.39095
G1 X130.775 Y110.775 E.39095
G1 X119.285 Y110.775 E.38892
M204 S1000
;WIPE_START
G1 F8640
G1 X119.225 Y110.775 E-.01385
G1 X119.225 Y107.37 E-.78615
;WIPE_END
G1 Z8.4 F720
G1 X130.002 Y107.876 F10800
G1 Z8 F720
G1 E.8 F2100
;TYPE:Internal infill
;WIDTH:0.45
G1 F900
G1 X130.002 Y110.002 E.07196
G1 X129.627 Y110.002 E.01269
G1 X129.368 Y109.898 E.00945
G1 X128.931 Y109.497 E.02008
G1 X128.494 Y109.237 E.01721
G1 X127.621 Y108.959 E.03101
G1 X127.184 Y108.957 E.01479
G1 X126.747 Y109.249 E.01779
G1 X126.088 Y110.002 E.03387
G1 X122.638 Y110.002 E.11678
G1 X122.379 Y109.898 E.00945
G1 X121.943 Y109.497 E.02005
G1 X121.506 Y109.237 E.01721
G1 X120.632 Y108.959 E.03104
G1 X120.195 Y108.957 E.01479
G1 X119.998 Y109.089 E.00803
G1 X119.998 Y107.373 E.05808
G1 X120.632 Y106.404 E.0392
G1 X121.069 Y106.003 E.02008
G1 X121.506 Y105.743 E.01721
G1 X122.379 Y105.465 E.03101
G1 X122.816 Y105.462 E.01479
G1 X123.253 Y105.755 E.01781
G1 X124.126 Y107.09 E.05399
G1 X124.563 Y107.491 E.02008
G1 X125 Y107.751 E.01721
G1 X125.874 Y108.029 E.03104
G1 X126.31 Y108.032 E.01476
G1 X126.747 Y107.739 E.01781
G1 X127.621 Y106.404 E.05401
G1 X128.057 Y106.003 E.02005
G1 X128.494 Y105.743 E.01721
G1 X129.368 Y105.465 E.03104
G1 X129.805 Y105.462 E.01479
G1 X130.002 Y105.595 E.00805
G1 X130.002 Y103.878 E.05812
G1 X129.368 Y102.91 E.03917
G1 X128.931 Y102.509 E.02008
G1 X128.494 Y102.249 E.01721
G1 X127.621 Y101.971 E.03101
G1 X127.184 Y101.968 E.01479
G1 X126.747 Y102.261 E.01781
G1 X125.874 Y103.596 E.05399
G1 X125.437 Y103.997 E.02008
G1 X125 Y104.257 E.01721
G1 X124.126 Y104.535 E.03104
G1 X123.69 Y104.538 E.01476
G1 X123.253 Y104.245 E.01781
G1 X122.379 Y102.91 E.05401
G1 X121.943 Y102.509 E.02005
G1 X121.506 Y102.249 E.01721
G1 X120.632 Y101.971 E.03104
G1 X120.195 Y101.968 E.01479
G1 X119.998 Y102.1 E.00803
G1 X119.998 Y100.384 E.05808
G1 X120.251 Y99.998 E.01562
G1 X124.059 Y99.998 E.1289
G1 X124.563 Y100.503 E.02415
G1 X125 Y100.763 E.01721
G1 X125.874 Y101.041 E.03104
G1 X126.31 Y101.043 E.01476
G1 X126.747 Y100.751 E.01779
G1 X127.239 Y99.998 E.03045
G1 X129.739 Y99.998 E.08462
;LAYER_CHANGE
;Z:8.2
;HEIGHT:0.2
;BEFORE_LAYER_CHANGE
G92 E0.0
;8.2


;WIPE_START
G1 F8640
G1 X127.239 Y99.998 E-.57726
G1 X126.747 Y100.751 E-.20769
G1 X126.693 Y100.787 E-.01505
;WIPE_END
G1 Z8.2 F720
;AFTER_LAYER_CHANGE
;8.2
G1 Z8.6
G1 X119.632 Y110.368 F10800
G1 Z8.2 F720
G1 E.8 F2100
M204 S800
;TYPE:Perimeter
;WIDTH:0.449999
G1 F900
G1 X119.632 Y99.632 E.3634
G1 X130.368 Y99.632 E.3634
G1 X130.368 Y110.368 E.3634
G1 X119.692 Y110.368 E.36137
M204 S1000
G1 X119.225 Y110.775 F10800
M204 S800
;TYPE:External perimeter
G1 F900
G1 X119.225 Y99.225 E.39095
G1 X130.775 Y99.225 E.39095
G1 X130.775 Y110.775 E.39095
M73 P33 R15
M73 Q33 S15
G1 X119.285 Y110.775 E.38892
M204 S1000
;WIPE_START
G1 F8640
G1 X119.225 Y110.775 E-.01385
G1 X119.225 Y107.37 E-.78615
;WIPE_END
G1 Z8.6 F720
G1 X130.002 Y107.761 F10800
G1 Z8.2 F720
G1 E.8 F2100
;TYPE:Internal infill
;WIDTH:0.45
G1 F900
G1 X130.002 Y110.002 E.07586
G1 X129.742 Y110.002 E.0088
G1 X129.368 Y109.818 E.01411
G1 X128.931 Y109.499 E.01831
G1 X128.494 Y109.301 E.01624
G1 X127.621 Y109.166 E.0299
G1 X127.184 Y109.277 E.01526
G1 X126.22 Y110.002 E.04083
G1 X122.754 Y110.002 E.11732
G1 X122.379 Y109.818 E.01414
G1 X121.943 Y109.499 E.01829
G1 X121.506 Y109.301 E.01624
G1 X120.632 Y109.166 E.02993
G1 X120.195 Y109.277 E.01526
G1 X119.998 Y109.436 E.00857
G1 X119.998 Y107.075 E.07992
G1 X120.632 Y106.324 E.03327
G1 X121.069 Y106.005 E.01831
G1 X121.506 Y105.807 E.01624
G1 X122.379 Y105.672 E.0299
G1 X122.816 Y105.783 E.01526
G1 X123.253 Y106.136 E.01902
G1 X124.126 Y107.17 E.04581
G1 X124.563 Y107.489 E.01831
G1 X125 Y107.688 E.01625
G1 X125.874 Y107.822 E.02993
G1 X126.31 Y107.711 E.01523
G1 X126.747 Y107.359 E.01899
G1 X127.621 Y106.324 E.04585
G1 X128.057 Y106.005 E.01829
G1 X128.494 Y105.807 E.01624
G1 X129.368 Y105.672 E.02993
G1 X129.805 Y105.783 E.01526
G1 X130.002 Y105.942 E.00857
G1 X130.002 Y103.58 E.07995
G1 X129.368 Y102.83 E.03324
G1 X128.931 Y102.511 E.01831
G1 X128.494 Y102.312 E.01625
G1 X127.621 Y102.178 E.0299
G1 X127.184 Y102.289 E.01526
G1 X126.747 Y102.641 E.01899
G1 X125.874 Y103.676 E.04583
G1 X125.437 Y103.995 E.01831
G1 X125 Y104.193 E.01624
G1 X124.126 Y104.328 E.02993
G1 X123.69 Y104.217 E.01523
G1 X123.253 Y103.864 E.01902
G1 X122.379 Y102.83 E.04583
G1 X121.943 Y102.511 E.01829
G1 X121.506 Y102.312 E.01625
G1 X120.632 Y102.178 E.02993
G1 X120.195 Y102.289 E.01526
G1 X119.998 Y102.448 E.00857
G1 X119.998 Y99.998 E.08293
G1 X123.972 Y99.998 E.13452
G1 X124.126 Y100.182 E.00812
G1 X124.563 Y100.501 E.01831
G1 X125 Y100.699 E.01624
G1 X125.874 Y100.834 E.02993
G1 X126.31 Y100.723 E.01523
G1 X126.747 Y100.37 E.01902
G1 X127.061 Y99.998 E.01648
G1 X129.561 Y99.998 E.08462
;LAYER_CHANGE
;Z:8.4
;HEIGHT:0.2
;BEFORE_LAYER_CHANGE
G92 E0.0
;8.4


;WIPE_START
G1 F8640
G1 X127.061 Y99.998 E-.57726
G1 X126.747 Y100.37 E-.1124
G1 X126.376 Y100.67 E-.11034
;WIPE_END
G1 Z8.4 F720
;AFTER_LAYER_CHANGE
;8.4
G1 Z8.8
G1 X119.632 Y110.368 F10800
G1 Z8.4 F720
G1 E.8 F2100
M204 S800
;TYPE:Perimeter
;WIDTH:0.449999
G1 F900
G1 X119.632 Y99.632 E.3634
G1 X130.368 Y99.632 E.3634
G1 X130.368 Y110.368 E.3634
G1 X119.692 Y110.368 E.36137
M204 S1000
G1 X119.225 Y110.775 F10800
M204 S800
;TYPE:External perimeter
G1 F900
G1 X119.225 Y99.225 E.39095
G1 X130.775 Y99.225 E.39095
G1 X130.775 Y110.775 E.39095
G1 X119.285 Y110.775 E.38892
M204 S1000
;WIPE_START
G1 F8640
G1 X119.225 Y110.775 E-.01385
G1 X119.225 Y107.37 E-.78615
;WIPE_END
G1 Z8.8 F720
G1 X130.002 Y107.676 F10800
G1 Z8.4 F720
G1 E.8 F2100
;TYPE:Internal infill
;WIDTH:0.45
G1 F900
G1 X130.002 Y110.002 E.07873
G1 X129.827 Y110.002 E.00592
G1 X128.931 Y109.481 E.03508
G1 X128.494 Y109.342 E.01552
G1 X128.057 Y109.291 E.01489
G1 X127.621 Y109.335 E.01483
G1 X127.184 Y109.517 E.01602
G1 X126.747 Y109.889 E.01943
G1 X126.473 Y110.002 E.01003
G1 X122.839 Y110.002 E.12301
G1 X121.943 Y109.481 E.03508
M73 P34 R15
G1 X121.506 Y109.342 E.01552
G1 X121.069 Y109.291 E.01489
M73 Q34 S15
G1 X120.632 Y109.335 E.01487
G1 X120.195 Y109.517 E.01602
G1 X119.998 Y109.685 E.00876
G1 X119.998 Y106.862 E.09556
G1 X120.632 Y106.236 E.03016
G1 X121.069 Y105.987 E.01702
G1 X121.506 Y105.848 E.01552
G1 X121.943 Y105.797 E.01489
G1 X122.379 Y105.84 E.01483
G1 X122.816 Y106.023 E.01604
G1 X124.126 Y107.258 E.06094
G1 X124.563 Y107.507 E.01702
G1 X125 Y107.646 E.01552
G1 X125.437 Y107.698 E.0149
G1 X125.874 Y107.654 E.01487
G1 X126.31 Y107.471 E.01601
G1 X127.621 Y106.236 E.06096
G1 X128.057 Y105.987 E.017
G1 X128.494 Y105.848 E.01552
G1 X128.931 Y105.797 E.01489
G1 X129.368 Y105.84 E.01486
G1 X129.805 Y106.023 E.01604
G1 X130.002 Y106.191 E.00876
G1 X130.002 Y103.368 E.09556
G1 X129.368 Y102.742 E.03016
G1 X128.931 Y102.493 E.01702
G1 X128.494 Y102.354 E.01552
G1 X128.057 Y102.302 E.0149
G1 X127.621 Y102.346 E.01483
G1 X127.184 Y102.529 E.01604
G1 X125.874 Y103.764 E.06094
G1 X125.437 Y104.013 E.01702
G1 X125 Y104.152 E.01552
G1 X124.563 Y104.203 E.01489
G1 X124.126 Y104.16 E.01486
G1 X123.69 Y103.977 E.01601
G1 X122.379 Y102.742 E.06096
G1 X121.943 Y102.493 E.017
G1 X121.506 Y102.354 E.01552
G1 X121.069 Y102.302 E.0149
G1 X120.632 Y102.346 E.01487
G1 X120.195 Y102.529 E.01604
G1 X119.998 Y102.697 E.00876
G1 X119.998 Y99.998 E.09136
G1 X123.852 Y99.998 E.13045
G1 X124.126 Y100.27 E.01307
G1 X124.563 Y100.519 E.01702
G1 X125 Y100.658 E.01552
G1 X125.437 Y100.709 E.01489
G1 X125.874 Y100.665 E.01487
G1 X126.31 Y100.483 E.01599
G1 X126.861 Y99.998 E.02485
G1 X129.361 Y99.998 E.08462
;LAYER_CHANGE
;Z:8.6
;HEIGHT:0.200001
;BEFORE_LAYER_CHANGE
G92 E0.0
;8.6


;WIPE_START
G1 F8640
G1 X126.861 Y99.998 E-.57726
G1 X126.31 Y100.483 E-.16949
G1 X126.097 Y100.572 E-.05325
;WIPE_END
G1 Z8.6 F720
;AFTER_LAYER_CHANGE
;8.6
G1 Z9
G1 X119.632 Y110.368 F10800
G1 Z8.6 F720
G1 E.8 F2100
M204 S800
;TYPE:Perimeter
;WIDTH:0.449999
G1 F900
G1 X119.632 Y99.632 E.3634
G1 X130.368 Y99.632 E.3634
G1 X130.368 Y110.368 E.3634
G1 X119.692 Y110.368 E.36137
M204 S1000
G1 X119.225 Y110.775 F10800
M204 S800
;TYPE:External perimeter
G1 F900
G1 X119.225 Y99.225 E.39095
G1 X130.775 Y99.225 E.39095
G1 X130.775 Y110.775 E.39095
G1 X119.285 Y110.775 E.38892
M204 S1000
;WIPE_START
G1 F8640
G1 X119.225 Y110.775 E-.01385
G1 X119.225 Y107.37 E-.78615
;WIPE_END
G1 Z9 F720
G1 X130.002 Y107.622 F10800
G1 Z8.6 F720
G1 E.8 F2100
;TYPE:Internal infill
;WIDTH:0.45
G1 F900
G1 X130.002 Y110.002 E.08056
G1 X129.881 Y110.002 E.0041
G1 X129.368 Y109.631 E.02143
G1 X128.931 Y109.446 E.01606
G1 X128.494 Y109.364 E.01505
G1 X128.057 Y109.369 E.01479
G1 X127.621 Y109.474 E.01518
G1 X127.184 Y109.714 E.01688
G1 X126.863 Y110.002 E.0146
G1 X122.893 Y110.002 E.13438
G1 X122.379 Y109.631 E.02146
G1 X121.943 Y109.446 E.01603
G1 X121.506 Y109.364 E.01505
G1 X121.069 Y109.369 E.01479
G1 X120.632 Y109.474 E.01521
G1 X120.195 Y109.714 E.01688
G1 X119.998 Y109.891 E.00896
G1 X119.998 Y106.649 E.10974
G1 X120.632 Y106.137 E.02758
G1 X121.069 Y105.952 E.01606
G1 X121.506 Y105.869 E.01506
G1 X121.943 Y105.875 E.01479
G1 X122.379 Y105.98 E.01518
G1 X122.816 Y106.22 E.01688
G1 X123.69 Y107.039 E.04054
G1 X124.126 Y107.357 E.01827
G1 X124.563 Y107.543 E.01608
G1 X125 Y107.625 E.01505
G1 X125.437 Y107.619 E.01479
G1 X125.874 Y107.514 E.01521
G1 X126.31 Y107.274 E.01685
G1 X127.184 Y106.455 E.04054
G1 X127.621 Y106.137 E.01829
G1 X128.057 Y105.952 E.01603
G1 X128.494 Y105.869 E.01506
G1 X128.931 Y105.875 E.01479
G1 X129.368 Y105.98 E.01521
G1 X129.805 Y106.22 E.01688
G1 X130.002 Y106.396 E.00894
G1 X130.002 Y103.154 E.10974
G1 X129.368 Y102.643 E.02756
G1 X128.931 Y102.457 E.01608
G1 X128.494 Y102.375 E.01505
G1 X128.057 Y102.381 E.01479
G1 X127.621 Y102.486 E.01518
G1 X127.184 Y102.726 E.01688
G1 X126.31 Y103.545 E.04054
G1 X125.874 Y103.863 E.01827
G1 X125.437 Y104.048 E.01606
G1 X125 Y104.131 E.01506
G1 X124.563 Y104.125 E.01479
G1 X124.126 Y104.02 E.01521
G1 X123.69 Y103.78 E.01685
G1 X122.816 Y102.961 E.04054
G1 X122.379 Y102.643 E.01829
G1 X121.943 Y102.457 E.01604
G1 X121.506 Y102.375 E.01505
G1 X121.069 Y102.381 E.01479
G1 X120.632 Y102.486 E.01521
G1 X120.195 Y102.726 E.01688
G1 X119.998 Y102.902 E.00894
G1 X119.998 Y99.998 E.0983
G1 X123.637 Y99.998 E.12318
G1 X124.126 Y100.369 E.02078
G1 X124.563 Y100.554 E.01606
G1 X125 Y100.636 E.01505
G1 X125.437 Y100.631 E.01479
G1 X125.874 Y100.526 E.01521
G1 X126.31 Y100.286 E.01685
G1 X126.632 Y99.998 E.01462
G1 X129.132 Y99.998 E.08462
;LAYER_CHANGE
;Z:8.8
;HEIGHT:0.2
;BEFORE_LAYER_CHANGE
G92 E0.0
;8.8


;WIPE_START
G1 F8640
G1 X126.632 Y99.998 E-.57726
G1 X126.31 Y100.286 E-.09975
G1 X125.874 Y100.526 E-.11492
G1 X125.84 Y100.534 E-.00807
;WIPE_END
G1 Z8.8 F720
;AFTER_LAYER_CHANGE
;8.8
G1 Z9.2
G1 X119.632 Y110.368 F10800
G1 Z8.8 F720
M73 P35 R15
M73 Q35 S15
G1 E.8 F2100
M204 S800
;TYPE:Perimeter
;WIDTH:0.449999
G1 F900
G1 X119.632 Y99.632 E.3634
G1 X130.368 Y99.632 E.3634
G1 X130.368 Y110.368 E.3634
G1 X119.692 Y110.368 E.36137
M204 S1000
G1 X119.225 Y110.775 F10800
M204 S800
;TYPE:External perimeter
G1 F900
G1 X119.225 Y99.225 E.39095
G1 X130.775 Y99.225 E.39095
G1 X130.775 Y110.775 E.39095
G1 X119.285 Y110.775 E.38892
M204 S1000
;WIPE_START
G1 F8640
G1 X119.225 Y110.775 E-.01385
G1 X119.225 Y107.37 E-.78615
;WIPE_END
G1 Z9.2 F720
G1 X119.998 Y107.562 F10800
G1 Z8.8 F720
G1 E.8 F2100
;TYPE:Internal infill
;WIDTH:0.45
G1 F900
G1 X119.998 Y110.002 E.08259
G1 X120.632 Y109.593 E.02554
G1 X121.069 Y109.429 E.0158
G1 X121.506 Y109.367 E.01494
G1 X121.943 Y109.393 E.01482
G1 X122.379 Y109.519 E.01536
G1 X122.816 Y109.778 E.01719
G1 X123.061 Y110.002 E.01124
G1 X127.047 Y110.002 E.13492
G1 X127.621 Y109.593 E.02386
G1 X128.057 Y109.429 E.01577
G1 X128.494 Y109.367 E.01494
G1 X128.931 Y109.393 E.01482
G1 X129.368 Y109.519 E.01539
G1 X130.002 Y109.958 E.0261
G1 X130.002 Y106.583 E.11424
G1 X129.805 Y106.396 E.00919
G1 X129.368 Y106.099 E.01788
G1 X128.931 Y105.935 E.0158
G1 X128.494 Y105.873 E.01494
G1 X128.057 Y105.898 E.01482
G1 X127.621 Y106.024 E.01536
G1 X127.184 Y106.284 E.01721
G1 X126.31 Y107.099 E.04045
G1 X125.874 Y107.395 E.01784
G1 X125.437 Y107.559 E.0158
G1 X125 Y107.622 E.01494
G1 X124.563 Y107.596 E.01482
G1 X124.126 Y107.47 E.01539
G1 X123.69 Y107.21 E.01718
G1 X122.816 Y106.396 E.04043
G1 X122.379 Y106.099 E.01788
G1 X121.943 Y105.935 E.01577
G1 X121.506 Y105.873 E.01494
G1 X121.069 Y105.898 E.01482
G1 X120.632 Y106.024 E.01539
G1 X119.998 Y106.464 E.02612
G1 X119.998 Y103.089 E.11424
G1 X120.632 Y102.605 E.027
G1 X121.069 Y102.441 E.0158
G1 X121.506 Y102.378 E.01494
G1 X121.943 Y102.404 E.01482
G1 X122.379 Y102.53 E.01536
G1 X122.816 Y102.79 E.01721
G1 X123.69 Y103.604 E.04043
G1 X124.126 Y103.901 E.01786
G1 X124.563 Y104.065 E.0158
G1 X125 Y104.127 E.01494
G1 X125.437 Y104.102 E.01482
G1 X125.874 Y103.976 E.01539
G1 X126.31 Y103.716 E.01718
G1 X127.184 Y102.901 E.04045
G1 X127.621 Y102.605 E.01787
G1 X128.057 Y102.441 E.01577
G1 X128.494 Y102.378 E.01494
G1 X128.931 Y102.404 E.01482
G1 X129.368 Y102.53 E.01539
G1 X130.002 Y102.97 E.02612
G1 X130.002 Y99.998 E.1006
G1 X126.428 Y99.998 E.12098
G1 X125.874 Y100.407 E.02331
G1 X125.437 Y100.571 E.0158
G1 X125 Y100.633 E.01494
G1 X124.563 Y100.607 E.01482
G1 X124.126 Y100.481 E.01539
G1 X123.69 Y100.222 E.01717
G1 X123.445 Y99.998 E.01124
G1 X120.945 Y99.998 E.08462
;LAYER_CHANGE
;Z:9
;HEIGHT:0.2
;BEFORE_LAYER_CHANGE
G92 E0.0
;9


;WIPE_START
G1 F8640
G1 X123.445 Y99.998 E-.57726
G1 X123.69 Y100.222 E-.07665
G1 X124.126 Y100.481 E-.1171
G1 X124.247 Y100.516 E-.02899
;WIPE_END
G1 Z9 F720
;AFTER_LAYER_CHANGE
;9
G1 Z9.4
G1 X119.632 Y110.368 F10800
G1 Z9 F720
G1 E.8 F2100
M204 S800
;TYPE:Perimeter
;WIDTH:0.449999
G1 F900
G1 X119.632 Y99.632 E.3634
G1 X130.368 Y99.632 E.3634
G1 X130.368 Y110.368 E.3634
G1 X119.692 Y110.368 E.36137
M204 S1000
G1 X119.225 Y110.775 F10800
M73 P35 R14
M204 S800
;TYPE:External perimeter
G1 F900
G1 X119.225 Y99.225 E.39095
G1 X130.775 Y99.225 E.39095
M73 P36 R14
M73 Q36 S15
G1 X130.775 Y110.775 E.39095
G1 X119.285 Y110.775 E.38892
M73 Q36 S14
M204 S1000
;WIPE_START
G1 F8640
G1 X119.225 Y110.775 E-.01385
G1 X119.225 Y107.37 E-.78615
;WIPE_END
G1 Z9.4 F720
G1 X119.998 Y107.766 F10800
G1 Z9 F720
G1 E.8 F2100
;TYPE:Internal infill
;WIDTH:0.45
G1 F900
G1 X119.998 Y110.002 E.07569
G1 X120.263 Y110.002 E.00897
G1 X120.632 Y109.696 E.01623
G1 X121.069 Y109.471 E.01664
G1 X121.506 Y109.352 E.01533
G1 X121.943 Y109.321 E.01483
G1 X122.379 Y109.387 E.01493
G1 X122.816 Y109.591 E.01632
G1 X123.304 Y110.002 E.0216
G1 X127.252 Y110.002 E.13364
G1 X127.621 Y109.696 E.01623
G1 X128.057 Y109.471 E.01661
G1 X128.494 Y109.352 E.01533
G1 X128.931 Y109.321 E.01483
G1 X129.368 Y109.387 E.01496
G1 X129.805 Y109.591 E.01632
G1 X130.002 Y109.761 E.00881
G1 X130.002 Y106.769 E.10128
G1 X129.368 Y106.202 E.02879
G1 X128.931 Y105.977 E.01664
G1 X128.494 Y105.858 E.01533
G1 X128.057 Y105.827 E.01483
G1 X127.621 Y105.893 E.01493
G1 X127.184 Y106.096 E.01631
G1 X125.874 Y107.292 E.06004
G1 X125.437 Y107.518 E.01665
G1 X125 Y107.637 E.01533
G1 X124.563 Y107.667 E.01483
G1 X124.126 Y107.601 E.01496
G1 X123.69 Y107.398 E.01628
G1 X122.379 Y106.202 E.06007
G1 X121.943 Y105.977 E.01661
G1 X121.506 Y105.858 E.01533
G1 X121.069 Y105.827 E.01483
G1 X120.632 Y105.893 E.01496
G1 X120.195 Y106.096 E.01631
G1 X119.998 Y106.267 E.00883
G1 X119.998 Y103.275 E.10128
G1 X120.632 Y102.708 E.02879
G1 X121.069 Y102.482 E.01665
G1 X121.506 Y102.363 E.01533
G1 X121.943 Y102.333 E.01483
G1 X122.379 Y102.399 E.01493
G1 X122.816 Y102.602 E.01631
G1 X124.126 Y103.798 E.06004
G1 X124.563 Y104.023 E.01664
G1 X125 Y104.142 E.01533
G1 X125.437 Y104.173 E.01483
G1 X125.874 Y104.107 E.01496
G1 X126.31 Y103.904 E.01628
G1 X127.621 Y102.708 E.06007
G1 X128.057 Y102.482 E.01662
G1 X128.494 Y102.363 E.01533
G1 X128.931 Y102.333 E.01483
G1 X129.368 Y102.399 E.01496
G1 X129.805 Y102.602 E.01631
G1 X130.002 Y102.773 E.00883
G1 X130.002 Y99.998 E.09393
G1 X126.243 Y99.998 E.12724
G1 X125.874 Y100.304 E.01623
G1 X125.437 Y100.529 E.01664
G1 X125 Y100.648 E.01533
G1 X124.563 Y100.679 E.01483
G1 X124.126 Y100.613 E.01496
G1 X123.69 Y100.409 E.01629
G1 X123.222 Y99.998 E.02108
G1 X120.722 Y99.998 E.08462
;LAYER_CHANGE
;Z:9.2
;HEIGHT:0.2
;BEFORE_LAYER_CHANGE
G92 E0.0
;9.2


;WIPE_START
G1 F8640
G1 X123.222 Y99.998 E-.57726
G1 X123.69 Y100.409 E-.14382
G1 X124 Y100.554 E-.07892
;WIPE_END
G1 Z9.2 F720
;AFTER_LAYER_CHANGE
;9.2
G1 Z9.6
G1 X119.632 Y110.368 F10800
G1 Z9.2 F720
G1 E.8 F2100
M204 S800
;TYPE:Perimeter
;WIDTH:0.449999
G1 F900
G1 X119.632 Y99.632 E.3634
G1 X130.368 Y99.632 E.3634
G1 X130.368 Y110.368 E.3634
G1 X119.692 Y110.368 E.36137
M204 S1000
G1 X119.225 Y110.775 F10800
M204 S800
;TYPE:External perimeter
G1 F900
G1 X119.225 Y99.225 E.39095
G1 X130.775 Y99.225 E.39095
G1 X130.775 Y110.775 E.39095
G1 X119.285 Y110.775 E.38892
M204 S1000
;WIPE_START
G1 F8640
G1 X119.225 Y110.775 E-.01385
G1 X119.225 Y107.37 E-.78615
;WIPE_END
G1 Z9.6 F720
G1 X119.998 Y107.728 F10800
G1 Z9.2 F720
G1 E.8 F2100
;TYPE:Internal infill
;WIDTH:0.45
G1 F900
G1 X119.998 Y110.002 E.07697
G1 X120.225 Y110.002 E.00768
G1 X121.069 Y109.495 E.03333
G1 X121.506 Y109.318 E.01596
G1 X122.379 Y109.23 E.0297
G1 X122.816 Y109.369 E.01552
G1 X123.253 Y109.73 E.01919
M73 P37 R14
G1 X123.712 Y110.002 E.01806
G1 X127.213 Y110.002 E.1185
G1 X128.057 Y109.495 E.03333
M73 Q37 S14
G1 X128.494 Y109.318 E.01596
G1 X129.368 Y109.23 E.02973
G1 X129.805 Y109.369 E.01552
G1 X130.002 Y109.532 E.00865
G1 X130.002 Y106.994 E.08591
G1 X129.368 Y106.294 E.03197
G1 X128.931 Y106.001 E.01781
G1 X128.494 Y105.824 E.01596
G1 X127.621 Y105.736 E.0297
G1 X127.184 Y105.875 E.01552
G1 X126.747 Y106.236 E.01919
G1 X125.874 Y107.2 E.04402
G1 X125.437 Y107.493 E.01781
G1 X125 Y107.671 E.01597
G1 X124.126 Y107.758 E.02973
G1 X123.69 Y107.619 E.01549
G1 X123.253 Y107.258 E.01919
G1 X122.379 Y106.294 E.04404
G1 X121.943 Y106.001 E.01778
G1 X121.506 Y105.824 E.01596
G1 X120.632 Y105.736 E.02973
G1 X120.195 Y105.875 E.01552
G1 X119.998 Y106.038 E.00865
G1 X119.998 Y103.499 E.08594
G1 X120.632 Y102.8 E.03194
G1 X121.069 Y102.507 E.01781
G1 X121.506 Y102.329 E.01597
G1 X122.379 Y102.242 E.0297
G1 X122.816 Y102.381 E.01552
G1 X123.253 Y102.742 E.01919
G1 X124.126 Y103.706 E.04402
G1 X124.563 Y103.999 E.01781
G1 X125 Y104.176 E.01596
G1 X125.874 Y104.264 E.02973
G1 X126.31 Y104.125 E.01549
G1 X126.747 Y103.764 E.01919
G1 X127.621 Y102.8 E.04404
G1 X128.057 Y102.507 E.01778
G1 X128.494 Y102.329 E.01597
G1 X129.368 Y102.242 E.02973
G1 X129.805 Y102.381 E.01552
G1 X130.002 Y102.543 E.00863
G1 X130.002 Y99.998 E.08615
G1 X126.067 Y99.998 E.1332
G1 X125.874 Y100.212 E.00975
G1 X125.437 Y100.505 E.01781
G1 X125 Y100.682 E.01596
G1 X124.126 Y100.77 E.02973
G1 X123.69 Y100.631 E.01549
G1 X123.007 Y99.998 E.03152
G1 X120.507 Y99.998 E.08462
;LAYER_CHANGE
;Z:9.4
;HEIGHT:0.2
;BEFORE_LAYER_CHANGE
G92 E0.0
;9.4


;WIPE_START
G1 F8640
G1 X123.007 Y99.998 E-.57726
G1 X123.69 Y100.631 E-.21502
G1 X123.722 Y100.641 E-.00772
;WIPE_END
G1 Z9.4 F720
;AFTER_LAYER_CHANGE
;9.4
G1 Z9.8
G1 X119.632 Y110.368 F10800
G1 Z9.4 F720
G1 E.8 F2100
M204 S800
;TYPE:Perimeter
;WIDTH:0.449999
G1 F900
G1 X119.632 Y99.632 E.3634
G1 X130.368 Y99.632 E.3634
G1 X130.368 Y110.368 E.3634
G1 X119.692 Y110.368 E.36137
M204 S1000
G1 X119.225 Y110.775 F10800
M204 S800
;TYPE:External perimeter
G1 F900
G1 X119.225 Y99.225 E.39095
G1 X130.775 Y99.225 E.39095
G1 X130.775 Y110.775 E.39095
G1 X119.285 Y110.775 E.38892
M204 S1000
;WIPE_START
G1 F8640
G1 X119.225 Y110.775 E-.01385
G1 X119.225 Y107.37 E-.78615
;WIPE_END
G1 Z9.8 F720
G1 X119.998 Y107.831 F10800
G1 Z9.4 F720
G1 E.8 F2100
;TYPE:Internal infill
;WIDTH:0.45
G1 F900
G1 X119.998 Y110.002 E.07349
G1 X120.328 Y110.002 E.01117
G1 X120.632 Y109.871 E.0112
G1 X121.069 Y109.5 E.0194
G1 X121.506 Y109.263 E.01683
G1 X122.379 Y109.038 E.03052
G1 X122.816 Y109.084 E.01487
G1 X123.253 Y109.409 E.01843
G1 X123.871 Y110.002 E.02899
G1 X127.316 Y110.002 E.11661
G1 X127.621 Y109.871 E.01124
G1 X128.057 Y109.5 E.01938
G1 X128.494 Y109.263 E.01683
G1 X129.368 Y109.038 E.03055
G1 X129.805 Y109.084 E.01487
G1 X130.002 Y109.231 E.00832
G1 X130.002 Y107.249 E.06709
G1 X129.368 Y106.376 E.03652
G1 X128.931 Y106.006 E.01938
G1 X128.494 Y105.768 E.01684
G1 X127.621 Y105.544 E.03051
G1 X127.184 Y105.59 E.01487
G1 X126.747 Y105.915 E.01843
G1 X125.874 Y107.118 E.05031
G1 X125.437 Y107.488 E.01938
G1 X125 Y107.726 E.01684
G1 X124.126 Y107.95 E.03054
G1 X123.69 Y107.904 E.01484
G1 X123.253 Y107.579 E.01843
G1 X122.379 Y106.376 E.05033
G1 X121.943 Y106.006 E.01936
G1 X121.506 Y105.768 E.01684
G1 X120.632 Y105.544 E.03054
G1 X120.195 Y105.59 E.01487
G1 X119.998 Y105.736 E.0083
G1 X119.998 Y103.755 E.06705
G1 X120.632 Y102.882 E.03652
G1 X121.069 Y102.512 E.01938
G1 X121.506 Y102.274 E.01684
G1 X122.379 Y102.05 E.03051
G1 X122.816 Y102.096 E.01487
G1 X123.253 Y102.421 E.01843
G1 X124.126 Y103.624 E.05031
G1 X124.563 Y103.994 E.01938
G1 X125 Y104.232 E.01684
G1 X125.874 Y104.456 E.03054
G1 X126.31 Y104.41 E.01484
G1 X126.747 Y104.085 E.01843
G1 X127.621 Y102.882 E.05033
G1 X128.057 Y102.512 E.01936
G1 X128.494 Y102.274 E.01684
G1 X129.368 Y102.05 E.03054
G1 X129.805 Y102.096 E.01487
G1 X130.002 Y102.242 E.0083
G1 X130.002 Y99.998 E.07596
G1 X125.969 Y99.998 E.13651
G1 X125.437 Y100.5 E.02476
G1 X125 Y100.737 E.01683
G1 X124.126 Y100.962 E.03055
G1 X123.69 Y100.916 E.01484
G1 X123.253 Y100.591 E.01843
G1 X122.823 Y99.998 E.02479
G1 X120.323 Y99.998 E.08462
;LAYER_CHANGE
;Z:9.6
;HEIGHT:0.200001
;BEFORE_LAYER_CHANGE
G92 E0.0
;9.6


;WIPE_START
G1 F8640
G1 X122.823 Y99.998 E-.57726
G1 X123.253 Y100.591 E-.16914
G1 X123.439 Y100.73 E-.0536
;WIPE_END
G1 Z9.6 F720
;AFTER_LAYER_CHANGE
;9.6
G1 Z10
M73 P38 R14
G1 X119.632 Y110.368 F10800
G1 Z9.6 F720
M73 Q38 S14
G1 E.8 F2100
M204 S800
;TYPE:Perimeter
;WIDTH:0.449999
G1 F900
G1 X119.632 Y99.632 E.3634
G1 X130.368 Y99.632 E.3634
G1 X130.368 Y110.368 E.3634
G1 X119.692 Y110.368 E.36137
M204 S1000
G1 X119.225 Y110.775 F10800
M204 S800
;TYPE:External perimeter
G1 F900
G1 X119.225 Y99.225 E.39095
G1 X130.775 Y99.225 E.39095
G1 X130.775 Y110.775 E.39095
G1 X119.285 Y110.775 E.38892
M204 S1000
;WIPE_START
G1 F8640
G1 X119.225 Y110.775 E-.01385
G1 X119.225 Y107.37 E-.78615
;WIPE_END
G1 Z10 F720
G1 X119.998 Y108.055 F10800
G1 Z9.6 F720
G1 E.8 F2100
;TYPE:Internal infill
;WIDTH:0.45
G1 F900
G1 X119.998 Y110.002 E.0659
G1 X120.552 Y110.002 E.01875
G1 X121.069 Y109.483 E.0248
G1 X121.506 Y109.183 E.01794
G1 X122.816 Y108.66 E.04775
G1 X123.253 Y108.694 E.01484
G1 X123.69 Y109.756 E.03887
G1 X123.908 Y110.002 E.01113
G1 X127.541 Y110.002 E.12297
G1 X128.057 Y109.483 E.02477
G1 X128.494 Y109.183 E.01794
G1 X129.368 Y108.798 E.03233
G1 X129.805 Y108.66 E.01551
G1 X130.002 Y108.676 E.00669
G1 X130.002 Y107.711 E.03266
G1 X129.805 Y107.232 E.01753
G1 X129.368 Y106.453 E.03023
G1 X128.931 Y105.989 E.02157
G1 X128.494 Y105.689 E.01794
G1 X127.621 Y105.303 E.03231
G1 X127.184 Y105.166 E.0155
G1 X126.747 Y105.2 E.01484
G1 X126.31 Y106.262 E.03887
G1 X125.874 Y107.042 E.03025
G1 X125.437 Y107.505 E.02155
G1 X125 Y107.805 E.01794
G1 X123.69 Y108.328 E.04775
G1 X123.253 Y108.294 E.01484
G1 X122.816 Y107.232 E.03887
G1 X122.379 Y106.453 E.03023
G1 X121.943 Y105.989 E.02155
G1 X121.506 Y105.689 E.01794
G1 X120.632 Y105.303 E.03234
G1 X120.195 Y105.166 E.0155
G1 X119.998 Y105.182 E.00669
G1 X119.998 Y104.217 E.03266
G1 X120.195 Y103.738 E.01753
G1 X120.632 Y102.958 E.03026
G1 X121.069 Y102.495 E.02155
G1 X121.506 Y102.195 E.01794
G1 X122.816 Y101.672 E.04775
G1 X123.253 Y101.706 E.01484
G1 X123.69 Y102.768 E.03887
G1 X124.126 Y103.547 E.03022
G1 X124.563 Y104.011 E.02157
G1 X125 Y104.311 E.01794
G1 X125.874 Y104.697 E.03234
G1 X126.31 Y104.834 E.01547
G1 X126.747 Y104.8 E.01484
G1 X127.184 Y103.738 E.03887
G1 X127.621 Y102.958 E.03026
G1 X128.057 Y102.495 E.02153
G1 X128.494 Y102.195 E.01794
G1 X129.368 Y101.809 E.03234
G1 X129.805 Y101.672 E.0155
G1 X130.002 Y101.687 E.00669
G1 X130.002 Y100.723 E.03263
G1 X129.667 Y99.998 E.02703
G1 X125.904 Y99.998 E.12737
G1 X125.437 Y100.517 E.02363
G1 X125 Y100.817 E.01794
G1 X123.69 Y101.34 E.04775
G1 X123.253 Y101.306 E.01484
G1 X122.679 Y99.998 E.04835
G1 X120.179 Y99.998 E.08462
;LAYER_CHANGE
;Z:9.8
;HEIGHT:0.2
;BEFORE_LAYER_CHANGE
G92 E0.0
;9.8


;WIPE_START
G1 F8640
G1 X122.679 Y99.998 E-.57726
G1 X123.067 Y100.881 E-.22274
;WIPE_END
G1 Z9.8 F720
;AFTER_LAYER_CHANGE
;9.8
G1 Z10.2
G1 X119.632 Y110.368 F10800
G1 Z9.8 F720
G1 E.8 F2100
M204 S800
;TYPE:Perimeter
;WIDTH:0.449999
G1 F900
G1 X119.632 Y99.632 E.3634
G1 X130.368 Y99.632 E.3634
G1 X130.368 Y110.368 E.3634
G1 X119.692 Y110.368 E.36137
M204 S1000
G1 X119.225 Y110.775 F10800
M204 S800
;TYPE:External perimeter
G1 F900
G1 X119.225 Y99.225 E.39095
G1 X130.775 Y99.225 E.39095
M73 P39 R14
M73 Q39 S14
G1 X130.775 Y110.775 E.39095
G1 X119.285 Y110.775 E.38892
M204 S1000
;WIPE_START
G1 F8640
G1 X119.225 Y110.775 E-.01385
G1 X119.225 Y107.37 E-.78615
;WIPE_END
G1 Z10.2 F720
G1 X119.998 Y108.158 F10800
G1 Z9.8 F720
G1 E.8 F2100
;TYPE:Internal infill
;WIDTH:0.45
G1 F900
G1 X119.998 Y110.002 E.06242
G1 X120.654 Y110.002 E.0222
G1 X121.142 Y109.368 E.02708
G1 X122.375 Y108.494 E.05116
G1 X122.694 Y108.057 E.01831
G1 X122.729 Y107.621 E.01481
G1 X122.491 Y106.747 E.03066
G1 X122.247 Y106.31 E.01694
G1 X121.869 Y105.874 E.01953
G1 X120.636 Y105 E.05116
G1 X120.318 Y104.563 E.01829
G1 X120.283 Y104.126 E.01484
G1 X120.521 Y103.253 E.03063
G1 X120.764 Y102.816 E.01693
G1 X121.142 Y102.379 E.01956
G1 X122.375 Y101.506 E.05114
G1 X122.694 Y101.069 E.01831
G1 X122.729 Y100.632 E.01484
G1 X122.556 Y99.998 E.02224
G1 X125.851 Y99.998 E.11153
G1 X125.364 Y100.632 E.02706
G1 X124.131 Y101.506 E.05116
G1 X123.812 Y101.943 E.01831
G1 X123.777 Y102.379 E.01481
G1 X124.015 Y103.253 E.03066
G1 X124.258 Y103.69 E.01693
G1 X124.637 Y104.126 E.01955
G1 X125.869 Y105 E.05113
G1 X126.188 Y105.437 E.01831
G1 X126.223 Y105.874 E.01484
G1 X125.985 Y106.747 E.03063
G1 X125.742 Y107.184 E.01693
G1 X125.364 Y107.621 E.01956
G1 X124.131 Y108.494 E.05114
G1 X123.812 Y108.931 E.01831
G1 X123.777 Y109.368 E.01484
G1 X123.95 Y110.002 E.02224
G1 X127.643 Y110.002 E.125
G1 X128.131 Y109.368 E.02708
G1 X129.364 Y108.494 E.05116
G1 X129.682 Y108.057 E.01829
G1 X129.717 Y107.621 E.01481
G1 X129.479 Y106.747 E.03066
G1 X129.236 Y106.31 E.01693
G1 X128.858 Y105.874 E.01953
G1 X127.625 Y105 E.05116
G1 X127.306 Y104.563 E.01831
G1 X127.271 Y104.126 E.01484
G1 X127.509 Y103.253 E.03063
G1 X127.753 Y102.816 E.01694
G1 X128.131 Y102.379 E.01956
G1 X129.364 Y101.506 E.05114
G1 X129.682 Y101.069 E.01829
G1 X129.717 Y100.632 E.01484
G1 X129.544 Y99.998 E.02224
G1 X127.044 Y99.998 E.08462
;LAYER_CHANGE
;Z:10
;HEIGHT:0.2
;BEFORE_LAYER_CHANGE
G92 E0.0
;10


;WIPE_START
G1 F8640
G1 X129.544 Y99.998 E-.57726
G1 X129.717 Y100.632 E-.15174
G1 X129.693 Y100.939 E-.071
;WIPE_END
G1 Z10 F720
;AFTER_LAYER_CHANGE
;10
G1 Z10.4
G1 X119.632 Y110.368 F10800
G1 Z10 F720
G1 E.8 F2100
M204 S800
;TYPE:Perimeter
;WIDTH:0.449999
G1 F900
G1 X119.632 Y99.632 E.3634
G1 X130.368 Y99.632 E.3634
G1 X130.368 Y110.368 E.3634
G1 X119.692 Y110.368 E.36137
M204 S1000
G1 X119.225 Y110.775 F10800
M204 S800
;TYPE:External perimeter
G1 F900
G1 X119.225 Y99.225 E.39095
G1 X130.775 Y99.225 E.39095
G1 X130.775 Y110.775 E.39095
G1 X119.285 Y110.775 E.38892
M204 S1000
;WIPE_START
G1 F8640
G1 X119.225 Y110.775 E-.01385
G1 X119.225 Y107.37 E-.78615
;WIPE_END
G1 Z10.4 F720
G1 X119.998 Y108.182 F10800
G1 Z10 F720
G1 E.8 F2100
;TYPE:Internal infill
;WIDTH:0.45
G1 F900
G1 X119.998 Y110.002 E.0616
G1 X120.678 Y110.002 E.02302
G1 X121.06 Y109.368 E.02505
G1 X122.042 Y108.494 E.0445
G1 X122.401 Y108.057 E.01914
G1 X122.533 Y107.621 E.01542
M73 P40 R14
G1 X122.433 Y106.747 E.02978
G1 X122.251 Y106.31 E.01602
G1 X121.951 Y105.874 E.01791
G1 X120.97 Y105 E.04447
G1 X120.611 Y104.563 E.01914
M73 Q40 S14
G1 X120.479 Y104.126 E.01545
G1 X120.578 Y103.253 E.02974
G1 X120.761 Y102.816 E.01604
G1 X121.06 Y102.379 E.01792
G1 X122.042 Y101.506 E.04448
G1 X122.401 Y101.069 E.01914
G1 X122.533 Y100.632 E.01545
G1 X122.461 Y99.998 E.0216
G1 X125.827 Y99.998 E.11394
G1 X125.446 Y100.632 E.02504
G1 X124.464 Y101.506 E.0445
G1 X124.105 Y101.943 E.01914
G1 X123.973 Y102.379 E.01542
G1 X124.072 Y103.253 E.02977
G1 X124.255 Y103.69 E.01604
G1 X124.554 Y104.126 E.0179
G1 X125.536 Y105 E.0445
G1 X125.895 Y105.437 E.01914
G1 X126.027 Y105.874 E.01545
G1 X125.928 Y106.747 E.02974
G1 X125.745 Y107.184 E.01604
G1 X125.446 Y107.621 E.01792
G1 X124.464 Y108.494 E.04448
G1 X124.105 Y108.931 E.01914
G1 X123.973 Y109.368 E.01545
G1 X124.045 Y110.002 E.0216
G1 X127.667 Y110.002 E.1226
G1 X128.049 Y109.368 E.02505
G1 X129.03 Y108.494 E.04447
G1 X129.389 Y108.057 E.01914
G1 X129.521 Y107.621 E.01542
G1 X129.422 Y106.747 E.02977
G1 X129.239 Y106.31 E.01604
G1 X128.94 Y105.874 E.0179
G1 X127.958 Y105 E.0445
G1 X127.599 Y104.563 E.01914
G1 X127.467 Y104.126 E.01545
G1 X127.567 Y103.253 E.02974
G1 X127.749 Y102.816 E.01602
G1 X128.049 Y102.379 E.01794
G1 X129.03 Y101.506 E.04445
G1 X129.389 Y101.069 E.01914
G1 X129.521 Y100.632 E.01545
G1 X129.449 Y99.998 E.0216
G1 X130.002 Y99.998 E.01872
G1 X130.002 Y101.946 E.06594
;LAYER_CHANGE
;Z:10.2
;HEIGHT:0.2
;BEFORE_LAYER_CHANGE
G92 E0.0
;10.2


;WIPE_START
G1 F8640
G1 X130.002 Y99.998 E-.4498
G1 X129.449 Y99.998 E-.12769
G1 X129.521 Y100.632 E-.14733
G1 X129.427 Y100.944 E-.07518
;WIPE_END
G1 Z10.2 F720
;AFTER_LAYER_CHANGE
;10.2
G1 Z10.6
G1 X119.632 Y110.368 F10800
G1 Z10.2 F720
G1 E.8 F2100
M204 S800
;TYPE:Perimeter
;WIDTH:0.449999
G1 F900
G1 X119.632 Y99.632 E.3634
G1 X130.368 Y99.632 E.3634
M73 P40 R13
G1 X130.368 Y110.368 E.3634
G1 X119.692 Y110.368 E.36137
M73 Q40 S13
M204 S1000
G1 X119.225 Y110.775 F10800
M204 S800
;TYPE:External perimeter
G1 F900
G1 X119.225 Y99.225 E.39095
G1 X130.775 Y99.225 E.39095
G1 X130.775 Y110.775 E.39095
G1 X119.285 Y110.775 E.38892
M204 S1000
;WIPE_START
G1 F8640
G1 X119.225 Y110.775 E-.01385
G1 X119.225 Y107.37 E-.78615
;WIPE_END
G1 Z10.6 F720
G1 X119.998 Y100.08 F10800
G1 Z10.2 F720
G1 E.8 F2100
;TYPE:Internal infill
;WIDTH:0.45
G1 F900
G1 X119.998 Y99.998 E.00278
G1 X122.417 Y99.998 E.08188
G1 X122.434 Y100.195 E.00669
G1 X122.373 Y100.632 E.01494
G1 X122.175 Y101.069 E.01624
G1 X120.97 Y102.379 E.06025
G1 X120.738 Y102.816 E.01675
G1 X120.614 Y103.253 E.01538
G1 X120.578 Y103.69 E.01484
G1 X120.639 Y104.126 E.0149
G1 X120.837 Y104.563 E.01624
G1 X122.042 Y105.874 E.06027
G1 X122.273 Y106.31 E.0167
G1 X122.397 Y106.747 E.01538
G1 X122.434 Y107.184 E.01484
G1 X122.373 Y107.621 E.01494
G1 X122.175 Y108.057 E.01621
G1 X120.97 Y109.368 E.06027
G1 X120.682 Y110.002 E.02357
G1 X124.089 Y110.002 E.11532
G1 X124.133 Y109.368 E.02151
G1 X124.331 Y108.931 E.01624
G1 X125.536 Y107.621 E.06025
G1 X125.768 Y107.184 E.01675
G1 X125.892 Y106.747 E.01538
G1 X125.928 Y106.31 E.01484
G1 X125.867 Y105.874 E.0149
G1 X125.669 Y105.437 E.01624
G1 X124.464 Y104.126 E.06027
G1 X124.232 Y103.69 E.01672
G1 X124.108 Y103.253 E.01538
G1 X124.072 Y102.816 E.01484
G1 X124.133 Y102.379 E.01494
G1 X124.331 Y101.943 E.01621
G1 X125.536 Y100.632 E.06027
G1 X125.824 Y99.998 E.02357
G1 X129.406 Y99.998 E.12125
G1 X129.362 Y100.632 E.02151
G1 X129.163 Y101.069 E.01625
G1 X127.958 Y102.379 E.06025
G1 X127.727 Y102.816 E.01673
G1 X127.603 Y103.253 E.01538
G1 X127.566 Y103.69 E.01484
G1 X127.627 Y104.126 E.0149
G1 X127.825 Y104.563 E.01624
G1 X129.03 Y105.874 E.06027
G1 X129.262 Y106.31 E.01672
G1 X129.386 Y106.747 E.01538
G1 X129.422 Y107.184 E.01484
G1 X129.362 Y107.621 E.01493
G1 X129.163 Y108.057 E.01622
G1 X127.958 Y109.368 E.06027
G1 X127.671 Y110.002 E.02356
G1 X130.002 Y110.002 E.0789
G1 X130.002 Y109.833 E.00572
;LAYER_CHANGE
;Z:10.4
;HEIGHT:0.2
;BEFORE_LAYER_CHANGE
G92 E0.0
;10.4


;WIPE_START
G1 F8640
G1 X130.002 Y110.002 E-.03902
G1 X127.671 Y110.002 E-.53823
G1 X127.958 Y109.368 E-.16069
G1 X128.14 Y109.17 E-.06206
;WIPE_END
G1 Z10.4 F720
;AFTER_LAYER_CHANGE
;10.4
G1 Z10.8
G1 X119.632 Y110.368 F10800
G1 Z10.4 F720
G1 E.8 F2100
M204 S800
;TYPE:Perimeter
;WIDTH:0.449999
G1 F900
G1 X119.632 Y99.632 E.3634
G1 X130.368 Y99.632 E.3634
M73 P41 R13
M73 Q41 S13
G1 X130.368 Y110.368 E.3634
G1 X119.692 Y110.368 E.36137
M204 S1000
G1 X119.225 Y110.775 F10800
M204 S800
;TYPE:External perimeter
G1 F900
G1 X119.225 Y99.225 E.39095
G1 X130.775 Y99.225 E.39095
G1 X130.775 Y110.775 E.39095
G1 X119.285 Y110.775 E.38892
M204 S1000
;WIPE_START
G1 F8640
G1 X119.225 Y110.775 E-.01385
G1 X119.225 Y107.37 E-.78615
;WIPE_END
G1 Z10.8 F720
G1 X119.998 Y108.171 F10800
G1 Z10.4 F720
G1 E.8 F2100
;TYPE:Internal infill
;WIDTH:0.45
G1 F900
G1 X119.998 Y110.002 E.06198
G1 X120.668 Y110.002 E.02268
G1 X120.868 Y109.368 E.0225
G1 X121.17 Y108.931 E.01798
G1 X121.985 Y108.057 E.04045
G1 X122.24 Y107.621 E.0171
G1 X122.36 Y107.184 E.01534
G1 X122.381 Y106.747 E.01481
G1 X122.314 Y106.31 E.01496
G1 X122.144 Y105.874 E.01584
G1 X121.842 Y105.437 E.01798
G1 X121.027 Y104.563 E.04045
G1 X120.772 Y104.126 E.01713
G1 X120.651 Y103.69 E.01532
G1 X120.631 Y103.253 E.01481
G1 X120.698 Y102.816 E.01496
G1 X120.868 Y102.379 E.01587
G1 X121.17 Y101.943 E.01795
G1 X121.985 Y101.069 E.04045
G1 X122.24 Y100.632 E.01713
G1 X122.369 Y99.998 E.0219
G1 X125.838 Y99.998 E.11742
G1 X125.638 Y100.632 E.0225
G1 X125.336 Y101.069 E.01798
G1 X124.521 Y101.943 E.04045
G1 X124.266 Y102.379 E.0171
G1 X124.146 Y102.816 E.01534
G1 X124.125 Y103.253 E.01481
G1 X124.192 Y103.69 E.01496
G1 X124.362 Y104.126 E.01584
G1 X124.664 Y104.563 E.01798
G1 X125.479 Y105.437 E.04045
G1 X125.734 Y105.874 E.01713
G1 X125.854 Y106.31 E.01531
G1 X125.875 Y106.747 E.01481
G1 X125.808 Y107.184 E.01496
G1 X125.638 Y107.621 E.01587
G1 X125.336 Y108.057 E.01795
G1 X124.521 Y108.931 E.04045
G1 X124.266 Y109.368 E.01713
G1 X124.136 Y110.002 E.02191
G1 X127.656 Y110.002 E.11915
G1 X127.856 Y109.368 E.0225
G1 X128.158 Y108.931 E.01798
G1 X128.973 Y108.057 E.04045
G1 X129.228 Y107.621 E.0171
G1 X129.349 Y107.184 E.01535
G1 X129.369 Y106.747 E.01481
G1 X129.302 Y106.31 E.01496
G1 X129.132 Y105.874 E.01584
G1 X128.83 Y105.437 E.01798
G1 X128.015 Y104.563 E.04045
G1 X127.76 Y104.126 E.01713
G1 X127.64 Y103.69 E.01531
G1 X127.619 Y103.253 E.01481
G1 X127.686 Y102.816 E.01496
G1 X127.856 Y102.379 E.01587
G1 X128.158 Y101.943 E.01795
G1 X128.973 Y101.069 E.04045
G1 X129.228 Y100.632 E.01713
G1 X129.358 Y99.998 E.02191
G1 X130.002 Y99.998 E.0218
G1 X130.002 Y101.855 E.06286
;LAYER_CHANGE
;Z:10.6
;HEIGHT:0.200001
;BEFORE_LAYER_CHANGE
G92 E0.0
;10.6


;WIPE_START
G1 F8640
G1 X130.002 Y99.998 E-.42879
G1 X129.358 Y99.998 E-.1487
G1 X129.228 Y100.632 E-.14944
G1 X129.069 Y100.905 E-.07307
;WIPE_END
G1 Z10.6 F720
;AFTER_LAYER_CHANGE
;10.6
G1 Z11
G1 X119.632 Y110.368 F10800
G1 Z10.6 F720
G1 E.8 F2100
M204 S800
;TYPE:Perimeter
;WIDTH:0.449999
G1 F900
G1 X119.632 Y99.632 E.3634
G1 X130.368 Y99.632 E.3634
G1 X130.368 Y110.368 E.3634
G1 X119.692 Y110.368 E.36137
M204 S1000
G1 X119.225 Y110.775 F10800
M204 S800
;TYPE:External perimeter
G1 F900
G1 X119.225 Y99.225 E.39095
G1 X130.775 Y99.225 E.39095
G1 X130.775 Y110.775 E.39095
M73 P42 R13
G1 X119.285 Y110.775 E.38892
M73 Q42 S13
M204 S1000
;WIPE_START
G1 F8640
G1 X119.225 Y110.775 E-.01385
G1 X119.225 Y107.37 E-.78615
;WIPE_END
G1 Z11 F720
G1 X119.998 Y100.157 F10800
G1 Z10.6 F720
G1 E.8 F2100
;TYPE:Internal infill
;WIDTH:0.45
G1 F900
G1 X119.998 Y99.998 E.00538
G1 X122.34 Y99.998 E.07927
G1 X122.125 Y100.632 E.02266
G1 X121.813 Y101.069 E.01818
G1 X120.995 Y101.943 E.04052
G1 X120.75 Y102.379 E.01693
G1 X120.64 Y102.816 E.01525
G1 X120.629 Y103.253 E.0148
G1 X120.706 Y103.69 E.01502
G1 X120.886 Y104.126 E.01597
G1 X121.199 Y104.563 E.01819
G1 X122.016 Y105.437 E.0405
G1 X122.261 Y105.874 E.01696
G1 X122.371 Y106.31 E.01522
G1 X122.382 Y106.747 E.0148
G1 X122.305 Y107.184 E.01502
G1 X122.125 Y107.621 E.016
G1 X121.813 Y108.057 E.01815
G1 X120.995 Y108.931 E.04052
G1 X120.75 Y109.368 E.01696
G1 X120.635 Y110.002 E.02181
G1 X124.166 Y110.002 E.11952
G1 X124.38 Y109.368 E.02265
G1 X124.693 Y108.931 E.01819
G1 X125.51 Y108.057 E.0405
G1 X125.755 Y107.621 E.01693
G1 X125.866 Y107.184 E.01526
G1 X125.877 Y106.747 E.0148
G1 X125.8 Y106.31 E.01502
G1 X125.62 Y105.874 E.01597
G1 X125.307 Y105.437 E.01819
G1 X124.49 Y104.563 E.0405
G1 X124.245 Y104.126 E.01696
G1 X124.134 Y103.69 E.01523
G1 X124.123 Y103.253 E.0148
G1 X124.2 Y102.816 E.01502
G1 X124.38 Y102.379 E.016
G1 X124.693 Y101.943 E.01817
G1 X125.51 Y101.069 E.0405
G1 X125.755 Y100.632 E.01696
G1 X125.871 Y99.998 E.02182
G1 X129.329 Y99.998 E.11705
G1 X129.114 Y100.632 E.02266
G1 X128.801 Y101.069 E.01819
G1 X127.984 Y101.943 E.0405
G1 X127.739 Y102.379 E.01693
G1 X127.629 Y102.816 E.01525
G1 X127.618 Y103.253 E.0148
G1 X127.695 Y103.69 E.01502
G1 X127.875 Y104.126 E.01597
G1 X128.187 Y104.563 E.01818
G1 X129.005 Y105.437 E.04052
G1 X129.25 Y105.874 E.01696
G1 X129.36 Y106.31 E.01522
G1 X129.371 Y106.747 E.0148
G1 X129.294 Y107.184 E.01502
G1 X129.114 Y107.621 E.016
G1 X128.801 Y108.057 E.01817
G1 X127.984 Y108.931 E.0405
G1 X127.739 Y109.368 E.01696
G1 X127.624 Y110.002 E.02181
G1 X130.002 Y110.002 E.08049
G1 X130.002 Y109.88 E.00413
;LAYER_CHANGE
;Z:10.8
;HEIGHT:0.2
;BEFORE_LAYER_CHANGE
G92 E0.0
;10.8


;WIPE_START
G1 F8640
G1 X130.002 Y110.002 E-.02817
G1 X127.624 Y110.002 E-.54909
G1 X127.739 Y109.368 E-.14878
G1 X127.896 Y109.089 E-.07396
;WIPE_END
G1 Z10.8 F720
;AFTER_LAYER_CHANGE
;10.8
G1 Z11.2
G1 X119.632 Y110.368 F10800
G1 Z10.8 F720
G1 E.8 F2100
M204 S800
;TYPE:Perimeter
;WIDTH:0.449999
G1 F900
G1 X119.632 Y99.632 E.3634
G1 X130.368 Y99.632 E.3634
G1 X130.368 Y110.368 E.3634
G1 X119.692 Y110.368 E.36137
M204 S1000
G1 X119.225 Y110.775 F10800
M204 S800
;TYPE:External perimeter
G1 F900
G1 X119.225 Y99.225 E.39095
G1 X130.775 Y99.225 E.39095
G1 X130.775 Y110.775 E.39095
G1 X119.285 Y110.775 E.38892
M204 S1000
;WIPE_START
G1 F8640
G1 X119.225 Y110.775 E-.01385
G1 X119.225 Y107.37 E-.78615
;WIPE_END
G1 Z11.2 F720
G1 X119.998 Y100.168 F10800
G1 Z10.8 F720
G1 E.8 F2100
;TYPE:Internal infill
;WIDTH:0.45
G1 F900
G1 X119.998 Y99.998 E.00575
G1 X122.329 Y99.998 E.0789
G1 X122.026 Y100.632 E.02379
G1 X120.801 Y101.943 E.06073
G1 X120.613 Y102.379 E.01607
G1 X120.563 Y102.816 E.01489
G1 X120.609 Y103.253 E.01487
G1 X120.743 Y103.69 E.01547
G1 X120.986 Y104.126 E.0169
G1 X122.211 Y105.437 E.06073
G1 X122.399 Y105.874 E.0161
G1 X122.448 Y106.31 E.01485
G1 X122.402 Y106.747 E.01487
G1 X122.268 Y107.184 E.01547
G1 X122.026 Y107.621 E.01691
G1 X120.801 Y108.931 E.06071
G1 X120.613 Y109.368 E.0161
G1 X120.584 Y110.002 E.02148
G1 X124.177 Y110.002 E.12162
G1 X124.48 Y109.368 E.02379
G1 X125.705 Y108.057 E.06073
G1 X125.893 Y107.621 E.01607
G1 X125.943 Y107.184 E.01489
G1 X125.897 Y106.747 E.01487
G1 X125.762 Y106.31 E.01548
G1 X125.52 Y105.874 E.01688
G1 X124.295 Y104.563 E.06073
G1 X124.107 Y104.126 E.0161
G1 X124.057 Y103.69 E.01485
G1 X124.104 Y103.253 E.01488
G1 X124.238 Y102.816 E.01547
G1 X124.48 Y102.379 E.01691
M73 P43 R13
G1 X125.705 Y101.069 E.06071
G1 X125.893 Y100.632 E.0161
G1 X125.922 Y99.998 E.02148
G1 X129.317 Y99.998 E.11492
G1 X129.014 Y100.632 E.02379
M73 Q43 S13
G1 X127.789 Y101.943 E.06073
G1 X127.601 Y102.379 E.01607
G1 X127.552 Y102.816 E.01488
G1 X127.598 Y103.253 E.01487
G1 X127.732 Y103.69 E.01547
G1 X127.974 Y104.126 E.01688
G1 X129.199 Y105.437 E.06073
G1 X129.387 Y105.874 E.0161
G1 X129.437 Y106.31 E.01485
G1 X129.391 Y106.747 E.01487
G1 X129.257 Y107.184 E.01547
G1 X129.014 Y107.621 E.01693
G1 X127.789 Y108.931 E.06071
G1 X127.601 Y109.368 E.0161
G1 X127.552 Y109.805 E.01488
G1 X127.572 Y110.002 E.0067
G1 X130.002 Y110.002 E.08225
G1 X130.002 Y109.931 E.0024
;LAYER_CHANGE
;Z:11
;HEIGHT:0.2
;BEFORE_LAYER_CHANGE
G92 E0.0
;11


;WIPE_START
G1 F8640
G1 X130.002 Y110.002 E-.01639
G1 X127.572 Y110.002 E-.56109
G1 X127.552 Y109.805 E-.04572
G1 X127.601 Y109.368 E-.10154
G1 X127.73 Y109.069 E-.07526
;WIPE_END
G1 Z11 F720
;AFTER_LAYER_CHANGE
;11
G1 Z11.4
G1 X119.632 Y110.368 F10800
G1 Z11 F720
G1 E.8 F2100
M204 S800
;TYPE:Perimeter
;WIDTH:0.449999
G1 F900
G1 X119.632 Y99.632 E.3634
G1 X130.368 Y99.632 E.3634
G1 X130.368 Y110.368 E.3634
G1 X119.692 Y110.368 E.36137
M204 S1000
G1 X119.225 Y110.775 F10800
M204 S800
;TYPE:External perimeter
G1 F900
G1 X119.225 Y99.225 E.39095
G1 X130.775 Y99.225 E.39095
G1 X130.775 Y110.775 E.39095
G1 X119.285 Y110.775 E.38892
M204 S1000
;WIPE_START
G1 F8640
G1 X119.225 Y110.775 E-.01385
G1 X119.225 Y107.37 E-.78615
;WIPE_END
G1 Z11.4 F720
G1 X119.998 Y100.161 F10800
G1 Z11 F720
G1 E.8 F2100
;TYPE:Internal infill
;WIDTH:0.45
G1 F900
G1 X119.998 Y99.998 E.00552
G1 X122.336 Y99.998 E.07914
G1 X121.937 Y100.632 E.02536
G1 X120.921 Y101.506 E.04536
G1 X120.566 Y101.943 E.01906
G1 X120.448 Y102.379 E.01529
G1 X120.57 Y103.253 E.02987
G1 X120.763 Y103.69 E.01617
G1 X121.075 Y104.126 E.01815
G1 X122.091 Y105 E.04536
G1 X122.446 Y105.437 E.01906
G1 X122.564 Y105.874 E.01532
G1 X122.442 Y106.747 E.02984
G1 X122.249 Y107.184 E.01617
G1 X121.937 Y107.621 E.01818
G1 X120.921 Y108.494 E.04534
G1 X120.566 Y108.931 E.01906
G1 X120.448 Y109.368 E.01532
G1 X120.536 Y110.002 E.02167
G1 X124.17 Y110.002 E.12301
G1 X124.569 Y109.368 E.02536
G1 X125.585 Y108.494 E.04536
G1 X125.94 Y108.057 E.01906
G1 X126.058 Y107.621 E.01529
G1 X125.936 Y106.747 E.02987
G1 X125.743 Y106.31 E.01617
G1 X125.431 Y105.874 E.01815
G1 X124.415 Y105 E.04536
G1 X124.06 Y104.563 E.01906
G1 X123.942 Y104.126 E.01532
G1 X124.064 Y103.253 E.02984
G1 X124.257 Y102.816 E.01617
G1 X124.569 Y102.379 E.01818
G1 X125.585 Y101.506 E.04534
G1 X125.94 Y101.069 E.01906
G1 X126.058 Y100.632 E.01532
G1 X125.969 Y99.998 E.02167
G1 X129.324 Y99.998 E.11356
G1 X128.925 Y100.632 E.02536
G1 X127.909 Y101.506 E.04536
G1 X127.554 Y101.943 E.01906
G1 X127.436 Y102.379 E.01529
G1 X127.558 Y103.253 E.02987
G1 X127.751 Y103.69 E.01617
G1 X128.063 Y104.126 E.01815
G1 X129.079 Y105 E.04536
G1 X129.434 Y105.437 E.01906
G1 X129.552 Y105.874 E.01532
G1 X129.43 Y106.747 E.02984
G1 X129.237 Y107.184 E.01617
G1 X128.925 Y107.621 E.01818
G1 X127.909 Y108.494 E.04534
G1 X127.554 Y108.931 E.01906
G1 X127.436 Y109.368 E.01532
G1 X127.525 Y110.002 E.02167
G1 X130.002 Y109.978 E.08385
;LAYER_CHANGE
;Z:11.2
;HEIGHT:0.2
;BEFORE_LAYER_CHANGE
G92 E0.0
;11.2


;WIPE_START
G1 F8640
G1 X127.525 Y110.002 E-.57197
G1 X127.436 Y109.368 E-.14783
G1 X127.527 Y109.033 E-.0802
;WIPE_END
G1 Z11.2 F720
;AFTER_LAYER_CHANGE
;11.2
G1 Z11.6
G1 X119.632 Y110.368 F10800
G1 Z11.2 F720
G1 E.8 F2100
M204 S800
;TYPE:Perimeter
;WIDTH:0.449999
G1 F900
G1 X119.632 Y99.632 E.3634
G1 X130.368 Y99.632 E.3634
G1 X130.368 Y110.368 E.3634
G1 X119.692 Y110.368 E.36137
M73 P44 R13
M73 Q44 S13
M204 S1000
G1 X119.225 Y110.775 F10800
M204 S800
;TYPE:External perimeter
G1 F900
G1 X119.225 Y99.225 E.39095
G1 X130.775 Y99.225 E.39095
G1 X130.775 Y110.775 E.39095
G1 X119.285 Y110.775 E.38892
M204 S1000
;WIPE_START
G1 F8640
G1 X119.225 Y110.775 E-.01385
G1 X119.225 Y107.37 E-.78615
;WIPE_END
G1 Z11.6 F720
G1 X119.998 Y100.133 F10800
G1 Z11.2 F720
G1 E.8 F2100
;TYPE:Internal infill
;WIDTH:0.45
G1 F900
G1 X119.998 Y99.998 E.00457
G1 X122.364 Y99.998 E.08009
G1 X121.856 Y100.632 E.0275
G1 X120.559 Y101.506 E.05294
G1 X120.255 Y101.943 E.01802
G1 X120.244 Y102.379 E.01476
G1 X120.509 Y103.253 E.03091
G1 X120.763 Y103.69 E.01711
G1 X121.156 Y104.126 E.01987
G1 X122.453 Y105 E.05294
G1 X122.756 Y105.437 E.018
G1 X122.767 Y105.874 E.0148
G1 X122.503 Y106.747 E.03087
G1 X122.249 Y107.184 E.01711
G1 X121.856 Y107.621 E.01989
G1 X120.559 Y108.494 E.05292
G1 X120.255 Y108.931 E.01802
G1 X120.244 Y109.368 E.0148
G1 X120.436 Y110.002 E.02242
G1 X124.142 Y110.002 E.12544
G1 X124.65 Y109.368 E.0275
G1 X125.947 Y108.494 E.05294
G1 X126.25 Y108.057 E.018
G1 X126.261 Y107.621 E.01476
G1 X125.997 Y106.747 E.0309
G1 X125.743 Y106.31 E.01711
G1 X125.35 Y105.874 E.01987
G1 X124.053 Y105 E.05294
G1 X123.75 Y104.563 E.018
G1 X123.739 Y104.126 E.0148
G1 X124.003 Y103.253 E.03087
G1 X124.257 Y102.816 E.01711
G1 X124.65 Y102.379 E.01989
G1 X125.947 Y101.506 E.05292
G1 X126.25 Y101.069 E.018
G1 X126.261 Y100.632 E.0148
G1 X126.07 Y99.998 E.02241
G1 X129.352 Y99.998 E.11109
G1 X128.844 Y100.632 E.0275
G1 X127.547 Y101.506 E.05294
G1 X127.244 Y101.943 E.018
G1 X127.233 Y102.379 E.01476
G1 X127.497 Y103.253 E.0309
G1 X127.751 Y103.69 E.01711
M73 P44 R12
G1 X128.144 Y104.126 E.01987
G1 X129.441 Y105 E.05294
G1 X129.745 Y105.437 E.01802
G1 X129.756 Y105.874 E.0148
G1 X129.491 Y106.747 E.03088
G1 X129.237 Y107.184 E.01711
G1 X128.844 Y107.621 E.01989
G1 X127.547 Y108.494 E.05292
G1 X127.244 Y108.931 E.018
G1 X127.233 Y109.368 E.0148
G1 X127.424 Y110.002 E.02241
G1 X129.924 Y110.002 E.08462
;LAYER_CHANGE
;Z:11.4
;HEIGHT:0.2
;BEFORE_LAYER_CHANGE
G92 E0.0
;11.4


;WIPE_START
G1 F8640
G1 X127.424 Y110.002 E-.57726
G1 X127.233 Y109.368 E-.15289
G1 X127.241 Y109.066 E-.06985
;WIPE_END
G1 Z11.4 F720
;AFTER_LAYER_CHANGE
;11.4
G1 Z11.8
G1 X119.632 Y110.368 F10800
G1 Z11.4 F720
G1 E.8 F2100
M204 S800
;TYPE:Perimeter
;WIDTH:0.449999
G1 F900
G1 X119.632 Y99.632 E.3634
G1 X130.368 Y99.632 E.3634
M73 Q44 S12
G1 X130.368 Y110.368 E.3634
G1 X119.692 Y110.368 E.36137
M204 S1000
G1 X119.225 Y110.775 F10800
M204 S800
;TYPE:External perimeter
G1 F900
G1 X119.225 Y99.225 E.39095
G1 X130.775 Y99.225 E.39095
G1 X130.775 Y110.775 E.39095
G1 X119.285 Y110.775 E.38892
M204 S1000
;WIPE_START
G1 F8640
M73 P45 R12
M73 Q45 S12
G1 X119.225 Y110.775 E-.01385
G1 X119.225 Y107.37 E-.78615
;WIPE_END
G1 Z11.8 F720
G1 X129.87 Y110.002 F10800
G1 Z11.4 F720
G1 E.8 F2100
;TYPE:Internal infill
;WIDTH:0.45
G1 F900
G1 X127.37 Y110.002 E.08462
G1 X127.184 Y109.82 E.00881
G1 X126.747 Y108.93 E.03356
G1 X126.31 Y108.752 E.01597
G1 X125.874 Y108.844 E.01508
G1 X125 Y109.199 E.03193
G1 X124.563 Y109.488 E.01773
G1 X124.032 Y110.002 E.02502
G1 X120.381 Y110.002 E.12358
G1 X120.195 Y109.82 E.00881
G1 X119.998 Y109.419 E.01512
G1 X119.998 Y108.156 E.04275
G1 X120.195 Y108.237 E.00721
G1 X120.632 Y108.145 E.01512
G1 X121.506 Y107.79 E.03193
G1 X121.943 Y107.5 E.01775
G1 X122.379 Y107.054 E.02111
G1 X122.816 Y106.326 E.02874
G1 X123.253 Y105.436 E.03356
G1 X123.69 Y105.257 E.01598
G1 X124.126 Y105.349 E.01508
G1 X125 Y105.705 E.03194
G1 X125.437 Y105.994 E.01773
G1 X125.874 Y106.44 E.02114
G1 X126.31 Y107.168 E.02872
G1 X126.747 Y108.058 E.03356
G1 X127.184 Y108.237 E.01598
G1 X127.621 Y108.145 E.01512
G1 X128.494 Y107.79 E.0319
G1 X128.931 Y107.5 E.01775
G1 X129.368 Y107.054 E.02114
G1 X130.002 Y105.925 E.04383
G1 X130.002 Y104.662 E.04275
G1 X129.805 Y104.743 E.00721
G1 X129.368 Y104.651 E.01512
G1 X128.494 Y104.295 E.03194
G1 X128.057 Y104.006 E.01773
G1 X127.621 Y103.56 E.02111
G1 X127.184 Y102.832 E.02874
G1 X126.747 Y101.942 E.03356
G1 X126.31 Y101.763 E.01598
G1 X125.874 Y101.855 E.01508
G1 X125 Y102.21 E.03193
G1 X124.563 Y102.5 E.01775
G1 X124.126 Y102.946 E.02114
G1 X123.69 Y103.674 E.02872
G1 X123.253 Y104.564 E.03356
G1 X122.816 Y104.743 E.01598
G1 X122.379 Y104.651 E.01512
G1 X121.506 Y104.295 E.03191
G1 X121.069 Y104.006 E.01773
G1 X120.632 Y103.56 E.02114
G1 X119.998 Y102.43 E.04386
G1 X119.998 Y101.168 E.04272
G1 X120.195 Y101.248 E.0072
G1 X120.632 Y101.156 E.01512
G1 X121.506 Y100.801 E.03193
G1 X121.943 Y100.512 E.01773
G1 X122.42 Y99.998 E.02374
G1 X126.202 Y99.998 E.12802
G1 X126.747 Y101.07 E.04071
G1 X127.184 Y101.248 E.01597
G1 X127.621 Y101.156 E.01512
G1 X128.494 Y100.801 E.0319
G1 X128.931 Y100.512 E.01773
G1 X129.408 Y99.998 E.02374
G1 X130.002 Y99.998 E.02011
G1 X130.002 Y101.905 E.06455
;LAYER_CHANGE
;Z:11.6
;HEIGHT:0.200001
;BEFORE_LAYER_CHANGE
G92 E0.0
;11.6


;WIPE_START
G1 F8640
G1 X130.002 Y99.998 E-.44033
G1 X129.408 Y99.998 E-.13716
G1 X128.931 Y100.512 E-.16192
G1 X128.712 Y100.657 E-.06059
;WIPE_END
G1 Z11.6 F720
;AFTER_LAYER_CHANGE
;11.6
G1 Z12
G1 X119.632 Y110.368 F10800
G1 Z11.6 F720
G1 E.8 F2100
M204 S800
;TYPE:Perimeter
;WIDTH:0.449999
G1 F900
G1 X119.632 Y99.632 E.3634
G1 X130.368 Y99.632 E.3634
G1 X130.368 Y110.368 E.3634
G1 X119.692 Y110.368 E.36137
M204 S1000
G1 X119.225 Y110.775 F10800
M204 S800
;TYPE:External perimeter
G1 F900
G1 X119.225 Y99.225 E.39095
G1 X130.775 Y99.225 E.39095
G1 X130.775 Y110.775 E.39095
G1 X119.285 Y110.775 E.38892
M204 S1000
;WIPE_START
G1 F8640
G1 X119.225 Y110.775 E-.01385
G1 X119.225 Y107.37 E-.78615
;WIPE_END
G1 Z12 F720
G1 X129.843 Y110.002 F10800
G1 Z11.6 F720
G1 E.8 F2100
;TYPE:Internal infill
;WIDTH:0.45
G1 F900
G1 X127.343 Y110.002 E.08462
G1 X126.31 Y109.14 E.04554
G1 X125.874 Y109.074 E.01493
G1 X125 Y109.274 E.03035
G1 X124.563 Y109.501 E.01667
G1 X124.126 Y109.857 E.01908
G1 X123.802 Y110.002 E.01202
G1 X120.355 Y110.002 E.11668
G1 X119.998 Y109.687 E.01612
G1 X119.998 Y107.697 E.06736
G1 X120.195 Y107.848 E.0084
G1 X120.632 Y107.914 E.01496
G1 X121.506 Y107.715 E.03034
G1 X121.943 Y107.488 E.01667
G1 X122.379 Y107.132 E.01905
G1 X123.253 Y105.981 E.04892
G1 X123.69 Y105.646 E.01864
G1 X124.126 Y105.58 E.01493
G1 X125 Y105.78 E.03035
G1 X125.437 Y106.007 E.01667
G1 X125.874 Y106.363 E.01908
G1 X126.747 Y107.513 E.04887
G1 X127.184 Y107.848 E.01864
G1 X127.621 Y107.914 E.01496
G1 X128.494 Y107.715 E.03031
G1 X128.931 Y107.488 E.01667
G1 X129.368 Y107.132 E.01908
G1 X130.002 Y106.297 E.03549
G1 X130.002 Y104.203 E.07088
G1 X129.805 Y104.354 E.0084
G1 X129.368 Y104.42 E.01496
G1 X128.494 Y104.22 E.03035
G1 X128.057 Y103.993 E.01667
G1 X127.621 Y103.637 E.01905
G1 X126.747 Y102.487 E.04889
G1 X126.31 Y102.152 E.01864
G1 X125.874 Y102.086 E.01493
G1 X125 Y102.285 E.03034
G1 X124.563 Y102.512 E.01667
M73 P46 R12
G1 X124.126 Y102.868 E.01908
G1 X123.253 Y104.019 E.0489
G1 X122.816 Y104.354 E.01864
G1 X122.379 Y104.42 E.01496
G1 X121.506 Y104.22 E.03032
G1 X121.069 Y103.993 E.01667
M73 Q46 S12
G1 X120.632 Y103.637 E.01908
G1 X119.998 Y102.803 E.03546
G1 X119.998 Y100.709 E.07088
G1 X120.195 Y100.86 E.0084
G1 X120.632 Y100.926 E.01496
G1 X121.506 Y100.726 E.03035
G1 X121.943 Y100.499 E.01667
G1 X122.489 Y99.998 E.02508
G1 X126.348 Y99.998 E.13062
G1 X126.747 Y100.525 E.02237
G1 X127.184 Y100.86 E.01864
G1 X127.621 Y100.926 E.01496
G1 X128.494 Y100.726 E.03032
G1 X128.931 Y100.499 E.01667
G1 X129.478 Y99.998 E.02511
G1 X130.002 Y99.998 E.01774
G1 X130.002 Y101.975 E.06692
;LAYER_CHANGE
;Z:11.8
;HEIGHT:0.2
;BEFORE_LAYER_CHANGE
G92 E0.0
;11.8


;WIPE_START
G1 F8640
G1 X130.002 Y99.998 E-.45649
G1 X129.478 Y99.998 E-.12099
G1 X128.931 Y100.499 E-.17127
G1 X128.734 Y100.601 E-.05125
;WIPE_END
G1 Z11.8 F720
;AFTER_LAYER_CHANGE
;11.8
G1 Z12.2
G1 X119.632 Y110.368 F10800
G1 Z11.8 F720
G1 E.8 F2100
M204 S800
;TYPE:Perimeter
;WIDTH:0.449999
G1 F900
G1 X119.632 Y99.632 E.3634
G1 X130.368 Y99.632 E.3634
G1 X130.368 Y110.368 E.3634
G1 X119.692 Y110.368 E.36137
M204 S1000
G1 X119.225 Y110.775 F10800
M204 S800
;TYPE:External perimeter
G1 F900
G1 X119.225 Y99.225 E.39095
G1 X130.775 Y99.225 E.39095
G1 X130.775 Y110.775 E.39095
G1 X119.285 Y110.775 E.38892
M204 S1000
;WIPE_START
G1 F8640
G1 X119.225 Y110.775 E-.01385
G1 X119.225 Y107.37 E-.78615
;WIPE_END
G1 Z12.2 F720
G1 X129.667 Y110.002 F10800
G1 Z11.8 F720
G1 E.8 F2100
;TYPE:Internal infill
;WIDTH:0.45
G1 F900
G1 X127.167 Y110.002 E.08462
G1 X126.747 Y109.775 E.01616
G1 X126.31 Y109.411 E.01925
G1 X125.874 Y109.26 E.01562
G1 X125.437 Y109.246 E.0148
G1 X125 Y109.325 E.01503
G1 X124.563 Y109.492 E.01584
G1 X123.704 Y110.002 E.03381
G1 X119.998 Y110.002 E.12544
G1 X119.998 Y107.413 E.08763
G1 X120.195 Y107.577 E.00868
G1 X120.632 Y107.729 E.01566
G1 X121.069 Y107.742 E.0148
G1 X121.506 Y107.663 E.01503
G1 X121.943 Y107.496 E.01584
G1 X122.379 Y107.216 E.01754
G1 X123.253 Y106.281 E.04332
G1 X123.69 Y105.917 E.01925
G1 X124.126 Y105.765 E.01563
G1 X124.563 Y105.752 E.0148
G1 X125 Y105.831 E.01503
G1 X125.437 Y105.998 E.01584
G1 X125.874 Y106.278 E.01757
G1 X126.747 Y107.213 E.0433
G1 X127.184 Y107.577 E.01925
G1 X127.621 Y107.729 E.01566
G1 X128.057 Y107.742 E.01476
G1 X128.494 Y107.663 E.01503
G1 X128.931 Y107.496 E.01584
G1 X129.368 Y107.216 E.01757
G1 X130.002 Y106.538 E.03142
G1 X130.002 Y103.919 E.08865
G1 X129.805 Y104.083 E.00868
G1 X129.368 Y104.235 E.01566
G1 X128.931 Y104.248 E.0148
G1 X128.494 Y104.169 E.01503
G1 X128.057 Y104.002 E.01584
G1 X127.621 Y103.722 E.01754
G1 X126.747 Y102.787 E.04332
G1 X126.31 Y102.423 E.01925
G1 X125.874 Y102.271 E.01563
G1 X125.437 Y102.258 E.0148
G1 X125 Y102.337 E.01503
G1 X124.563 Y102.504 E.01584
G1 X124.126 Y102.784 E.01757
G1 X123.253 Y103.719 E.0433
G1 X122.816 Y104.083 E.01925
G1 X122.379 Y104.235 E.01566
G1 X121.943 Y104.248 E.01476
G1 X121.506 Y104.169 E.01503
G1 X121.069 Y104.002 E.01584
G1 X120.632 Y103.722 E.01757
G1 X119.998 Y103.043 E.03144
G1 X119.998 Y100.425 E.08862
G1 X120.195 Y100.589 E.00868
G1 X120.632 Y100.74 E.01565
G1 X121.069 Y100.754 E.0148
G1 X121.506 Y100.675 E.01503
G1 X121.943 Y100.508 E.01584
G1 X122.379 Y100.227 E.01756
G1 X122.593 Y99.998 E.01061
G1 X126.536 Y99.998 E.13347
G1 X127.184 Y100.589 E.02969
G1 X127.621 Y100.74 E.01565
G1 X128.057 Y100.754 E.01477
G1 X128.494 Y100.675 E.01503
G1 X128.931 Y100.508 E.01584
G1 X129.368 Y100.227 E.01759
G1 X129.582 Y99.998 E.01061
G1 X130.002 Y99.998 E.01422
G1 X130.002 Y102.079 E.07044
;LAYER_CHANGE
;Z:12
;HEIGHT:0.2
;BEFORE_LAYER_CHANGE
G92 E0.0
;12


;WIPE_START
G1 F8640
G1 X130.002 Y99.998 E-.48051
G1 X129.582 Y99.998 E-.09698
G1 X129.368 Y100.227 E-.07237
G1 X128.931 Y100.508 E-.11997
G1 X128.809 Y100.555 E-.03017
;WIPE_END
G1 Z12 F720
;AFTER_LAYER_CHANGE
;12
G1 Z12.4
G1 X119.632 Y110.368 F10800
G1 Z12 F720
G1 E.8 F2100
M204 S800
;TYPE:Perimeter
;WIDTH:0.449999
G1 F900
G1 X119.632 Y99.632 E.3634
G1 X130.368 Y99.632 E.3634
G1 X130.368 Y110.368 E.3634
M73 P47 R12
G1 X119.692 Y110.368 E.36137
M73 Q47 S12
M204 S1000
G1 X119.225 Y110.775 F10800
M204 S800
;TYPE:External perimeter
G1 F900
G1 X119.225 Y99.225 E.39095
G1 X130.775 Y99.225 E.39095
G1 X130.775 Y110.775 E.39095
G1 X119.285 Y110.775 E.38892
M204 S1000
;WIPE_START
G1 F8640
G1 X119.225 Y110.775 E-.01385
G1 X119.225 Y107.37 E-.78615
;WIPE_END
G1 Z12.4 F720
G1 X129.241 Y110.002 F10800
G1 Z12 F720
G1 E.8 F2100
;TYPE:Internal infill
;WIDTH:0.45
G1 F900
G1 X126.741 Y110.002 E.08462
G1 X126.31 Y109.625 E.01938
G1 X125.874 Y109.412 E.01643
G1 X125.437 Y109.335 E.01502
G1 X125 Y109.356 E.01481
G1 X124.563 Y109.465 E.01525
G1 X124.126 Y109.679 E.01647
G1 X123.723 Y110.002 E.01748
G1 X119.998 Y110.002 E.12609
G1 X119.998 Y107.191 E.09515
G1 X120.195 Y107.363 E.00885
G1 X120.632 Y107.577 E.01647
G1 X121.069 Y107.653 E.01501
G1 X121.506 Y107.633 E.01481
G1 X121.943 Y107.524 E.01525
G1 X122.379 Y107.309 E.01645
G1 X123.69 Y106.131 E.05966
G1 X124.126 Y105.917 E.01644
G1 X124.563 Y105.841 E.01501
G1 X125 Y105.862 E.01481
G1 X125.437 Y105.971 E.01525
G1 X125.874 Y106.185 E.01647
G1 X127.184 Y107.363 E.05963
G1 X127.621 Y107.577 E.01647
G1 X128.057 Y107.653 E.01498
G1 X128.494 Y107.633 E.01481
G1 X128.931 Y107.524 E.01525
G1 X129.368 Y107.309 E.01649
G1 X130.002 Y106.758 E.02843
G1 X130.002 Y103.697 E.10361
G1 X129.805 Y103.869 E.00885
G1 X129.368 Y104.083 E.01647
G1 X128.931 Y104.159 E.01501
G1 X128.494 Y104.138 E.01481
G1 X128.057 Y104.029 E.01525
G1 X127.621 Y103.815 E.01644
G1 X126.31 Y102.637 E.05966
G1 X125.874 Y102.423 E.01644
G1 X125.437 Y102.347 E.01501
G1 X125 Y102.367 E.01481
G1 X124.563 Y102.476 E.01525
G1 X124.126 Y102.691 E.01649
G1 X122.816 Y103.869 E.05963
G1 X122.379 Y104.083 E.01647
G1 X121.943 Y104.159 E.01498
G1 X121.506 Y104.138 E.01481
G1 X121.069 Y104.029 E.01525
G1 X120.632 Y103.815 E.01647
G1 X119.998 Y103.264 E.02843
G1 X119.998 Y100.203 E.10361
G1 X120.195 Y100.375 E.00885
G1 X120.632 Y100.588 E.01646
G1 X121.069 Y100.665 E.01502
G1 X121.506 Y100.644 E.01481
G1 X121.943 Y100.535 E.01525
G1 X122.379 Y100.321 E.01644
G1 X122.783 Y99.998 E.01751
G1 X126.753 Y99.998 E.13438
G1 X127.184 Y100.375 E.01938
G1 X127.621 Y100.588 E.01646
G1 X128.057 Y100.665 E.01499
G1 X128.494 Y100.644 E.01481
G1 X128.931 Y100.535 E.01525
G1 X129.368 Y100.321 E.01647
G1 X129.771 Y99.998 E.01748
G1 X130.002 Y99.998 E.00782
G1 X130.002 Y102.268 E.07684
;LAYER_CHANGE
;Z:12.2
;HEIGHT:0.2
;BEFORE_LAYER_CHANGE
G92 E0.0
;12.2


;WIPE_START
G1 F8640
G1 X130.002 Y99.998 E-.52415
G1 X129.771 Y99.998 E-.05334
G1 X129.368 Y100.321 E-.11925
G1 X128.966 Y100.518 E-.10326
;WIPE_END
G1 Z12.2 F720
;AFTER_LAYER_CHANGE
;12.2
G1 Z12.6
G1 X119.632 Y110.368 F10800
G1 Z12.2 F720
G1 E.8 F2100
M204 S800
;TYPE:Perimeter
;WIDTH:0.449999
G1 F900
G1 X119.632 Y99.632 E.3634
G1 X130.368 Y99.632 E.3634
G1 X130.368 Y110.368 E.3634
G1 X119.692 Y110.368 E.36137
M204 S1000
G1 X119.225 Y110.775 F10800
M204 S800
;TYPE:External perimeter
G1 F900
G1 X119.225 Y99.225 E.39095
G1 X130.775 Y99.225 E.39095
G1 X130.775 Y110.775 E.39095
G1 X119.285 Y110.775 E.38892
M73 P48 R12
M73 Q48 S12
M204 S1000
;WIPE_START
G1 F8640
G1 X119.225 Y110.775 E-.01385
G1 X119.225 Y107.37 E-.78615
;WIPE_END
G1 Z12.6 F720
G1 X129.019 Y110.002 F10800
G1 Z12.2 F720
G1 E.8 F2100
;TYPE:Internal infill
;WIDTH:0.45
G1 F900
G1 X126.519 Y110.002 E.08462
G1 X125.874 Y109.539 E.02688
G1 X125.437 Y109.403 E.01549
G1 X125 Y109.368 E.01484
G1 X124.563 Y109.42 E.0149
G1 X124.126 Y109.574 E.01568
G1 X123.53 Y110.002 E.02484
G1 X119.998 Y110.002 E.11955
G1 X119.998 Y106.998 E.10168
G1 X120.632 Y107.449 E.02634
G1 X121.069 Y107.585 E.01549
G1 X121.506 Y107.621 E.01484
G1 X121.943 Y107.569 E.0149
G1 X122.379 Y107.415 E.01565
G1 X122.816 Y107.128 E.0177
G1 X123.69 Y106.315 E.0404
G1 X124.126 Y106.045 E.01736
G1 X124.563 Y105.909 E.01549
G1 X125 Y105.873 E.01484
G1 X125.437 Y105.926 E.0149
G1 X125.874 Y106.08 E.01568
G1 X126.31 Y106.366 E.01765
G1 X127.184 Y107.179 E.0404
G1 X127.621 Y107.449 E.01739
G1 X128.057 Y107.585 E.01546
G1 X128.494 Y107.621 E.01484
G1 X128.931 Y107.569 E.0149
G1 X129.368 Y107.415 E.01568
G1 X130.002 Y106.943 E.02675
G1 X130.002 Y103.504 E.11641
G1 X129.368 Y103.955 E.02634
G1 X128.931 Y104.091 E.01549
G1 X128.494 Y104.127 E.01484
G1 X128.057 Y104.074 E.0149
G1 X127.621 Y103.92 E.01565
G1 X127.184 Y103.634 E.01768
G1 X126.31 Y102.821 E.0404
G1 X125.874 Y102.551 E.01736
G1 X125.437 Y102.415 E.01549
G1 X125 Y102.379 E.01484
G1 X124.563 Y102.431 E.0149
G1 X124.126 Y102.585 E.01568
G1 X123.69 Y102.872 E.01767
G1 X122.816 Y103.685 E.0404
G1 X122.379 Y103.955 E.01739
G1 X121.943 Y104.091 E.01546
G1 X121.506 Y104.127 E.01484
G1 X121.069 Y104.074 E.0149
G1 X120.632 Y103.92 E.01568
G1 X120.195 Y103.634 E.01768
G1 X119.998 Y103.449 E.00915
G1 X119.998 Y100.009 E.11644
G1 X120.632 Y100.461 E.02636
G1 X121.069 Y100.597 E.01549
G1 X121.506 Y100.632 E.01484
G1 X121.943 Y100.58 E.0149
G1 X122.379 Y100.426 E.01565
G1 X122.966 Y99.998 E.02459
G1 X126.975 Y99.998 E.1357
G1 X127.621 Y100.461 E.0269
G1 X128.057 Y100.597 E.01546
G1 X128.494 Y100.632 E.01484
G1 X128.931 Y100.58 E.0149
G1 X129.368 Y100.426 E.01568
G1 X130.002 Y99.998 E.02589
G1 X130.002 Y102.452 E.08306
;LAYER_CHANGE
;Z:12.4
;HEIGHT:0.2
;BEFORE_LAYER_CHANGE
G92 E0.0
;12.4


;WIPE_START
G1 F8640
G1 X130.002 Y99.998 E-.56664
G1 X129.368 Y100.426 E-.17663
G1 X129.136 Y100.508 E-.05673
;WIPE_END
G1 Z12.4 F720
;AFTER_LAYER_CHANGE
;12.4
G1 Z12.8
G1 X119.632 Y110.368 F10800
G1 Z12.4 F720
G1 E.8 F2100
M204 S800
;TYPE:Perimeter
;WIDTH:0.449999
G1 F900
G1 X119.632 Y99.632 E.3634
G1 X130.368 Y99.632 E.3634
G1 X130.368 Y110.368 E.3634
G1 X119.692 Y110.368 E.36137
M204 S1000
G1 X119.225 Y110.775 F10800
M204 S800
;TYPE:External perimeter
G1 F900
G1 X119.225 Y99.225 E.39095
G1 X130.775 Y99.225 E.39095
G1 X130.775 Y110.775 E.39095
G1 X119.285 Y110.775 E.38892
M73 P48 R11
M204 S1000
;WIPE_START
G1 F8640
G1 X119.225 Y110.775 E-.01385
G1 X119.225 Y107.37 E-.78615
;WIPE_END
G1 Z12.8 F720
G1 X120.829 Y110.002 F10800
G1 Z12.4 F720
G1 E.8 F2100
;TYPE:Internal infill
;WIDTH:0.45
G1 F900
G1 X123.329 Y110.002 E.08462
G1 X123.69 Y109.682 E.01633
M73 Q48 S11
G1 X124.126 Y109.452 E.01669
G1 X124.563 Y109.357 E.01514
G1 X125 Y109.361 E.01479
G1 X125.437 Y109.453 E.01512
G1 X125.874 Y109.649 E.01621
G1 X126.348 Y110.002 E.02
G1 X130.002 Y110.002 E.12368
G1 X130.002 Y107.132 E.09715
G1 X129.805 Y107.306 E.0089
G1 X129.368 Y107.537 E.01673
G1 X128.931 Y107.631 E.01513
G1 X128.494 Y107.627 E.01479
G1 X128.057 Y107.535 E.01512
G1 X127.621 Y107.339 E.01618
G1 X127.184 Y107.01 E.01852
G1 X126.31 Y106.188 E.04061
G1 X125.874 Y105.958 E.01669
G1 X125.437 Y105.863 E.01514
G1 X125 Y105.867 E.01479
G1 X124.563 Y105.959 E.01512
G1 X124.126 Y106.155 E.01621
G1 X123.69 Y106.485 E.01851
G1 X122.816 Y107.306 E.04059
G1 X122.379 Y107.537 E.01673
G1 X121.943 Y107.631 E.0151
G1 X121.506 Y107.627 E.01479
M73 P49 R11
G1 X121.069 Y107.535 E.01512
G1 X120.632 Y107.339 E.01621
G1 X119.998 Y106.814 E.02786
G1 X119.998 Y103.638 E.1075
G1 X120.195 Y103.812 E.0089
M73 Q49 S11
G1 X120.632 Y104.042 E.01672
G1 X121.069 Y104.137 E.01514
G1 X121.506 Y104.133 E.01479
G1 X121.943 Y104.041 E.01512
G1 X122.379 Y103.845 E.01618
G1 X122.816 Y103.515 E.01854
G1 X123.69 Y102.694 E.04059
G1 X124.126 Y102.463 E.0167
G1 X124.563 Y102.369 E.01513
G1 X125 Y102.373 E.01479
G1 X125.437 Y102.465 E.01512
G1 X125.874 Y102.661 E.01621
G1 X126.31 Y102.99 E.01849
G1 X127.184 Y103.812 E.04061
G1 X127.621 Y104.042 E.01672
G1 X128.057 Y104.137 E.0151
G1 X128.494 Y104.133 E.01479
G1 X128.931 Y104.041 E.01512
G1 X129.368 Y103.845 E.01621
G1 X130.002 Y103.319 E.02788
G1 X130.002 Y100.143 E.1075
G1 X129.805 Y100.318 E.00892
G1 X129.368 Y100.548 E.01672
G1 X128.931 Y100.643 E.01514
G1 X128.494 Y100.639 E.01479
G1 X128.057 Y100.547 E.01512
G1 X127.621 Y100.351 E.01618
G1 X127.161 Y99.998 E.01963
G1 X123.177 Y99.998 E.13485
G1 X122.816 Y100.318 E.01633
G1 X122.379 Y100.548 E.01672
G1 X121.943 Y100.643 E.0151
G1 X121.506 Y100.639 E.01479
G1 X121.069 Y100.547 E.01512
G1 X120.632 Y100.351 E.01621
G1 X120.173 Y99.998 E.0196
G1 X119.998 Y99.998 E.00592
G1 X119.998 Y102.324 E.07873
;LAYER_CHANGE
;Z:12.6
;HEIGHT:0.200001
;BEFORE_LAYER_CHANGE
G92 E0.0
;12.6


;WIPE_START
G1 F8640
G1 X119.998 Y99.998 E-.53708
G1 X120.173 Y99.998 E-.04041
G1 X120.632 Y100.351 E-.1337
G1 X120.983 Y100.508 E-.08881
;WIPE_END
G1 Z12.6 F720
;AFTER_LAYER_CHANGE
;12.6
G1 Z13
G1 X119.632 Y110.368 F10800
G1 Z12.6 F720
G1 E.8 F2100
M204 S800
;TYPE:Perimeter
;WIDTH:0.449999
G1 F900
G1 X119.632 Y99.632 E.3634
G1 X130.368 Y99.632 E.3634
G1 X130.368 Y110.368 E.3634
G1 X119.692 Y110.368 E.36137
M204 S1000
G1 X119.225 Y110.775 F10800
M204 S800
;TYPE:External perimeter
G1 F900
G1 X119.225 Y99.225 E.39095
G1 X130.775 Y99.225 E.39095
G1 X130.775 Y110.775 E.39095
G1 X119.285 Y110.775 E.38892
M204 S1000
;WIPE_START
G1 F8640
G1 X119.225 Y110.775 E-.01385
G1 X119.225 Y107.37 E-.78615
;WIPE_END
G1 Z13 F720
G1 X120.417 Y110.002 F10800
G1 Z12.6 F720
G1 E.8 F2100
;TYPE:Internal infill
;WIDTH:0.45
G1 F900
G1 X122.917 Y110.002 E.08462
G1 X123.253 Y109.849 E.0125
G1 X123.69 Y109.479 E.01938
G1 X124.126 Y109.308 E.01585
G1 X124.563 Y109.275 E.01483
G1 X125 Y109.336 E.01494
G1 X125.437 Y109.486 E.01564
G1 X126.32 Y110.002 E.03462
G1 X130.002 Y110.002 E.12463
G1 X130.002 Y107.343 E.09
G1 X129.805 Y107.509 E.00872
G1 X129.368 Y107.681 E.0159
G1 X128.931 Y107.713 E.01483
G1 X128.494 Y107.652 E.01494
G1 X128.057 Y107.503 E.01563
G1 X127.621 Y107.242 E.0172
G1 X126.31 Y105.985 E.06148
G1 X125.874 Y105.813 E.01586
G1 X125.437 Y105.781 E.01483
G1 X125 Y105.842 E.01494
G1 X124.563 Y105.992 E.01564
G1 X124.126 Y106.252 E.01721
G1 X122.816 Y107.509 E.06145
G1 X122.379 Y107.681 E.0159
G1 X121.943 Y107.713 E.0148
G1 X121.506 Y107.652 E.01494
G1 X121.069 Y107.503 E.01563
G1 X120.632 Y107.242 E.01723
G1 X119.998 Y106.598 E.03059
G1 X119.998 Y103.848 E.09308
G1 X120.195 Y104.015 E.00874
G1 X120.632 Y104.187 E.0159
G1 X121.069 Y104.219 E.01483
G1 X121.506 Y104.158 E.01494
G1 X121.943 Y104.008 E.01564
G1 X122.379 Y103.748 E.01718
G1 X123.69 Y102.491 E.06148
G1 X124.126 Y102.319 E.01586
G1 X124.563 Y102.287 E.01483
G1 X125 Y102.348 E.01494
G1 X125.437 Y102.497 E.01563
G1 X125.874 Y102.758 E.01723
G1 X127.184 Y104.015 E.06145
G1 X127.621 Y104.187 E.0159
G1 X128.057 Y104.219 E.0148
G1 X128.494 Y104.158 E.01494
G1 X128.931 Y104.008 E.01564
G1 X129.368 Y103.748 E.01721
G1 X130.002 Y103.104 E.03059
G1 X130.002 Y100.354 E.09308
G1 X129.805 Y100.521 E.00874
G1 X129.368 Y100.692 E.01588
G1 X128.931 Y100.725 E.01483
G1 X128.494 Y100.664 E.01494
G1 X128.057 Y100.514 E.01564
G1 X127.621 Y100.254 E.01718
G1 X127.369 Y99.998 E.01216
G1 X123.403 Y99.998 E.13424
G1 X122.816 Y100.521 E.02661
G1 X122.379 Y100.692 E.01588
G1 X121.943 Y100.725 E.0148
G1 X121.506 Y100.664 E.01494
G1 X121.069 Y100.514 E.01564
G1 X120.632 Y100.254 E.01721
G1 X120.381 Y99.998 E.01214
G1 X119.998 Y99.998 E.01296
G1 X119.998 Y102.116 E.07169
;LAYER_CHANGE
;Z:12.8
;HEIGHT:0.2
;BEFORE_LAYER_CHANGE
G92 E0.0
;12.8


;WIPE_START
G1 F8640
G1 X119.998 Y99.998 E-.48905
G1 X120.381 Y99.998 E-.08844
G1 X120.632 Y100.254 E-.08278
G1 X121.069 Y100.514 E-.11741
G1 X121.16 Y100.545 E-.02232
;WIPE_END
G1 Z12.8 F720
;AFTER_LAYER_CHANGE
;12.8
G1 Z13.2
G1 X119.632 Y110.368 F10800
G1 Z12.8 F720
G1 E.8 F2100
M204 S800
;TYPE:Perimeter
;WIDTH:0.449999
G1 F900
G1 X119.632 Y99.632 E.3634
G1 X130.368 Y99.632 E.3634
M73 P50 R11
G1 X130.368 Y110.368 E.3634
M73 Q50 S11
G1 X119.692 Y110.368 E.36137
M204 S1000
G1 X119.225 Y110.775 F10800
M204 S800
;TYPE:External perimeter
G1 F900
G1 X119.225 Y99.225 E.39095
G1 X130.775 Y99.225 E.39095
G1 X130.775 Y110.775 E.39095
G1 X119.285 Y110.775 E.38892
M204 S1000
;WIPE_START
G1 F8640
G1 X119.225 Y110.775 E-.01385
G1 X119.225 Y107.37 E-.78615
;WIPE_END
G1 Z13.2 F720
G1 X120.198 Y110.002 F10800
G1 Z12.8 F720
G1 E.8 F2100
;TYPE:Internal infill
;WIDTH:0.45
G1 F900
G1 X122.698 Y110.002 E.08462
G1 X123.69 Y109.229 E.04257
G1 X124.126 Y109.134 E.0151
G1 X125 Y109.291 E.03006
G1 X126.23 Y110.002 E.04809
G1 X129.687 Y110.002 E.11702
G1 X130.002 Y109.76 E.01345
G1 X130.002 Y107.603 E.07301
G1 X129.805 Y107.759 E.00851
G1 X129.368 Y107.855 E.01514
G1 X128.494 Y107.697 E.03006
G1 X128.057 Y107.488 E.0164
G1 X127.621 Y107.156 E.01855
G1 X126.747 Y106.082 E.04687
G1 X126.31 Y105.735 E.01889
G1 X125.874 Y105.639 E.01511
G1 X125 Y105.797 E.03006
G1 X124.563 Y106.006 E.0164
G1 X124.126 Y106.338 E.01858
G1 X123.253 Y107.412 E.04685
G1 X122.816 Y107.759 E.01889
G1 X122.379 Y107.855 E.01514
G1 X121.506 Y107.697 E.03003
G1 X121.069 Y107.488 E.0164
G1 X120.632 Y107.156 E.01858
G1 X119.998 Y106.377 E.034
G1 X119.998 Y104.109 E.07677
G1 X120.195 Y104.265 E.00851
G1 X120.632 Y104.361 E.01514
G1 X121.506 Y104.203 E.03006
G1 X121.943 Y103.994 E.0164
G1 X122.379 Y103.662 E.01855
G1 X123.253 Y102.588 E.04687
G1 X123.69 Y102.241 E.01889
G1 X124.126 Y102.145 E.01511
G1 X125 Y102.303 E.03006
G1 X125.437 Y102.512 E.0164
G1 X125.874 Y102.844 E.01858
G1 X126.747 Y103.918 E.04685
G1 X127.184 Y104.265 E.01889
G1 X127.621 Y104.361 E.01514
G1 X128.494 Y104.203 E.03003
G1 X128.931 Y103.994 E.0164
G1 X129.368 Y103.662 E.01858
G1 X130.002 Y102.883 E.034
G1 X130.002 Y100.614 E.0768
G1 X129.805 Y100.771 E.00853
G1 X129.368 Y100.866 E.01514
G1 X128.494 Y100.709 E.03006
G1 X128.057 Y100.5 E.0164
G1 X127.483 Y99.998 E.02581
G1 X123.599 Y99.998 E.13147
G1 X123.253 Y100.424 E.01858
G1 X122.816 Y100.771 E.01889
G1 X122.379 Y100.866 E.01514
G1 X121.506 Y100.709 E.03002
G1 X121.069 Y100.5 E.0164
G1 X120.495 Y99.998 E.02581
G1 X119.998 Y99.998 E.01682
G1 X119.998 Y102.002 E.06783
;LAYER_CHANGE
;Z:13
;HEIGHT:0.2
;BEFORE_LAYER_CHANGE
G92 E0.0
;13


;WIPE_START
G1 F8640
G1 X119.998 Y99.998 E-.46273
G1 X120.495 Y99.998 E-.11476
G1 X121.069 Y100.5 E-.17607
G1 X121.25 Y100.587 E-.04644
;WIPE_END
G1 Z13 F720
;AFTER_LAYER_CHANGE
;13
G1 Z13.4
G1 X119.632 Y110.368 F10800
G1 Z13 F720
G1 E.8 F2100
M204 S800
;TYPE:Perimeter
;WIDTH:0.449999
G1 F900
G1 X119.632 Y99.632 E.3634
G1 X130.368 Y99.632 E.3634
G1 X130.368 Y110.368 E.3634
G1 X119.692 Y110.368 E.36137
M204 S1000
G1 X119.225 Y110.775 F10800
M204 S800
;TYPE:External perimeter
G1 F900
G1 X119.225 Y99.225 E.39095
G1 X130.775 Y99.225 E.39095
G1 X130.775 Y110.775 E.39095
M73 P51 R11
G1 X119.285 Y110.775 E.38892
M73 Q51 S11
M204 S1000
;WIPE_START
G1 F8640
G1 X119.225 Y110.775 E-.01385
G1 X119.225 Y107.37 E-.78615
;WIPE_END
G1 Z13.4 F720
G1 X120.2 Y110.002 F10800
G1 Z13 F720
G1 E.8 F2100
;TYPE:Internal infill
;WIDTH:0.45
G1 F900
G1 X122.7 Y110.002 E.08462
G1 X122.816 Y109.913 E.00495
G1 X123.253 Y109.153 E.02967
G1 X123.69 Y108.887 E.01732
G1 X124.126 Y108.918 E.0148
G1 X125 Y109.224 E.03134
G1 X125.437 Y109.494 E.01739
G1 X125.991 Y110.002 E.02544
G1 X129.689 Y110.002 E.12517
G1 X129.805 Y109.913 E.00495
G1 X130.002 Y109.57 E.01339
G1 X130.002 Y107.982 E.05375
G1 X129.805 Y108.102 E.00781
G1 X129.368 Y108.07 E.01483
G1 X128.494 Y107.765 E.03133
G1 X128.057 Y107.494 E.01741
G1 X127.621 Y107.077 E.02042
G1 X126.747 Y105.659 E.05638
G1 X126.31 Y105.393 E.01732
G1 X125.874 Y105.424 E.0148
G1 X125 Y105.73 E.03134
G1 X124.563 Y106 E.01739
G1 X124.126 Y106.417 E.02045
G1 X123.253 Y107.835 E.05636
G1 X122.816 Y108.102 E.01733
G1 X122.379 Y108.07 E.01483
G1 X121.506 Y107.765 E.0313
G1 X121.069 Y107.494 E.01741
G1 X120.632 Y107.077 E.02045
G1 X119.998 Y106.076 E.04011
G1 X119.998 Y104.487 E.05379
G1 X120.195 Y104.607 E.00781
G1 X120.632 Y104.576 E.01483
G1 X121.506 Y104.27 E.03134
G1 X121.943 Y104 E.01739
G1 X122.379 Y103.583 E.02042
G1 X123.253 Y102.165 E.05638
G1 X123.69 Y101.898 E.01733
G1 X124.126 Y101.93 E.0148
G1 X125 Y102.235 E.03133
G1 X125.437 Y102.506 E.01741
G1 X125.874 Y102.923 E.02045
G1 X126.747 Y104.341 E.05636
G1 X127.184 Y104.607 E.01732
G1 X127.621 Y104.576 E.01483
G1 X128.494 Y104.27 E.03131
G1 X128.931 Y104 E.01739
G1 X129.368 Y103.583 E.02045
G1 X130.002 Y102.582 E.04011
G1 X130.002 Y100.993 E.05379
G1 X129.805 Y101.113 E.00781
G1 X129.368 Y101.082 E.01483
G1 X128.494 Y100.776 E.03134
G1 X128.057 Y100.506 E.01739
G1 X127.561 Y99.998 E.02403
G1 X123.748 Y99.998 E.12907
G1 X123.253 Y100.847 E.03327
G1 X122.816 Y101.113 E.01732
G1 X122.379 Y101.082 E.01483
G1 X121.506 Y100.776 E.03131
G1 X121.069 Y100.506 E.01739
G1 X120.573 Y99.998 E.02403
G1 X119.998 Y99.998 E.01946
G1 X119.998 Y101.924 E.06519
;LAYER_CHANGE
;Z:13.2
;HEIGHT:0.2
;BEFORE_LAYER_CHANGE
G92 E0.0
;13.2


;WIPE_START
G1 F8640
G1 X119.998 Y99.998 E-.44472
G1 X120.573 Y99.998 E-.13277
G1 X121.069 Y100.506 E-.16394
G1 X121.285 Y100.639 E-.05857
;WIPE_END
G1 Z13.2 F720
;AFTER_LAYER_CHANGE
;13.2
G1 Z13.6
G1 X119.632 Y110.368 F10800
G1 Z13.2 F720
G1 E.8 F2100
M204 S800
;TYPE:Perimeter
;WIDTH:0.449999
G1 F900
G1 X119.632 Y99.632 E.3634
G1 X130.368 Y99.632 E.3634
G1 X130.368 Y110.368 E.3634
G1 X119.692 Y110.368 E.36137
M204 S1000
G1 X119.225 Y110.775 F10800
M204 S800
;TYPE:External perimeter
G1 F900
G1 X119.225 Y99.225 E.39095
G1 X130.775 Y99.225 E.39095
G1 X130.775 Y110.775 E.39095
G1 X119.285 Y110.775 E.38892
M204 S1000
;WIPE_START
G1 F8640
G1 X119.225 Y110.775 E-.01385
G1 X119.225 Y107.37 E-.78615
;WIPE_END
G1 Z13.6 F720
G1 X120.111 Y110.002 F10800
G1 Z13.2 F720
G1 E.8 F2100
;TYPE:Internal infill
;WIDTH:0.45
G1 F900
G1 X122.611 Y110.002 E.08462
G1 X122.837 Y109.368 E.02278
G1 X122.874 Y108.931 E.01484
G1 X122.614 Y108.494 E.01721
G1 X121.179 Y107.621 E.05686
G1 X120.758 Y107.184 E.02054
G1 X120.486 Y106.747 E.01742
G1 X120.175 Y105.874 E.03137
G1 X120.137 Y105.437 E.01485
G1 X120.397 Y105 E.01721
G1 X121.833 Y104.126 E.0569
G1 X122.253 Y103.69 E.02049
G1 X122.526 Y103.253 E.01744
G1 X122.837 Y102.379 E.0314
G1 X122.874 Y101.943 E.01481
G1 X122.614 Y101.506 E.01721
G1 X121.179 Y100.632 E.05687
G1 X120.635 Y99.998 E.02828
G1 X123.894 Y99.998 E.11031
G1 X123.669 Y100.632 E.02277
M73 P52 R11
G1 X123.632 Y101.069 E.01484
G1 X123.892 Y101.506 E.01721
G1 X125.327 Y102.379 E.05686
G1 X125.748 Y102.816 E.02054
M73 Q52 S11
G1 X126.02 Y103.253 E.01742
G1 X126.331 Y104.126 E.03137
G1 X126.368 Y104.563 E.01484
G1 X126.108 Y105 E.01721
G1 X124.673 Y105.874 E.05687
G1 X124.252 Y106.31 E.02052
G1 X123.98 Y106.747 E.01742
G1 X123.669 Y107.621 E.0314
G1 X123.632 Y108.057 E.01481
G1 X123.892 Y108.494 E.01721
G1 X125.327 Y109.368 E.05687
G1 X125.871 Y110.002 E.02828
G1 X129.6 Y110.002 E.12622
G1 X129.825 Y109.368 E.02277
G1 X129.863 Y108.931 E.01485
G1 X129.603 Y108.494 E.01721
G1 X128.167 Y107.621 E.05688
G1 X127.747 Y107.184 E.02052
G1 X127.474 Y106.747 E.01744
G1 X127.163 Y105.874 E.03137
G1 X127.126 Y105.437 E.01484
G1 X127.386 Y105 E.01721
G1 X128.821 Y104.126 E.05687
G1 X129.242 Y103.69 E.02052
G1 X129.514 Y103.253 E.01742
G1 X129.825 Y102.379 E.0314
G1 X129.863 Y101.943 E.01481
G1 X129.603 Y101.506 E.01721
G1 X128.167 Y100.632 E.0569
G1 X127.624 Y99.998 E.02826
G1 X130.002 Y99.998 E.08049
G1 X130.002 Y100.121 E.00416
;LAYER_CHANGE
;Z:13.4
;HEIGHT:0.2
;BEFORE_LAYER_CHANGE
G92 E0.0
;13.4


;WIPE_START
G1 F8640
G1 X130.002 Y99.998 E-.0284
G1 X127.624 Y99.998 E-.54909
G1 X128.167 Y100.632 E-.19275
G1 X128.277 Y100.699 E-.02976
;WIPE_END
G1 Z13.4 F720
;AFTER_LAYER_CHANGE
;13.4
G1 Z13.8
G1 X119.632 Y110.368 F10800
G1 Z13.4 F720
G1 E.8 F2100
M204 S800
;TYPE:Perimeter
;WIDTH:0.449999
G1 F900
G1 X119.632 Y99.632 E.3634
G1 X130.368 Y99.632 E.3634
G1 X130.368 Y110.368 E.3634
G1 X119.692 Y110.368 E.36137
M204 S1000
G1 X119.225 Y110.775 F10800
M204 S800
;TYPE:External perimeter
G1 F900
G1 X119.225 Y99.225 E.39095
G1 X130.775 Y99.225 E.39095
G1 X130.775 Y110.775 E.39095
G1 X119.285 Y110.775 E.38892
M204 S1000
;WIPE_START
G1 F8640
G1 X119.225 Y110.775 E-.01385
G1 X119.225 Y107.37 E-.78615
;WIPE_END
G1 Z13.8 F720
G1 X120.002 Y110.002 F10800
G1 Z13.4 F720
G1 E.8 F2100
;TYPE:Internal infill
;WIDTH:0.45
G1 F900
G1 X122.502 Y110.002 E.08462
G1 X122.62 Y109.368 E.02183
G1 X122.527 Y108.931 E.01512
G1 X122.181 Y108.494 E.01887
G1 X121.1 Y107.621 E.04703
G1 X120.765 Y107.184 E.01864
G1 X120.554 Y106.747 E.01643
G1 X120.392 Y105.874 E.03005
G1 X120.484 Y105.437 E.01512
G1 X120.83 Y105 E.01887
G1 X121.912 Y104.126 E.04708
G1 X122.247 Y103.69 E.01861
G1 X122.457 Y103.253 E.01641
G1 X122.62 Y102.379 E.03009
G1 X122.527 Y101.943 E.01509
G1 X122.181 Y101.506 E.01887
G1 X121.1 Y100.632 E.04705
G1 X120.67 Y99.998 E.02593
G1 X124.004 Y99.998 E.11285
G1 X123.886 Y100.632 E.02183
G1 X123.978 Y101.069 E.01512
G1 X124.324 Y101.506 E.01887
G1 X125.406 Y102.379 E.04706
G1 X125.741 Y102.816 E.01864
G1 X125.952 Y103.253 E.01643
G1 X126.114 Y104.126 E.03005
G1 X126.022 Y104.563 E.01512
G1 X125.676 Y105 E.01887
G1 X124.594 Y105.874 E.04708
G1 X124.259 Y106.31 E.01861
G1 X124.048 Y106.747 E.01643
G1 X123.886 Y107.621 E.03009
G1 X123.978 Y108.057 E.01508
G1 X124.324 Y108.494 E.01887
G1 X125.406 Y109.368 E.04708
G1 X125.836 Y110.002 E.02593
G1 X129.49 Y110.002 E.12368
G1 X129.608 Y109.368 E.02183
G1 X129.516 Y108.931 E.01512
G1 X129.17 Y108.494 E.01887
G1 X128.088 Y107.621 E.04706
G1 X127.753 Y107.184 E.01864
G1 X127.543 Y106.747 E.01641
G1 X127.38 Y105.874 E.03006
G1 X127.473 Y105.437 E.01512
G1 X127.819 Y105 E.01887
G1 X128.9 Y104.126 E.04705
G1 X129.235 Y103.69 E.01861
G1 X129.446 Y103.253 E.01643
G1 X129.608 Y102.379 E.03009
G1 X129.516 Y101.943 E.01508
G1 X129.17 Y101.506 E.01887
G1 X128.088 Y100.632 E.04708
G1 X127.658 Y99.998 E.02593
G1 X130.002 Y99.998 E.07934
G1 X130.002 Y100.155 E.00531
;LAYER_CHANGE
;Z:13.6
;HEIGHT:0.200001
;BEFORE_LAYER_CHANGE
G92 E0.0
;13.6


;WIPE_START
G1 F8640
G1 X130.002 Y99.998 E-.03625
G1 X127.658 Y99.998 E-.54124
G1 X128.088 Y100.632 E-.17689
G1 X128.242 Y100.756 E-.04562
;WIPE_END
G1 Z13.6 F720
;AFTER_LAYER_CHANGE
;13.6
G1 Z14
G1 X119.632 Y110.368 F10800
G1 Z13.6 F720
G1 E.8 F2100
M204 S800
;TYPE:Perimeter
;WIDTH:0.449999
G1 F900
G1 X119.632 Y99.632 E.3634
G1 X130.368 Y99.632 E.3634
G1 X130.368 Y110.368 E.3634
M73 P53 R11
M73 Q53 S11
G1 X119.692 Y110.368 E.36137
M73 P53 R10
M204 S1000
G1 X119.225 Y110.775 F10800
M204 S800
;TYPE:External perimeter
G1 F900
G1 X119.225 Y99.225 E.39095
G1 X130.775 Y99.225 E.39095
M73 Q53 S10
G1 X130.775 Y110.775 E.39095
G1 X119.285 Y110.775 E.38892
M204 S1000
;WIPE_START
G1 F8640
G1 X119.225 Y110.775 E-.01385
G1 X119.225 Y107.37 E-.78615
;WIPE_END
G1 Z14 F720
G1 X119.998 Y109.95 F10800
G1 Z13.6 F720
G1 E.8 F2100
;TYPE:Internal infill
;WIDTH:0.45
G1 F900
G1 X119.998 Y110.002 E.00176
G1 X122.447 Y110.002 E.0829
G1 X122.475 Y109.805 E.00674
G1 X122.445 Y109.368 E.01483
G1 X122.275 Y108.931 E.01587
G1 X121.014 Y107.621 E.06155
G1 X120.751 Y107.184 E.01726
G1 X120.6 Y106.747 E.01565
G1 X120.536 Y106.31 E.01495
G1 X120.567 Y105.874 E.0148
G1 X120.736 Y105.437 E.01586
G1 X121.998 Y104.126 E.0616
G1 X122.261 Y103.69 E.01724
G1 X122.412 Y103.253 E.01565
G1 X122.475 Y102.816 E.01494
G1 X122.445 Y102.379 E.01483
G1 X122.275 Y101.943 E.01584
G1 X121.014 Y100.632 E.06157
G1 X120.683 Y99.998 E.02421
G1 X124.059 Y99.998 E.11427
G1 X124.061 Y100.632 E.02146
G1 X124.23 Y101.069 E.01586
G1 X125.492 Y102.379 E.06157
G1 X125.755 Y102.816 E.01726
G1 X125.906 Y103.253 E.01565
G1 X125.969 Y103.69 E.01494
G1 X125.939 Y104.126 E.01479
G1 X125.77 Y104.563 E.01586
G1 X124.508 Y105.874 E.0616
G1 X124.245 Y106.31 E.01724
G1 X124.094 Y106.747 E.01565
G1 X124.031 Y107.184 E.01494
G1 X124.061 Y107.621 E.01483
G1 X124.23 Y108.057 E.01583
G1 X125.492 Y109.368 E.0616
G1 X125.823 Y110.002 E.02421
G1 X129.435 Y110.002 E.12226
G1 X129.433 Y109.368 E.02146
G1 X129.264 Y108.931 E.01586
G1 X128.002 Y107.621 E.06157
G1 X127.739 Y107.184 E.01726
G1 X127.588 Y106.747 E.01565
G1 X127.525 Y106.31 E.01494
G1 X127.555 Y105.874 E.01479
G1 X127.725 Y105.437 E.01587
G1 X128.987 Y104.126 E.0616
G1 X129.249 Y103.69 E.01722
G1 X129.4 Y103.253 E.01565
G1 X129.464 Y102.816 E.01495
G1 X129.433 Y102.379 E.01483
G1 X129.264 Y101.943 E.01583
G1 X128.002 Y100.632 E.0616
G1 X127.671 Y99.998 E.02421
G1 X130.002 Y99.998 E.0789
G1 X130.002 Y100.168 E.00575
;LAYER_CHANGE
;Z:13.8
;HEIGHT:0.2
;BEFORE_LAYER_CHANGE
G92 E0.0
;13.8


;WIPE_START
G1 F8640
G1 X130.002 Y99.998 E-.03925
G1 X127.671 Y99.998 E-.53823
G1 X128.002 Y100.632 E-.16514
G1 X128.174 Y100.811 E-.05738
;WIPE_END
G1 Z13.8 F720
;AFTER_LAYER_CHANGE
;13.8
G1 Z14.2
G1 X119.632 Y110.368 F10800
G1 Z13.8 F720
G1 E.8 F2100
M204 S800
;TYPE:Perimeter
;WIDTH:0.449999
G1 F900
G1 X119.632 Y99.632 E.3634
G1 X130.368 Y99.632 E.3634
G1 X130.368 Y110.368 E.3634
G1 X119.692 Y110.368 E.36137
M204 S1000
G1 X119.225 Y110.775 F10800
M204 S800
;TYPE:External perimeter
G1 F900
G1 X119.225 Y99.225 E.39095
G1 X130.775 Y99.225 E.39095
G1 X130.775 Y110.775 E.39095
G1 X119.285 Y110.775 E.38892
M73 P54 R10
M73 Q54 S10
M204 S1000
;WIPE_START
G1 F8640
G1 X119.225 Y110.775 E-.01385
G1 X119.225 Y107.37 E-.78615
;WIPE_END
G1 Z14.2 F720
G1 X119.998 Y109.893 F10800
G1 Z13.8 F720
G1 E.8 F2100
;TYPE:Internal infill
;WIDTH:0.45
G1 F900
G1 X119.998 Y110.002 E.00369
G1 X122.39 Y110.002 E.08097
G1 X122.3 Y109.368 E.02168
G1 X122.071 Y108.931 E.0167
G1 X121.249 Y108.057 E.04061
G1 X120.917 Y107.621 E.01855
G1 X120.719 Y107.184 E.01624
G1 X120.625 Y106.747 E.01513
G1 X120.619 Y106.31 E.01479
G1 X120.712 Y105.874 E.01509
G1 X120.94 Y105.437 E.01668
G1 X121.763 Y104.563 E.04064
G1 X122.094 Y104.126 E.01856
G1 X122.293 Y103.69 E.01622
G1 X122.386 Y103.253 E.01512
G1 X122.392 Y102.816 E.01479
G1 X122.3 Y102.379 E.01512
G1 X122.071 Y101.943 E.01667
G1 X121.249 Y101.069 E.04061
G1 X120.917 Y100.632 E.01858
G1 X120.677 Y99.998 E.02295
G1 X124.116 Y99.998 E.11641
G1 X124.206 Y100.632 E.02168
G1 X124.435 Y101.069 E.0167
G1 X125.257 Y101.943 E.04061
G1 X125.589 Y102.379 E.01855
G1 X125.787 Y102.816 E.01624
G1 X125.881 Y103.253 E.01513
G1 X125.886 Y103.69 E.01479
G1 X125.794 Y104.126 E.01508
G1 X125.565 Y104.563 E.0167
G1 X124.743 Y105.437 E.04061
G1 X124.411 Y105.874 E.01858
G1 X124.213 Y106.31 E.01621
G1 X124.119 Y106.747 E.01513
G1 X124.114 Y107.184 E.01479
G1 X124.206 Y107.621 E.01512
G1 X124.435 Y108.057 E.01667
G1 X125.257 Y108.931 E.04061
G1 X125.589 Y109.368 E.01858
G1 X125.829 Y110.002 E.02295
G1 X129.378 Y110.002 E.12013
G1 X129.288 Y109.368 E.02168
G1 X129.06 Y108.931 E.01668
G1 X128.237 Y108.057 E.04064
G1 X127.906 Y107.621 E.01853
G1 X127.707 Y107.184 E.01625
G1 X127.614 Y106.747 E.01512
G1 X127.608 Y106.31 E.01479
G1 X127.7 Y105.874 E.01508
G1 X127.929 Y105.437 E.0167
G1 X128.751 Y104.563 E.04061
G1 X129.083 Y104.126 E.01858
G1 X129.281 Y103.69 E.01621
G1 X129.375 Y103.253 E.01513
G1 X129.381 Y102.816 E.01479
G1 X129.288 Y102.379 E.01512
G1 X129.06 Y101.943 E.01665
G1 X128.237 Y101.069 E.04064
G1 X127.906 Y100.632 E.01856
G1 X127.665 Y99.998 E.02296
G1 X130.002 Y99.998 E.0791
G1 X130.002 Y100.162 E.00555
;LAYER_CHANGE
;Z:14
;HEIGHT:0.2
;BEFORE_LAYER_CHANGE
G92 E0.0
;14


;WIPE_START
G1 F8640
G1 X130.002 Y99.998 E-.03787
G1 X127.665 Y99.998 E-.53962
G1 X127.906 Y100.632 E-.15661
G1 X128.078 Y100.86 E-.0659
;WIPE_END
G1 Z14 F720
;AFTER_LAYER_CHANGE
;14
G1 Z14.4
G1 X119.632 Y110.368 F10800
G1 Z14 F720
G1 E.8 F2100
M204 S800
;TYPE:Perimeter
;WIDTH:0.449999
G1 F900
G1 X119.632 Y99.632 E.3634
G1 X130.368 Y99.632 E.3634
G1 X130.368 Y110.368 E.3634
G1 X119.692 Y110.368 E.36137
M204 S1000
G1 X119.225 Y110.775 F10800
M204 S800
;TYPE:External perimeter
G1 F900
G1 X119.225 Y99.225 E.39095
G1 X130.775 Y99.225 E.39095
G1 X130.775 Y110.775 E.39095
G1 X119.285 Y110.775 E.38892
M204 S1000
;WIPE_START
G1 F8640
G1 X119.225 Y110.775 E-.01385
G1 X119.225 Y107.37 E-.78615
;WIPE_END
G1 Z14.4 F720
G1 X119.998 Y101.844 F10800
G1 Z14 F720
G1 E.8 F2100
;TYPE:Internal infill
;WIDTH:0.45
G1 F900
G1 X119.998 Y99.998 E.06248
G1 X120.653 Y99.998 E.02217
G1 X120.808 Y100.632 E.02209
G1 X121.079 Y101.069 E.01741
G1 X121.892 Y101.943 E.0404
G1 X122.177 Y102.379 E.01763
G1 X122.329 Y102.816 E.01566
G1 X122.379 Y103.253 E.01489
G1 X122.342 Y103.69 E.01484
G1 X122.204 Y104.126 E.01548
G1 X121.932 Y104.563 E.01742
G1 X121.119 Y105.437 E.0404
G1 X120.835 Y105.874 E.01764
G1 X120.683 Y106.31 E.01563
G1 X120.632 Y106.747 E.01489
G1 X120.67 Y107.184 E.01485
G1 X120.808 Y107.621 E.01551
G1 X121.079 Y108.057 E.01738
G1 X121.892 Y108.931 E.0404
G1 X122.177 Y109.368 E.01766
G1 X122.352 Y110.002 E.02226
G1 X125.853 Y110.002 E.1185
G1 X125.698 Y109.368 E.02209
G1 X125.427 Y108.931 E.01741
G1 X124.613 Y108.057 E.04043
G1 X124.329 Y107.621 E.01761
G1 X124.177 Y107.184 E.01566
G1 X124.126 Y106.747 E.01489
G1 X124.164 Y106.31 E.01485
G1 X124.302 Y105.874 E.01548
G1 X124.573 Y105.437 E.01741
G1 X125.387 Y104.563 E.04043
G1 X125.671 Y104.126 E.01764
G1 X125.823 Y103.69 E.01563
G1 X125.874 Y103.253 E.01489
G1 X125.836 Y102.816 E.01485
G1 X125.698 Y102.379 E.01551
G1 X125.427 Y101.943 E.01738
G1 X124.613 Y101.069 E.04043
G1 X124.329 Y100.632 E.01764
G1 X124.154 Y99.998 E.02226
G1 X127.641 Y99.998 E.11803
G1 X127.796 Y100.632 E.02209
M73 P55 R10
G1 X128.068 Y101.069 E.01742
G1 X128.881 Y101.943 E.0404
G1 X129.165 Y102.379 E.01761
G1 X129.317 Y102.816 E.01566
G1 X129.368 Y103.253 E.01489
G1 X129.33 Y103.69 E.01485
G1 X129.192 Y104.126 E.01548
G1 X128.921 Y104.563 E.01741
G1 X128.108 Y105.437 E.0404
G1 X127.823 Y105.874 E.01766
M73 Q55 S10
G1 X127.671 Y106.31 E.01563
G1 X127.621 Y106.747 E.01489
G1 X127.658 Y107.184 E.01484
G1 X127.796 Y107.621 E.01551
G1 X128.068 Y108.057 E.01739
G1 X128.881 Y108.931 E.0404
G1 X129.165 Y109.368 E.01764
G1 X129.34 Y110.002 E.02226
G1 X130.002 Y110.002 E.02241
G1 X130.002 Y108.163 E.06225
;LAYER_CHANGE
;Z:14.2
;HEIGHT:0.2
;BEFORE_LAYER_CHANGE
G92 E0.0
;14.2


;WIPE_START
G1 F8640
G1 X130.002 Y110.002 E-.42463
G1 X129.34 Y110.002 E-.15286
G1 X129.165 Y109.368 E-.15187
G1 X128.998 Y109.111 E-.07064
;WIPE_END
G1 Z14.2 F720
;AFTER_LAYER_CHANGE
;14.2
G1 Z14.6
G1 X119.632 Y110.368 F10800
G1 Z14.2 F720
G1 E.8 F2100
M204 S800
;TYPE:Perimeter
;WIDTH:0.449999
G1 F900
G1 X119.632 Y99.632 E.3634
G1 X130.368 Y99.632 E.3634
G1 X130.368 Y110.368 E.3634
G1 X119.692 Y110.368 E.36137
M204 S1000
G1 X119.225 Y110.775 F10800
M204 S800
;TYPE:External perimeter
G1 F900
G1 X119.225 Y99.225 E.39095
G1 X130.775 Y99.225 E.39095
G1 X130.775 Y110.775 E.39095
G1 X119.285 Y110.775 E.38892
M204 S1000
;WIPE_START
G1 F8640
G1 X119.225 Y110.775 E-.01385
G1 X119.225 Y107.37 E-.78615
;WIPE_END
G1 Z14.6 F720
G1 X119.998 Y109.835 F10800
G1 Z14.2 F720
G1 E.8 F2100
;TYPE:Internal infill
;WIDTH:0.45
G1 F900
G1 X119.998 Y110.002 E.00565
G1 X122.332 Y110.002 E.079
G1 X122.071 Y109.368 E.02321
G1 X120.896 Y108.057 E.05959
G1 X120.681 Y107.621 E.01645
G1 X120.602 Y107.184 E.01503
G1 X120.621 Y106.747 E.01481
G1 X120.728 Y106.31 E.01523
G1 X120.941 Y105.874 E.01643
G1 X122.116 Y104.563 E.05959
G1 X122.331 Y104.126 E.01649
G1 X122.41 Y103.69 E.015
G1 X122.391 Y103.253 E.01481
G1 X122.284 Y102.816 E.01523
G1 X122.071 Y102.379 E.01646
G1 X120.896 Y101.069 E.05957
G1 X120.681 Y100.632 E.01649
G1 X120.611 Y99.998 E.02159
G1 X124.174 Y99.998 E.1206
G1 X124.435 Y100.632 E.02321
G1 X125.61 Y101.943 E.05959
G1 X125.825 Y102.379 E.01645
G1 X125.904 Y102.816 E.01503
G1 X125.885 Y103.253 E.01481
G1 X125.778 Y103.69 E.01523
G1 X125.565 Y104.126 E.01643
G1 X124.39 Y105.437 E.05959
G1 X124.175 Y105.874 E.01649
G1 X124.096 Y106.31 E.015
G1 X124.115 Y106.747 E.01481
G1 X124.222 Y107.184 E.01523
G1 X124.435 Y107.621 E.01646
G1 X125.61 Y108.931 E.05957
G1 X125.825 Y109.368 E.01649
G1 X125.895 Y110.002 E.02159
G1 X129.32 Y110.002 E.11593
G1 X129.059 Y109.368 E.02321
G1 X127.884 Y108.057 E.05959
G1 X127.669 Y107.621 E.01645
G1 X127.59 Y107.184 E.01503
G1 X127.609 Y106.747 E.01481
G1 X127.716 Y106.31 E.01523
G1 X127.929 Y105.874 E.01643
G1 X129.104 Y104.563 E.05959
G1 X129.319 Y104.126 E.01649
G1 X129.398 Y103.69 E.015
G1 X129.379 Y103.253 E.01481
G1 X129.272 Y102.816 E.01523
G1 X129.059 Y102.379 E.01646
G1 X127.884 Y101.069 E.05957
G1 X127.669 Y100.632 E.01649
G1 X127.599 Y99.998 E.02159
G1 X130.002 Y99.998 E.08134
G1 X130.002 Y100.096 E.00332
;LAYER_CHANGE
;Z:14.4
;HEIGHT:0.2
;BEFORE_LAYER_CHANGE
G92 E0.0
;14.4


;WIPE_START
G1 F8640
G1 X130.002 Y99.998 E-.02263
G1 X127.599 Y99.998 E-.55486
G1 X127.669 Y100.632 E-.14728
G1 X127.813 Y100.924 E-.07523
;WIPE_END
G1 Z14.4 F720
;AFTER_LAYER_CHANGE
;14.4
G1 Z14.8
G1 X119.632 Y110.368 F10800
G1 Z14.4 F720
G1 E.8 F2100
M204 S800
;TYPE:Perimeter
;WIDTH:0.449999
G1 F900
G1 X119.632 Y99.632 E.3634
G1 X130.368 Y99.632 E.3634
G1 X130.368 Y110.368 E.3634
G1 X119.692 Y110.368 E.36137
M204 S1000
G1 X119.225 Y110.775 F10800
M73 P56 R10
M73 Q56 S10
M204 S800
;TYPE:External perimeter
G1 F900
G1 X119.225 Y99.225 E.39095
G1 X130.775 Y99.225 E.39095
G1 X130.775 Y110.775 E.39095
G1 X119.285 Y110.775 E.38892
M204 S1000
;WIPE_START
G1 F8640
G1 X119.225 Y110.775 E-.01385
G1 X119.225 Y107.37 E-.78615
;WIPE_END
G1 Z14.8 F720
G1 X119.998 Y101.948 F10800
G1 Z14.4 F720
G1 E.8 F2100
;TYPE:Internal infill
;WIDTH:0.45
G1 F900
G1 X119.998 Y99.998 E.06601
G1 X120.549 Y99.998 E.01865
G1 X120.529 Y100.632 E.02147
G1 X120.683 Y101.069 E.01568
G1 X121.048 Y101.506 E.01927
G1 X121.977 Y102.379 E.04315
G1 X122.256 Y102.816 E.01755
G1 X122.421 Y103.253 E.01581
G1 X122.498 Y103.69 E.01502
G1 X122.482 Y104.126 E.01477
G1 X122.328 Y104.563 E.01568
G1 X121.963 Y105 E.01927
G1 X121.034 Y105.874 E.04317
G1 X120.756 Y106.31 E.0175
G1 X120.591 Y106.747 E.01581
G1 X120.514 Y107.184 E.01502
G1 X120.529 Y107.621 E.0148
G1 X120.683 Y108.057 E.01565
G1 X121.048 Y108.494 E.01927
G1 X121.977 Y109.368 E.04317
G1 X122.33 Y110.002 E.02456
G1 X125.957 Y110.002 E.12277
G1 X125.976 Y109.368 E.02147
G1 X125.823 Y108.931 E.01567
G1 X125.458 Y108.494 E.01927
G1 X124.529 Y107.621 E.04315
G1 X124.25 Y107.184 E.01755
G1 X124.085 Y106.747 E.01581
G1 X124.008 Y106.31 E.01502
G1 X124.024 Y105.874 E.01477
G1 X124.177 Y105.437 E.01567
G1 X124.542 Y105 E.01927
G1 X125.472 Y104.126 E.0432
G1 X125.75 Y103.69 E.0175
G1 X125.915 Y103.253 E.01581
G1 X125.992 Y102.816 E.01502
G1 X125.976 Y102.379 E.0148
G1 X125.823 Y101.943 E.01564
G1 X125.458 Y101.506 E.01927
G1 X124.529 Y100.632 E.04317
G1 X124.176 Y99.998 E.02456
G1 X127.537 Y99.998 E.11377
G1 X127.518 Y100.632 E.02147
G1 X127.672 Y101.069 E.01568
G1 X128.037 Y101.506 E.01927
G1 X128.966 Y102.379 E.04315
G1 X129.244 Y102.816 E.01753
G1 X129.409 Y103.253 E.01581
G1 X129.486 Y103.69 E.01502
G1 X129.471 Y104.126 E.01477
G1 X129.317 Y104.563 E.01568
G1 X128.952 Y105 E.01927
G1 X128.023 Y105.874 E.04317
G1 X127.744 Y106.31 E.01752
G1 X127.579 Y106.747 E.01581
G1 X127.503 Y107.184 E.01501
G1 X127.518 Y107.621 E.0148
G1 X127.672 Y108.057 E.01565
G1 X128.037 Y108.494 E.01927
G1 X128.966 Y109.368 E.04317
G1 X129.318 Y110.002 E.02455
G1 X130.002 Y110.002 E.02315
G1 X130.002 Y108.185 E.0615
;LAYER_CHANGE
;Z:14.6
;HEIGHT:0.200001
;BEFORE_LAYER_CHANGE
G92 E0.0
;14.6


;WIPE_START
G1 F8640
G1 X130.002 Y110.002 E-.41955
G1 X129.318 Y110.002 E-.15794
G1 X128.966 Y109.368 E-.16744
G1 X128.792 Y109.205 E-.05507
;WIPE_END
G1 Z14.6 F720
;AFTER_LAYER_CHANGE
;14.6
G1 Z15
G1 X119.632 Y110.368 F10800
G1 Z14.6 F720
G1 E.8 F2100
M204 S800
;TYPE:Perimeter
;WIDTH:0.449999
G1 F900
G1 X119.632 Y99.632 E.3634
G1 X130.368 Y99.632 E.3634
G1 X130.368 Y110.368 E.3634
G1 X119.692 Y110.368 E.36137
M204 S1000
G1 X119.225 Y110.775 F10800
M204 S800
;TYPE:External perimeter
G1 F900
G1 X119.225 Y99.225 E.39095
G1 X130.775 Y99.225 E.39095
G1 X130.775 Y110.775 E.39095
G1 X119.285 Y110.775 E.38892
M204 S1000
;WIPE_START
G1 F8640
G1 X119.225 Y110.775 E-.01385
G1 X119.225 Y107.37 E-.78615
;WIPE_END
G1 Z15 F720
G1 X119.998 Y102.01 F10800
M73 P57 R10
G1 Z14.6 F720
G1 E.8 F2100
;TYPE:Internal infill
;WIDTH:0.45
G1 F900
G1 X119.998 Y99.998 E.0681
G1 X120.487 Y99.998 E.01655
G1 X120.346 Y100.632 E.02198
G1 X120.415 Y101.069 E.01498
M73 Q57 S10
G1 X120.752 Y101.506 E.01868
G1 X121.893 Y102.379 E.04863
G1 X122.246 Y102.816 E.01902
G1 X122.471 Y103.253 E.01664
G1 X122.666 Y104.126 E.03028
G1 X122.597 Y104.563 E.01498
G1 X122.26 Y105 E.01868
G1 X121.119 Y105.874 E.04865
G1 X120.765 Y106.31 E.01901
G1 X120.54 Y106.747 E.01664
G1 X120.346 Y107.621 E.0303
G1 X120.415 Y108.057 E.01494
G1 X120.752 Y108.494 E.01868
G1 X121.893 Y109.368 E.04865
G1 X122.348 Y110.002 E.02641
G1 X126.019 Y110.002 E.12426
G1 X126.16 Y109.368 E.02198
G1 X126.091 Y108.931 E.01498
G1 X125.754 Y108.494 E.01868
G1 X124.613 Y107.621 E.04863
G1 X124.26 Y107.184 E.01902
G1 X124.035 Y106.747 E.01664
G1 X123.84 Y105.874 E.03028
G1 X123.909 Y105.437 E.01498
G1 X124.246 Y105 E.01868
G1 X125.387 Y104.126 E.04865
G1 X125.74 Y103.69 E.01899
G1 X125.965 Y103.253 E.01664
G1 X126.16 Y102.379 E.03031
G1 X126.091 Y101.943 E.01494
G1 X125.754 Y101.506 E.01868
G1 X124.613 Y100.632 E.04865
G1 X124.158 Y99.998 E.02641
G1 X127.475 Y99.998 E.11228
G1 X127.334 Y100.632 E.02198
G1 X127.403 Y101.069 E.01498
G1 X127.74 Y101.506 E.01868
G1 X128.881 Y102.379 E.04863
G1 X129.235 Y102.816 E.01904
G1 X129.46 Y103.253 E.01664
G1 X129.654 Y104.126 E.03027
G1 X129.585 Y104.563 E.01498
G1 X129.248 Y105 E.01868
G1 X128.107 Y105.874 E.04865
G1 X127.754 Y106.31 E.01899
G1 X127.529 Y106.747 E.01664
G1 X127.334 Y107.621 E.03031
G1 X127.403 Y108.057 E.01494
G1 X127.74 Y108.494 E.01868
G1 X128.881 Y109.368 E.04865
G1 X129.336 Y110.002 E.02641
G1 X130.002 Y110.002 E.02254
G1 X130.002 Y108.167 E.06211
;LAYER_CHANGE
;Z:14.8
;HEIGHT:0.2
;BEFORE_LAYER_CHANGE
G92 E0.0
;14.8


;WIPE_START
G1 F8640
G1 X130.002 Y110.002 E-.42371
G1 X129.336 Y110.002 E-.15378
G1 X128.881 Y109.368 E-.18019
G1 X128.735 Y109.257 E-.04232
;WIPE_END
G1 Z14.8 F720
;AFTER_LAYER_CHANGE
;14.8
G1 Z15.2
G1 X119.632 Y110.368 F10800
G1 Z14.8 F720
G1 E.8 F2100
M204 S800
;TYPE:Perimeter
;WIDTH:0.449999
G1 F900
G1 X119.632 Y99.632 E.3634
G1 X130.368 Y99.632 E.3634
M73 P57 R9
G1 X130.368 Y110.368 E.3634
G1 X119.692 Y110.368 E.36137
M73 Q57 S9
M204 S1000
G1 X119.225 Y110.775 F10800
M204 S800
;TYPE:External perimeter
G1 F900
G1 X119.225 Y99.225 E.39095
G1 X130.775 Y99.225 E.39095
G1 X130.775 Y110.775 E.39095
G1 X119.285 Y110.775 E.38892
M204 S1000
;WIPE_START
G1 F8640
G1 X119.225 Y110.775 E-.01385
G1 X119.225 Y107.37 E-.78615
;WIPE_END
G1 Z15.2 F720
G1 X130.002 Y108.127 F10800
G1 Z14.8 F720
G1 E.8 F2100
;TYPE:Internal infill
;WIDTH:0.45
G1 F900
G1 X130.002 Y110.002 E.06347
G1 X129.376 Y110.002 E.02119
G1 X128.804 Y109.368 E.0289
G1 X127.214 Y108.494 E.06141
G1 X127.021 Y108.057 E.01617
G1 X127.105 Y107.621 E.01503
G1 X127.455 Y106.747 E.03187
G1 X127.742 Y106.31 E.0177
G1 X128.184 Y105.874 E.02102
G1 X129.775 Y105 E.06144
G1 X129.968 Y104.563 E.01617
G1 X129.883 Y104.126 E.01507
G1 X129.534 Y103.253 E.03182
G1 X129.247 Y102.816 E.0177
G1 X128.804 Y102.379 E.02106
G1 X127.214 Y101.506 E.0614
G1 X127.021 Y101.069 E.01617
G1 X127.105 Y100.632 E.01506
G1 X127.359 Y99.998 E.02312
G1 X124.118 Y99.998 E.1097
G1 X124.69 Y100.632 E.0289
G1 X126.281 Y101.506 E.06144
G1 X126.474 Y101.943 E.01617
G1 X126.389 Y102.379 E.01504
G1 X126.04 Y103.253 E.03186
G1 X125.752 Y103.69 E.01772
G1 X125.31 Y104.126 E.02102
G1 X123.719 Y105 E.06144
G1 X123.526 Y105.437 E.01617
G1 X123.611 Y105.874 E.01507
G1 X123.96 Y106.747 E.03182
G1 X124.248 Y107.184 E.01772
G1 X124.69 Y107.621 E.02104
G1 X126.281 Y108.494 E.06143
G1 X126.474 Y108.931 E.01617
G1 X126.389 Y109.368 E.01507
G1 X126.136 Y110.002 E.02311
G1 X122.388 Y110.002 E.12687
G1 X121.816 Y109.368 E.0289
G1 X120.225 Y108.494 E.06144
G1 X120.032 Y108.057 E.01617
G1 X120.117 Y107.621 E.01504
G1 X120.466 Y106.747 E.03186
G1 X120.753 Y106.31 E.0177
G1 X121.196 Y105.874 E.02104
G1 X122.786 Y105 E.06141
G1 X122.979 Y104.563 E.01617
G1 X122.895 Y104.126 E.01506
G1 X122.545 Y103.253 E.03184
G1 X122.258 Y102.816 E.0177
G1 X121.816 Y102.379 E.02104
G1 X120.225 Y101.506 E.06143
G1 X120.032 Y101.069 E.01617
G1 X120.117 Y100.632 E.01507
G1 X120.37 Y99.998 E.02311
M73 P58 R9
G1 X122.87 Y99.998 E.08462
;LAYER_CHANGE
;Z:15
;HEIGHT:0.2
;BEFORE_LAYER_CHANGE
G92 E0.0
;15


;WIPE_START
G1 F8640
G1 X120.37 Y99.998 E-.57726
G1 X120.117 Y100.632 E-.15762
G1 X120.063 Y100.909 E-.06512
;WIPE_END
G1 Z15 F720
;AFTER_LAYER_CHANGE
;15
G1 Z15.4
G1 X119.632 Y110.368 F10800
G1 Z15 F720
M73 Q58 S9
G1 E.8 F2100
M204 S800
;TYPE:Perimeter
;WIDTH:0.449999
G1 F900
G1 X119.632 Y99.632 E.3634
G1 X130.368 Y99.632 E.3634
G1 X130.368 Y110.368 E.3634
G1 X119.692 Y110.368 E.36137
M204 S1000
G1 X119.225 Y110.775 F10800
M204 S800
;TYPE:External perimeter
G1 F900
G1 X119.225 Y99.225 E.39095
G1 X130.775 Y99.225 E.39095
G1 X130.775 Y110.775 E.39095
G1 X119.285 Y110.775 E.38892
M204 S1000
;WIPE_START
G1 F8640
G1 X119.225 Y110.775 E-.01385
G1 X119.225 Y107.37 E-.78615
;WIPE_END
G1 Z15.4 F720
G1 X130.002 Y107.868 F10800
G1 Z15 F720
G1 E.8 F2100
;TYPE:Internal infill
;WIDTH:0.45
G1 F900
G1 X130.002 Y110.002 E.07223
G1 X129.635 Y110.002 E.01242
G1 X129.368 Y109.894 E.00975
G1 X128.931 Y109.498 E.01996
G1 X128.494 Y109.242 E.01714
G1 X127.621 Y108.972 E.03093
G1 X127.184 Y108.979 E.01479
G1 X126.747 Y109.278 E.01792
G1 X126.094 Y110.002 E.033
G1 X122.646 Y110.002 E.11671
G1 X122.379 Y109.894 E.00975
G1 X121.943 Y109.498 E.01994
G1 X121.506 Y109.242 E.01714
G1 X120.632 Y108.972 E.03096
G1 X120.195 Y108.979 E.01479
G1 X119.998 Y109.114 E.00808
G1 X119.998 Y107.35 E.05971
G1 X120.632 Y106.4 E.03866
G1 X121.069 Y106.004 E.01996
G1 X121.506 Y105.747 E.01716
G1 X122.379 Y105.478 E.03092
G1 X122.816 Y105.485 E.01479
G1 X123.253 Y105.784 E.01792
G1 X124.126 Y107.095 E.05331
G1 X124.563 Y107.491 E.01996
G1 X125 Y107.747 E.01714
G1 X125.874 Y108.016 E.03095
G1 X126.31 Y108.01 E.01476
G1 X126.747 Y107.71 E.01794
G1 X127.621 Y106.4 E.0533
G1 X128.057 Y106.004 E.01994
G1 X128.494 Y105.747 E.01716
G1 X129.368 Y105.478 E.03095
G1 X129.805 Y105.485 E.01479
G1 X130.002 Y105.62 E.00808
G1 X130.002 Y103.856 E.05971
G1 X129.368 Y102.905 E.03869
G1 X128.931 Y102.509 E.01996
G1 X128.494 Y102.253 E.01714
G1 X127.621 Y101.984 E.03092
G1 X127.184 Y101.99 E.01479
G1 X126.747 Y102.29 E.01794
G1 X125.874 Y103.6 E.05329
G1 X125.437 Y103.996 E.01996
G1 X125 Y104.253 E.01716
G1 X124.126 Y104.522 E.03095
G1 X123.69 Y104.515 E.01476
G1 X123.253 Y104.216 E.01792
G1 X122.379 Y102.905 E.05333
G1 X121.943 Y102.509 E.01994
G1 X121.506 Y102.253 E.01714
G1 X120.632 Y101.984 E.03095
G1 X120.195 Y101.99 E.01479
G1 X119.998 Y102.126 E.0081
G1 X119.998 Y100.362 E.05971
G1 X120.241 Y99.998 E.01481
G1 X124.055 Y99.998 E.1291
G1 X124.563 Y100.502 E.02422
G1 X125 Y100.758 E.01714
G1 X125.874 Y101.028 E.03096
G1 X126.31 Y101.021 E.01476
G1 X126.747 Y100.722 E.01792
G1 X127.229 Y99.998 E.02944
G1 X129.729 Y99.998 E.08462
;LAYER_CHANGE
;Z:15.2
;HEIGHT:0.2
;BEFORE_LAYER_CHANGE
G92 E0.0
;15.2


;WIPE_START
G1 F8640
G1 X127.229 Y99.998 E-.57726
G1 X126.747 Y100.722 E-.20083
G1 X126.669 Y100.776 E-.02191
;WIPE_END
G1 Z15.2 F720
;AFTER_LAYER_CHANGE
;15.2
G1 Z15.6
G1 X119.632 Y110.368 F10800
G1 Z15.2 F720
G1 E.8 F2100
M204 S800
;TYPE:Perimeter
;WIDTH:0.449999
G1 F900
G1 X119.632 Y99.632 E.3634
G1 X130.368 Y99.632 E.3634
G1 X130.368 Y110.368 E.3634
G1 X119.692 Y110.368 E.36137
M204 S1000
G1 X119.225 Y110.775 F10800
M73 P59 R9
M204 S800
;TYPE:External perimeter
G1 F900
G1 X119.225 Y99.225 E.39095
G1 X130.775 Y99.225 E.39095
M73 Q59 S9
G1 X130.775 Y110.775 E.39095
G1 X119.285 Y110.775 E.38892
M204 S1000
;WIPE_START
G1 F8640
G1 X119.225 Y110.775 E-.01385
G1 X119.225 Y107.37 E-.78615
;WIPE_END
G1 Z15.6 F720
G1 X130.002 Y107.756 F10800
G1 Z15.2 F720
G1 E.8 F2100
;TYPE:Internal infill
;WIDTH:0.45
G1 F900
G1 X130.002 Y110.002 E.07602
G1 X129.748 Y110.002 E.0086
G1 X129.368 Y109.813 E.01437
G1 X128.931 Y109.499 E.01821
G1 X128.494 Y109.304 E.0162
G1 X127.621 Y109.177 E.02986
G1 X127.184 Y109.293 E.0153
G1 X126.23 Y110.002 E.04023
G1 X122.759 Y110.002 E.11749
G1 X122.379 Y109.813 E.01437
G1 X121.943 Y109.499 E.01819
G1 X121.506 Y109.304 E.0162
G1 X120.632 Y109.177 E.02989
G1 X120.195 Y109.293 E.0153
G1 X119.998 Y109.453 E.00859
G1 X119.998 Y107.061 E.08097
G1 X120.632 Y106.319 E.03304
G1 X121.069 Y106.004 E.01823
G1 X121.506 Y105.81 E.01618
G1 X122.379 Y105.683 E.02986
G1 X122.816 Y105.799 E.0153
G1 X123.253 Y106.153 E.01904
G1 X124.126 Y107.175 E.0455
G1 X124.563 Y107.49 E.01823
G1 X125 Y107.685 E.0162
G1 X125.874 Y107.811 E.02989
G1 X126.31 Y107.696 E.01526
G1 X126.747 Y107.341 E.01906
G1 X127.621 Y106.319 E.04552
G1 X128.057 Y106.004 E.01821
G1 X128.494 Y105.81 E.01618
G1 X129.368 Y105.683 E.02989
G1 X129.805 Y105.799 E.0153
G1 X130.002 Y105.958 E.00857
G1 X130.002 Y103.567 E.08093
G1 X129.368 Y102.825 E.03304
G1 X128.931 Y102.51 E.01823
G1 X128.494 Y102.315 E.0162
G1 X127.621 Y102.189 E.02986
G1 X127.184 Y102.304 E.0153
G1 X126.747 Y102.659 E.01906
G1 X125.874 Y103.681 E.0455
G1 X125.437 Y103.996 E.01823
G1 X125 Y104.19 E.01618
G1 X124.126 Y104.317 E.02989
G1 X123.69 Y104.201 E.01527
G1 X123.253 Y103.847 E.01904
G1 X122.379 Y102.825 E.04552
G1 X121.943 Y102.51 E.01821
G1 X121.506 Y102.315 E.0162
G1 X120.632 Y102.189 E.02989
G1 X120.195 Y102.304 E.0153
G1 X119.998 Y102.464 E.00859
G1 X119.998 Y99.998 E.08347
G1 X123.966 Y99.998 E.13431
G1 X124.126 Y100.187 E.00838
G1 X124.563 Y100.501 E.01821
G1 X125 Y100.696 E.0162
G1 X125.874 Y100.823 E.02989
G1 X126.31 Y100.707 E.01527
G1 X126.747 Y100.353 E.01904
G1 X127.05 Y99.998 E.0158
G1 X129.55 Y99.998 E.08462
;LAYER_CHANGE
;Z:15.4
;HEIGHT:0.2
;BEFORE_LAYER_CHANGE
G92 E0.0
;15.4


;WIPE_START
G1 F8640
G1 X127.05 Y99.998 E-.57726
G1 X126.747 Y100.353 E-.10777
G1 X126.36 Y100.667 E-.11497
;WIPE_END
G1 Z15.4 F720
;AFTER_LAYER_CHANGE
;15.4
G1 Z15.8
G1 X119.632 Y110.368 F10800
G1 Z15.4 F720
G1 E.8 F2100
M204 S800
;TYPE:Perimeter
;WIDTH:0.449999
G1 F900
G1 X119.632 Y99.632 E.3634
G1 X130.368 Y99.632 E.3634
G1 X130.368 Y110.368 E.3634
G1 X119.692 Y110.368 E.36137
M204 S1000
G1 X119.225 Y110.775 F10800
M204 S800
;TYPE:External perimeter
G1 F900
G1 X119.225 Y99.225 E.39095
G1 X130.775 Y99.225 E.39095
G1 X130.775 Y110.775 E.39095
G1 X119.285 Y110.775 E.38892
M204 S1000
;WIPE_START
G1 F8640
M73 P60 R9
G1 X119.225 Y110.775 E-.01385
G1 X119.225 Y107.37 E-.78615
;WIPE_END
G1 Z15.8 F720
G1 X130.002 Y107.672 F10800
G1 Z15.4 F720
G1 E.8 F2100
M73 Q60 S9
;TYPE:Internal infill
;WIDTH:0.45
G1 F900
G1 X130.002 Y110.002 E.07887
G1 X129.832 Y110.002 E.00575
G1 X128.931 Y109.48 E.03525
G1 X128.494 Y109.344 E.01549
G1 X128.057 Y109.296 E.01488
G1 X127.621 Y109.343 E.01484
G1 X127.184 Y109.529 E.01608
G1 X126.747 Y109.903 E.01947
G1 X126.496 Y110.002 E.00913
G1 X122.843 Y110.002 E.12365
G1 X121.943 Y109.48 E.03522
G1 X121.506 Y109.344 E.01549
G1 X121.069 Y109.296 E.01488
G1 X120.632 Y109.343 E.01488
G1 X120.195 Y109.529 E.01608
G1 X119.998 Y109.698 E.00879
G1 X119.998 Y106.851 E.09637
G1 X120.632 Y106.23 E.03004
G1 X121.069 Y105.986 E.01694
G1 X121.506 Y105.85 E.01549
G1 X121.943 Y105.802 E.01488
G1 X122.379 Y105.849 E.01484
G1 X122.816 Y106.035 E.01608
G1 X124.126 Y107.264 E.0608
G1 X124.563 Y107.509 E.01696
G1 X125 Y107.645 E.01549
G1 X125.437 Y107.692 E.01488
G1 X125.874 Y107.645 E.01488
G1 X126.31 Y107.459 E.01604
G1 X127.621 Y106.23 E.06083
G1 X128.057 Y105.986 E.01691
G1 X128.494 Y105.85 E.01549
G1 X128.931 Y105.802 E.01488
G1 X129.368 Y105.849 E.01488
G1 X129.805 Y106.035 E.01608
G1 X130.002 Y106.204 E.00879
G1 X130.002 Y103.357 E.09637
G1 X129.368 Y102.736 E.03004
G1 X128.931 Y102.491 E.01696
G1 X128.494 Y102.355 E.01549
G1 X128.057 Y102.308 E.01488
G1 X127.621 Y102.355 E.01484
G1 X127.184 Y102.541 E.01608
G1 X125.874 Y103.77 E.0608
G1 X125.437 Y104.014 E.01694
G1 X125 Y104.15 E.01549
G1 X124.563 Y104.198 E.01488
G1 X124.126 Y104.151 E.01488
G1 X123.69 Y103.965 E.01604
G1 X122.379 Y102.736 E.06083
G1 X121.943 Y102.491 E.01693
G1 X121.506 Y102.355 E.01549
G1 X121.069 Y102.308 E.01488
G1 X120.632 Y102.355 E.01488
G1 X120.195 Y102.541 E.01608
G1 X119.998 Y102.709 E.00876
G1 X119.998 Y99.998 E.09176
G1 X123.844 Y99.998 E.13018
G1 X124.126 Y100.275 E.01338
G1 X124.563 Y100.52 E.01696
G1 X125 Y100.656 E.01549
G1 X125.437 Y100.704 E.01488
G1 X125.874 Y100.657 E.01488
G1 X126.31 Y100.471 E.01604
G1 X126.848 Y99.998 E.02425
G1 X129.348 Y99.998 E.08462
;LAYER_CHANGE
;Z:15.6
;HEIGHT:0.200001
;BEFORE_LAYER_CHANGE
G92 E0.0
;15.6


;WIPE_START
G1 F8640
G1 X126.848 Y99.998 E-.57726
G1 X126.31 Y100.471 E-.16541
G1 X126.081 Y100.568 E-.05733
;WIPE_END
G1 Z15.6 F720
;AFTER_LAYER_CHANGE
;15.6
G1 Z16
G1 X119.632 Y110.368 F10800
G1 Z15.6 F720
G1 E.8 F2100
M204 S800
;TYPE:Perimeter
;WIDTH:0.449999
G1 F900
G1 X119.632 Y99.632 E.3634
G1 X130.368 Y99.632 E.3634
G1 X130.368 Y110.368 E.3634
G1 X119.692 Y110.368 E.36137
M204 S1000
G1 X119.225 Y110.775 F10800
M204 S800
;TYPE:External perimeter
G1 F900
G1 X119.225 Y99.225 E.39095
G1 X130.775 Y99.225 E.39095
G1 X130.775 Y110.775 E.39095
G1 X119.285 Y110.775 E.38892
M204 S1000
;WIPE_START
G1 F8640
G1 X119.225 Y110.775 E-.01385
G1 X119.225 Y107.37 E-.78615
;WIPE_END
G1 Z16 F720
G1 X130.002 Y107.611 F10800
G1 Z15.6 F720
G1 E.8 F2100
;TYPE:Internal infill
;WIDTH:0.45
G1 F900
G1 X130.002 Y110.002 E.08093
G1 X129.892 Y110.002 E.00372
G1 X129.368 Y109.625 E.02185
G1 X128.931 Y109.443 E.01602
G1 X128.494 Y109.364 E.01503
G1 X128.057 Y109.373 E.0148
G1 X127.621 Y109.482 E.01521
G1 X127.184 Y109.725 E.01693
G1 X126.875 Y110.002 E.01405
G1 X122.904 Y110.002 E.13441
G1 X122.379 Y109.625 E.02188
G1 X121.943 Y109.443 E.01599
G1 X121.506 Y109.364 E.01503
G1 X121.069 Y109.373 E.0148
G1 X120.632 Y109.482 E.01525
G1 X120.195 Y109.725 E.01693
G1 X119.998 Y109.902 E.00896
G1 X119.998 Y106.638 E.11048
G1 X120.632 Y106.131 E.02748
G1 X121.069 Y105.949 E.01602
G1 X121.506 Y105.87 E.01503
G1 X121.943 Y105.879 E.0148
G1 X122.379 Y105.988 E.01521
G1 X122.816 Y106.231 E.01693
G1 X123.69 Y107.048 E.0405
G1 X124.126 Y107.363 E.01821
G1 X124.563 Y107.545 E.01602
G1 X125 Y107.624 E.01503
G1 X125.437 Y107.615 E.0148
G1 X125.874 Y107.507 E.01524
G1 X126.31 Y107.263 E.01691
G1 X127.184 Y106.446 E.0405
G1 X127.621 Y106.131 E.01823
G1 X128.057 Y105.949 E.01599
G1 X128.494 Y105.87 E.01503
G1 X128.931 Y105.879 E.0148
G1 X129.368 Y105.988 E.01525
G1 X129.805 Y106.231 E.01693
G1 X130.002 Y106.407 E.00894
G1 X130.002 Y103.144 E.11045
G1 X129.368 Y102.637 E.02748
G1 X128.931 Y102.455 E.01602
G1 X128.494 Y102.376 E.01503
G1 X128.057 Y102.385 E.0148
G1 X127.621 Y102.493 E.0152
G1 X127.184 Y102.737 E.01694
G1 X126.31 Y103.554 E.0405
G1 X125.874 Y103.869 E.01821
G1 X125.437 Y104.051 E.01602
G1 X125 Y104.13 E.01503
G1 X124.563 Y104.121 E.0148
G1 X124.126 Y104.012 E.01525
G1 X123.69 Y103.769 E.0169
G1 X122.816 Y102.952 E.0405
G1 X122.379 Y102.637 E.01823
G1 X121.943 Y102.455 E.01599
G1 X121.506 Y102.376 E.01503
G1 X121.069 Y102.385 E.0148
G1 X120.632 Y102.493 E.01524
M73 P61 R9
G1 X120.195 Y102.737 E.01694
G1 X119.998 Y102.913 E.00894
G1 X119.998 Y99.998 E.09867
G1 X123.627 Y99.998 E.12284
G1 X124.126 Y100.375 E.02117
M73 Q61 S9
G1 X124.563 Y100.557 E.01602
G1 X125 Y100.636 E.01503
G1 X125.437 Y100.627 E.0148
G1 X125.874 Y100.518 E.01525
G1 X126.31 Y100.275 E.0169
G1 X126.619 Y99.998 E.01405
G1 X129.119 Y99.998 E.08462
;LAYER_CHANGE
;Z:15.8
;HEIGHT:0.2
;BEFORE_LAYER_CHANGE
G92 E0.0
;15.8


;WIPE_START
G1 F8640
G1 X126.619 Y99.998 E-.57726
G1 X126.31 Y100.275 E-.09582
G1 X125.874 Y100.518 E-.11525
G1 X125.825 Y100.53 E-.01167
;WIPE_END
G1 Z15.8 F720
;AFTER_LAYER_CHANGE
;15.8
G1 Z16.2
G1 X119.632 Y110.368 F10800
G1 Z15.8 F720
G1 E.8 F2100
M204 S800
;TYPE:Perimeter
;WIDTH:0.449999
G1 F900
G1 X119.632 Y99.632 E.3634
G1 X130.368 Y99.632 E.3634
G1 X130.368 Y110.368 E.3634
G1 X119.692 Y110.368 E.36137
M204 S1000
G1 X119.225 Y110.775 F10800
M204 S800
;TYPE:External perimeter
G1 F900
G1 X119.225 Y99.225 E.39095
G1 X130.775 Y99.225 E.39095
G1 X130.775 Y110.775 E.39095
G1 X119.285 Y110.775 E.38892
M204 S1000
;WIPE_START
G1 F8640
G1 X119.225 Y110.775 E-.01385
G1 X119.225 Y107.37 E-.78615
;WIPE_END
G1 Z16.2 F720
G1 X119.998 Y107.57 F10800
G1 Z15.8 F720
G1 E.8 F2100
;TYPE:Internal infill
;WIDTH:0.45
G1 F900
G1 X119.998 Y110.002 E.08232
G1 X120.632 Y109.599 E.02543
G1 X121.069 Y109.432 E.01584
G1 X121.506 Y109.366 E.01496
G1 X121.943 Y109.389 E.01481
G1 X122.379 Y109.512 E.01533
G1 X122.816 Y109.768 E.01714
G1 X123.073 Y110.002 E.01176
G1 X127.055 Y110.002 E.13479
G1 X127.621 Y109.599 E.02352
M73 P61 R8
G1 X128.057 Y109.432 E.0158
G1 X128.494 Y109.366 E.01496
G1 X128.931 Y109.389 E.01481
G1 X129.368 Y109.512 E.01537
G1 X130.002 Y109.947 E.02603
G1 X130.002 Y106.594 E.1135
G1 X129.368 Y106.105 E.0271
G1 X128.931 Y105.938 E.01584
G1 X128.494 Y105.872 E.01496
G1 X128.057 Y105.895 E.01481
G1 X127.621 Y106.017 E.01532
G1 X127.184 Y106.274 E.01716
G1 X126.31 Y107.089 E.04045
G1 X125.874 Y107.389 E.01791
G1 X125.437 Y107.557 E.01585
G1 X125 Y107.622 E.01495
G1 X124.563 Y107.599 E.01481
G1 X124.126 Y107.477 E.01536
G1 X123.69 Y107.22 E.01713
G1 X122.816 Y106.405 E.04045
G1 X122.379 Y106.105 E.01794
G1 X121.943 Y105.938 E.0158
G1 X121.506 Y105.872 E.01496
G1 X121.069 Y105.895 E.01481
G1 X120.632 Y106.017 E.01536
G1 X119.998 Y106.453 E.02604
G1 X119.998 Y103.1 E.1135
G1 X120.632 Y102.611 E.0271
M73 Q61 S8
G1 X121.069 Y102.443 E.01585
G1 X121.506 Y102.378 E.01495
G1 X121.943 Y102.401 E.01481
G1 X122.379 Y102.523 E.01532
G1 X122.816 Y102.78 E.01716
G1 X123.69 Y103.595 E.04045
G1 X124.126 Y103.895 E.01791
G1 X124.563 Y104.062 E.01584
G1 X125 Y104.128 E.01496
G1 X125.437 Y104.105 E.01481
G1 X125.874 Y103.983 E.01536
G1 X126.31 Y103.726 E.01713
G1 X127.184 Y102.911 E.04045
G1 X127.621 Y102.611 E.01794
G1 X128.057 Y102.443 E.01582
G1 X128.494 Y102.378 E.01495
G1 X128.931 Y102.401 E.01481
G1 X129.368 Y102.523 E.01536
G1 X130.002 Y102.959 E.02604
G1 X130.002 Y99.998 E.10023
G1 X126.417 Y99.998 E.12135
G1 X125.874 Y100.401 E.02289
G1 X125.437 Y100.568 E.01584
G1 X125 Y100.634 E.01496
G1 X124.563 Y100.611 E.01481
G1 X124.126 Y100.488 E.01537
G1 X123.69 Y100.232 E.01711
G1 X123.433 Y99.998 E.01176
G1 X120.933 Y99.998 E.08462
;LAYER_CHANGE
;Z:16
;HEIGHT:0.2
;BEFORE_LAYER_CHANGE
G92 E0.0
;16


;WIPE_START
G1 F8640
G1 X123.433 Y99.998 E-.57726
G1 X123.69 Y100.232 E-.08025
G1 X124.126 Y100.488 E-.11674
G1 X124.233 Y100.518 E-.02575
;WIPE_END
G1 Z16 F720
;AFTER_LAYER_CHANGE
;16
G1 Z16.4
G1 X119.632 Y110.368 F10800
G1 Z16 F720
G1 E.8 F2100
M204 S800
;TYPE:Perimeter
;WIDTH:0.449999
G1 F900
G1 X119.632 Y99.632 E.3634
G1 X130.368 Y99.632 E.3634
G1 X130.368 Y110.368 E.3634
G1 X119.692 Y110.368 E.36137
M73 P62 R8
M204 S1000
G1 X119.225 Y110.775 F10800
M73 Q62 S8
M204 S800
;TYPE:External perimeter
G1 F900
G1 X119.225 Y99.225 E.39095
G1 X130.775 Y99.225 E.39095
G1 X130.775 Y110.775 E.39095
G1 X119.285 Y110.775 E.38892
M204 S1000
;WIPE_START
G1 F8640
G1 X119.225 Y110.775 E-.01385
G1 X119.225 Y107.37 E-.78615
;WIPE_END
G1 Z16.4 F720
G1 X119.998 Y107.777 F10800
G1 Z16 F720
G1 E.8 F2100
;TYPE:Internal infill
;WIDTH:0.45
G1 F900
G1 X119.998 Y110.002 E.07531
G1 X120.274 Y110.002 E.00934
G1 X120.632 Y109.702 E.01581
G1 X121.069 Y109.473 E.0167
G1 X121.506 Y109.35 E.01537
G1 X121.943 Y109.316 E.01484
G1 X122.379 Y109.379 E.01491
G1 X122.816 Y109.579 E.01627
G1 X123.321 Y110.002 E.0223
G1 X127.262 Y110.002 E.1334
G1 X127.621 Y109.702 E.01584
G1 X128.057 Y109.473 E.01667
G1 X128.494 Y109.35 E.01537
G1 X128.931 Y109.316 E.01484
G1 X129.368 Y109.379 E.01494
G1 X129.805 Y109.579 E.01627
G1 X130.002 Y109.749 E.00881
G1 X130.002 Y106.78 E.1005
G1 X129.368 Y106.208 E.0289
G1 X128.931 Y105.978 E.01672
G1 X128.494 Y105.856 E.01536
G1 X128.057 Y105.822 E.01484
G1 X127.621 Y105.885 E.01491
G1 X127.184 Y106.085 E.01627
G1 X125.874 Y107.286 E.06016
G1 X125.437 Y107.516 E.01672
G1 X125 Y107.638 E.01536
G1 X124.563 Y107.672 E.01484
G1 X124.126 Y107.61 E.01494
G1 X123.69 Y107.41 E.01624
G1 X122.379 Y106.208 E.0602
G1 X121.943 Y105.978 E.01669
G1 X121.506 Y105.856 E.01536
G1 X121.069 Y105.822 E.01484
G1 X120.632 Y105.885 E.01494
G1 X120.195 Y106.085 E.01627
G1 X119.998 Y106.255 E.00881
G1 X119.998 Y103.286 E.1005
G1 X120.632 Y102.714 E.0289
G1 X121.069 Y102.484 E.01672
G1 X121.506 Y102.362 E.01536
G1 X121.943 Y102.328 E.01484
G1 X122.379 Y102.39 E.01491
G1 X122.816 Y102.59 E.01627
G1 X124.126 Y103.792 E.06018
G1 X124.563 Y104.022 E.01672
G1 X125 Y104.144 E.01536
G1 X125.437 Y104.178 E.01484
G1 X125.874 Y104.115 E.01494
G1 X126.31 Y103.915 E.01624
G1 X127.621 Y102.714 E.06018
G1 X128.057 Y102.484 E.01669
G1 X128.494 Y102.362 E.01536
G1 X128.931 Y102.328 E.01484
G1 X129.368 Y102.39 E.01494
G1 X129.805 Y102.59 E.01627
G1 X130.002 Y102.761 E.00883
G1 X130.002 Y99.998 E.09352
G1 X126.232 Y99.998 E.12761
G1 X125.874 Y100.298 E.01581
G1 X125.437 Y100.527 E.0167
G1 X125 Y100.65 E.01537
G1 X124.563 Y100.684 E.01484
G1 X124.126 Y100.621 E.01494
G1 X123.69 Y100.421 E.01624
G1 X123.21 Y99.998 E.02166
G1 X120.71 Y99.998 E.08462
;LAYER_CHANGE
;Z:16.2
;HEIGHT:0.200001
;BEFORE_LAYER_CHANGE
G92 E0.0
;16.2


;WIPE_START
G1 F8640
G1 X123.21 Y99.998 E-.57726
G1 X123.69 Y100.421 E-.14773
G1 X123.986 Y100.557 E-.07501
;WIPE_END
G1 Z16.2 F720
;AFTER_LAYER_CHANGE
;16.2
G1 Z16.6
G1 X119.632 Y110.368 F10800
G1 Z16.2 F720
G1 E.8 F2100
M204 S800
;TYPE:Perimeter
;WIDTH:0.449999
G1 F900
G1 X119.632 Y99.632 E.3634
G1 X130.368 Y99.632 E.3634
G1 X130.368 Y110.368 E.3634
G1 X119.692 Y110.368 E.36137
M204 S1000
G1 X119.225 Y110.775 F10800
M204 S800
;TYPE:External perimeter
G1 F900
G1 X119.225 Y99.225 E.39095
G1 X130.775 Y99.225 E.39095
G1 X130.775 Y110.775 E.39095
G1 X119.285 Y110.775 E.38892
M204 S1000
;WIPE_START
G1 F8640
M73 P63 R8
G1 X119.225 Y110.775 E-.01385
G1 X119.225 Y107.37 E-.78615
;WIPE_END
G1 Z16.6 F720
M73 Q63 S8
G1 X119.998 Y107.733 F10800
G1 Z16.2 F720
G1 E.8 F2100
;TYPE:Internal infill
;WIDTH:0.45
G1 F900
G1 X119.998 Y110.002 E.0768
G1 X120.23 Y110.002 E.00785
G1 X121.069 Y109.496 E.03316
G1 X121.506 Y109.315 E.01601
G1 X122.379 Y109.22 E.02972
G1 X122.816 Y109.355 E.01548
G1 X123.253 Y109.714 E.01914
G1 X123.725 Y110.002 E.01872
G1 X127.219 Y110.002 E.11827
G1 X128.057 Y109.496 E.03314
G1 X128.494 Y109.315 E.01601
G1 X129.368 Y109.22 E.02976
G1 X129.805 Y109.355 E.01548
G1 X130.002 Y109.517 E.00863
G1 X130.002 Y107.006 E.08499
G1 X129.368 Y106.299 E.03214
G1 X128.931 Y106.002 E.01788
G1 X128.494 Y105.821 E.01601
G1 X127.621 Y105.726 E.02972
G1 X127.184 Y105.86 E.01547
G1 X126.747 Y106.22 E.01916
G1 X125.874 Y107.195 E.0443
G1 X125.437 Y107.493 E.0179
G1 X125 Y107.673 E.016
G1 X124.126 Y107.768 E.02976
G1 X123.69 Y107.634 E.01544
G1 X123.253 Y107.274 E.01916
G1 X122.379 Y106.299 E.04432
G1 X121.943 Y106.002 E.01786
G1 X121.506 Y105.821 E.01601
G1 X120.632 Y105.726 E.02976
G1 X120.195 Y105.86 E.01547
G1 X119.998 Y106.023 E.00865
G1 X119.998 Y103.512 E.08499
G1 X120.632 Y102.805 E.03214
G1 X121.069 Y102.507 E.0179
G1 X121.506 Y102.327 E.016
G1 X122.379 Y102.232 E.02972
G1 X122.816 Y102.366 E.01547
G1 X123.253 Y102.726 E.01916
G1 X124.126 Y103.701 E.0443
G1 X124.563 Y103.998 E.01788
G1 X125 Y104.179 E.01601
G1 X125.874 Y104.274 E.02976
G1 X126.31 Y104.14 E.01544
G1 X126.747 Y103.78 E.01916
G1 X127.621 Y102.805 E.04432
G1 X128.057 Y102.507 E.01788
G1 X128.494 Y102.327 E.016
G1 X129.368 Y102.232 E.02976
G1 X129.805 Y102.366 E.01547
G1 X130.002 Y102.528 E.00863
G1 X130.002 Y99.998 E.08564
G1 X126.06 Y99.998 E.13343
G1 X125.874 Y100.207 E.00947
G1 X125.437 Y100.504 E.01788
G1 X125 Y100.685 E.01601
G1 X124.126 Y100.78 E.02976
G1 X123.69 Y100.645 E.01545
G1 X122.996 Y99.998 E.03212
G1 X120.496 Y99.998 E.08462
;LAYER_CHANGE
;Z:16.4
;HEIGHT:0.199999
;BEFORE_LAYER_CHANGE
G92 E0.0
;16.4


;WIPE_START
G1 F8640
G1 X122.996 Y99.998 E-.57726
G1 X123.69 Y100.645 E-.21908
G1 X123.705 Y100.65 E-.00366
;WIPE_END
G1 Z16.4 F720
;AFTER_LAYER_CHANGE
;16.4
G1 Z16.8
G1 X119.632 Y110.368 F10800
G1 Z16.4 F720
G1 E.8 F2100
M204 S800
;TYPE:Perimeter
;WIDTH:0.449999
G1 F900
G1 X119.632 Y99.632 E.3634
G1 X130.368 Y99.632 E.3634
G1 X130.368 Y110.368 E.3634
G1 X119.692 Y110.368 E.36137
M204 S1000
G1 X119.225 Y110.775 F10800
M204 S800
;TYPE:External perimeter
G1 F900
G1 X119.225 Y99.225 E.39095
G1 X130.775 Y99.225 E.39095
G1 X130.775 Y110.775 E.39095
G1 X119.285 Y110.775 E.38892
M204 S1000
;WIPE_START
G1 F8640
G1 X119.225 Y110.775 E-.01385
G1 X119.225 Y107.37 E-.78615
;WIPE_END
G1 Z16.8 F720
G1 X119.998 Y107.838 F10800
G1 Z16.4 F720
G1 E.8 F2100
;TYPE:Internal infill
;WIDTH:0.45
G1 F900
G1 X119.998 Y110.002 E.07325
G1 X120.335 Y110.002 E.01141
G1 X120.632 Y109.875 E.01093
G1 X121.069 Y109.5 E.01949
G1 X121.506 Y109.259 E.01689
G1 X122.379 Y109.026 E.03058
G1 X122.816 Y109.064 E.01485
G1 X123.253 Y109.385 E.01835
G1 X123.878 Y110.002 E.02973
G1 X127.323 Y110.002 E.11661
G1 X127.621 Y109.875 E.01096
G1 X128.057 Y109.5 E.01947
G1 X128.494 Y109.259 E.01689
G1 X129.368 Y109.026 E.03062
G1 X129.805 Y109.064 E.01485
G1 X130.002 Y109.209 E.00828
G1 X130.002 Y107.268 E.0657
G1 X129.368 Y106.381 E.0369
G1 X128.931 Y106.006 E.01949
G1 X128.494 Y105.764 E.01691
G1 X127.621 Y105.531 E.03058
G1 X127.184 Y105.57 E.01485
G1 X126.747 Y105.891 E.01835
G1 X125.874 Y107.113 E.05083
G1 X125.437 Y107.489 E.01951
G1 X125 Y107.73 E.01689
G1 X124.126 Y107.963 E.03062
G1 X123.69 Y107.924 E.01482
G1 X123.253 Y107.603 E.01835
G1 X122.379 Y106.381 E.05085
G1 X121.943 Y106.006 E.01947
G1 X121.506 Y105.764 E.01691
G1 X120.632 Y105.531 E.03062
G1 X120.195 Y105.57 E.01485
G1 X119.998 Y105.715 E.00828
G1 X119.998 Y103.773 E.06573
G1 X120.632 Y102.887 E.03688
G1 X121.069 Y102.511 E.01951
G1 X121.506 Y102.27 E.01689
G1 X122.379 Y102.037 E.03058
G1 X122.816 Y102.076 E.01485
G1 X123.253 Y102.397 E.01835
G1 X124.126 Y103.619 E.05083
G1 X124.563 Y103.994 E.01949
G1 X125 Y104.236 E.01691
G1 X125.874 Y104.469 E.03062
G1 X126.31 Y104.43 E.01482
G1 X126.747 Y104.109 E.01835
G1 X127.621 Y102.887 E.05085
G1 X128.057 Y102.511 E.01949
M73 P64 R8
G1 X128.494 Y102.27 E.01689
G1 X129.368 Y102.037 E.03062
G1 X129.805 Y102.076 E.01485
G1 X130.002 Y102.221 E.00828
G1 X130.002 Y100.279 E.06573
G1 X129.801 Y99.998 E.01169
G1 X125.964 Y99.998 E.12988
G1 X125.437 Y100.5 E.02464
M73 Q64 S8
G1 X125 Y100.741 E.01689
G1 X124.126 Y100.974 E.03062
G1 X123.69 Y100.936 E.01481
G1 X123.253 Y100.615 E.01835
G1 X122.812 Y99.998 E.02567
G1 X120.312 Y99.998 E.08462
;LAYER_CHANGE
;Z:16.6
;HEIGHT:0.200001
;BEFORE_LAYER_CHANGE
G92 E0.0
;16.6


;WIPE_START
G1 F8640
G1 X122.812 Y99.998 E-.57726
G1 X123.253 Y100.615 E-.17512
G1 X123.419 Y100.737 E-.04762
;WIPE_END
G1 Z16.6 F720
;AFTER_LAYER_CHANGE
;16.6
G1 Z17
G1 X119.632 Y110.368 F10800
G1 Z16.6 F720
G1 E.8 F2100
M204 S800
;TYPE:Perimeter
;WIDTH:0.449999
G1 F900
G1 X119.632 Y99.632 E.3634
G1 X130.368 Y99.632 E.3634
G1 X130.368 Y110.368 E.3634
G1 X119.692 Y110.368 E.36137
M204 S1000
G1 X119.225 Y110.775 F10800
M204 S800
;TYPE:External perimeter
G1 F900
G1 X119.225 Y99.225 E.39095
G1 X130.775 Y99.225 E.39095
G1 X130.775 Y110.775 E.39095
G1 X119.285 Y110.775 E.38892
M204 S1000
;WIPE_START
G1 F8640
G1 X119.225 Y110.775 E-.01385
G1 X119.225 Y107.37 E-.78615
;WIPE_END
G1 Z17 F720
G1 X119.998 Y108.113 F10800
G1 Z16.6 F720
G1 E.8 F2100
;TYPE:Internal infill
;WIDTH:0.45
G1 F900
G1 X119.998 Y110.002 E.06394
G1 X120.61 Y110.002 E.02072
G1 X121.214 Y109.368 E.02964
G1 X122.004 Y108.931 E.03056
G1 X123.147 Y108.494 E.04142
G1 X123.105 Y108.057 E.01486
G1 X122.958 Y107.621 E.01557
G1 X122.567 Y106.747 E.03241
G1 X122.265 Y106.31 E.01798
G1 X121.798 Y105.874 E.02163
G1 X121.008 Y105.437 E.03056
G1 X119.998 Y105.051 E.0366
G1 X119.998 Y104.29 E.02576
G1 X120.444 Y103.253 E.03821
G1 X120.747 Y102.816 E.018
G1 X121.214 Y102.379 E.02165
G1 X122.004 Y101.943 E.03054
G1 X123.147 Y101.506 E.04142
G1 X123.105 Y101.069 E.01486
G1 X122.674 Y99.998 E.03908
G1 X125.895 Y99.998 E.10903
G1 X125.292 Y100.632 E.02962
G1 X124.502 Y101.069 E.03056
G1 X123.359 Y101.506 E.04142
G1 X123.401 Y101.943 E.01486
G1 X123.548 Y102.379 E.01557
G1 X123.939 Y103.253 E.03241
G1 X124.241 Y103.69 E.01798
G1 X124.708 Y104.126 E.02163
G1 X125.498 Y104.563 E.03056
G1 X126.641 Y105 E.04142
G1 X126.599 Y105.437 E.01486
G1 X126.452 Y105.874 E.01561
G1 X126.061 Y106.747 E.03238
G1 X125.759 Y107.184 E.01798
G1 X125.292 Y107.621 E.02165
G1 X124.502 Y108.057 E.03054
G1 X123.359 Y108.494 E.04142
G1 X123.401 Y108.931 E.01486
G1 X123.831 Y110.002 E.03906
G1 X127.599 Y110.002 E.12754
G1 X128.202 Y109.368 E.02962
G1 X128.992 Y108.931 E.03056
G1 X130.002 Y108.545 E.0366
G1 X130.002 Y107.784 E.02576
G1 X129.556 Y106.747 E.03821
G1 X129.253 Y106.31 E.018
G1 X128.786 Y105.874 E.02163
G1 X127.996 Y105.437 E.03056
G1 X126.853 Y105 E.04142
G1 X126.895 Y104.563 E.01486
G1 X127.042 Y104.126 E.01561
G1 X127.433 Y103.253 E.03238
G1 X127.735 Y102.816 E.01798
G1 X128.202 Y102.379 E.02165
G1 X128.992 Y101.943 E.03054
G1 X130.002 Y101.557 E.0366
G1 X130.002 Y100.795 E.02579
G1 X129.663 Y99.998 E.02932
G1 X127.163 Y99.998 E.08462
;LAYER_CHANGE
;Z:16.8
;HEIGHT:0.199999
;BEFORE_LAYER_CHANGE
G92 E0.0
;16.8


;WIPE_START
G1 F8640
G1 X129.663 Y99.998 E-.57726
G1 X130.002 Y100.795 E-.19999
G1 X130.002 Y100.894 E-.02275
;WIPE_END
G1 Z16.8 F720
;AFTER_LAYER_CHANGE
;16.8
G1 Z17.2
G1 X119.632 Y110.368 F10800
G1 Z16.8 F720
G1 E.8 F2100
M204 S800
;TYPE:Perimeter
;WIDTH:0.449999
G1 F900
G1 X119.632 Y99.632 E.3634
G1 X130.368 Y99.632 E.3634
G1 X130.368 Y110.368 E.3634
G1 X119.692 Y110.368 E.36137
M73 P65 R8
M204 S1000
G1 X119.225 Y110.775 F10800
M73 Q65 S8
M204 S800
;TYPE:External perimeter
G1 F900
G1 X119.225 Y99.225 E.39095
G1 X130.775 Y99.225 E.39095
G1 X130.775 Y110.775 E.39095
G1 X119.285 Y110.775 E.38892
M204 S1000
;WIPE_START
G1 F8640
G1 X119.225 Y110.775 E-.01385
G1 X119.225 Y107.37 E-.78615
;WIPE_END
G1 Z17.2 F720
G1 X119.998 Y108.16 F10800
G1 Z16.8 F720
G1 E.8 F2100
;TYPE:Internal infill
;WIDTH:0.45
G1 F900
G1 X119.998 Y110.002 E.06235
G1 X120.656 Y110.002 E.02227
G1 X121.138 Y109.368 E.02696
G1 X122.351 Y108.494 E.05061
G1 X122.674 Y108.057 E.01839
G1 X122.716 Y107.621 E.01483
G1 X122.487 Y106.747 E.03058
G1 X122.247 Y106.31 E.01688
G1 X121.874 Y105.874 E.01942
G1 X120.66 Y105 E.05063
G1 X120.338 Y104.563 E.01837
G1 X120.296 Y104.126 E.01486
G1 X120.525 Y103.253 E.03055
G1 X120.765 Y102.816 E.01688
G1 X121.138 Y102.379 E.01945
G1 X122.351 Y101.506 E.05059
G1 X122.674 Y101.069 E.01839
G1 X122.716 Y100.632 E.01486
G1 X122.55 Y99.998 E.02218
G1 X125.849 Y99.998 E.11167
G1 X125.368 Y100.632 E.02694
G1 X124.155 Y101.506 E.05061
G1 X123.832 Y101.943 E.01839
G1 X123.79 Y102.379 E.01483
G1 X124.019 Y103.253 E.03058
G1 X124.259 Y103.69 E.01688
G1 X124.632 Y104.126 E.01942
G1 X125.845 Y105 E.05061
G1 X126.168 Y105.437 E.01839
G1 X126.21 Y105.874 E.01486
G1 X125.981 Y106.747 E.03055
G1 X125.741 Y107.184 E.01688
G1 X125.368 Y107.621 E.01945
G1 X124.155 Y108.494 E.05059
G1 X123.832 Y108.931 E.01839
G1 X123.79 Y109.368 E.01486
G1 X123.956 Y110.002 E.02218
G1 X127.645 Y110.002 E.12487
G1 X128.126 Y109.368 E.02694
G1 X129.34 Y108.494 E.05063
G1 X129.662 Y108.057 E.01837
G1 X129.704 Y107.621 E.01483
G1 X129.475 Y106.747 E.03058
G1 X129.235 Y106.31 E.01688
G1 X128.862 Y105.874 E.01942
G1 X127.649 Y105 E.05061
G1 X127.326 Y104.563 E.01839
G1 X127.284 Y104.126 E.01486
G1 X127.513 Y103.253 E.03055
G1 X127.753 Y102.816 E.01688
G1 X128.126 Y102.379 E.01945
G1 X129.34 Y101.506 E.05061
G1 X129.662 Y101.069 E.01837
G1 X129.704 Y100.632 E.01486
G1 X129.538 Y99.998 E.02218
G1 X127.038 Y99.998 E.08462
;LAYER_CHANGE
;Z:17
;HEIGHT:0.200001
;BEFORE_LAYER_CHANGE
G92 E0.0
;17


;WIPE_START
G1 F8640
G1 X129.538 Y99.998 E-.57726
G1 X129.704 Y100.632 E-.15133
G1 X129.675 Y100.94 E-.07141
;WIPE_END
G1 Z17 F720
;AFTER_LAYER_CHANGE
;17
G1 Z17.4
G1 X119.632 Y110.368 F10800
G1 Z17 F720
G1 E.8 F2100
M204 S800
;TYPE:Perimeter
;WIDTH:0.449999
G1 F900
G1 X119.632 Y99.632 E.3634
G1 X130.368 Y99.632 E.3634
G1 X130.368 Y110.368 E.3634
G1 X119.692 Y110.368 E.36137
M204 S1000
G1 X119.225 Y110.775 F10800
M204 S800
;TYPE:External perimeter
G1 F900
G1 X119.225 Y99.225 E.39095
G1 X130.775 Y99.225 E.39095
M73 P65 R7
G1 X130.775 Y110.775 E.39095
G1 X119.285 Y110.775 E.38892
M73 Q65 S7
M204 S1000
;WIPE_START
G1 F8640
M73 P66 R7
G1 X119.225 Y110.775 E-.01385
G1 X119.225 Y107.37 E-.78615
;WIPE_END
G1 Z17.4 F720
M73 Q66 S7
G1 X119.998 Y108.182 F10800
G1 Z17 F720
G1 E.8 F2100
;TYPE:Internal infill
;WIDTH:0.45
G1 F900
G1 X119.998 Y110.002 E.0616
G1 X120.679 Y110.002 E.02305
G1 X121.055 Y109.368 E.02495
G1 X122.026 Y108.494 E.04422
G1 X122.386 Y108.057 E.01916
G1 X122.523 Y107.621 E.01547
G1 X122.431 Y106.747 E.02975
G1 X122.252 Y106.31 E.01598
G1 X121.956 Y105.874 E.01784
G1 X120.986 Y105 E.0442
G1 X120.625 Y104.563 E.01919
G1 X120.489 Y104.126 E.01549
G1 X120.581 Y103.253 E.02971
G1 X120.76 Y102.816 E.01598
G1 X121.055 Y102.379 E.01785
G1 X122.026 Y101.506 E.0442
G1 X122.386 Y101.069 E.01916
G1 X122.523 Y100.632 E.0155
G1 X122.456 Y99.998 E.02158
G1 X125.827 Y99.998 E.1141
G1 X125.451 Y100.632 E.02495
G1 X124.48 Y101.506 E.04422
G1 X124.12 Y101.943 E.01916
G1 X123.983 Y102.379 E.01547
G1 X124.075 Y103.253 E.02975
G1 X124.254 Y103.69 E.01598
G1 X124.549 Y104.126 E.01782
G1 X125.52 Y105 E.04422
G1 X125.88 Y105.437 E.01916
G1 X126.017 Y105.874 E.0155
G1 X125.925 Y106.747 E.02971
G1 X125.746 Y107.184 E.01598
G1 X125.451 Y107.621 E.01785
G1 X124.48 Y108.494 E.0442
G1 X124.12 Y108.931 E.01916
G1 X123.983 Y109.368 E.0155
G1 X124.05 Y110.002 E.02158
G1 X127.668 Y110.002 E.12246
G1 X128.044 Y109.368 E.02495
G1 X129.014 Y108.494 E.0442
G1 X129.375 Y108.057 E.01919
G1 X129.511 Y107.621 E.01546
G1 X129.419 Y106.747 E.02975
G1 X129.24 Y106.31 E.01598
G1 X128.945 Y105.874 E.01782
G1 X127.974 Y105 E.04422
G1 X127.614 Y104.563 E.01916
G1 X127.477 Y104.126 E.0155
G1 X127.569 Y103.253 E.02971
G1 X127.748 Y102.816 E.01598
G1 X128.044 Y102.379 E.01787
G1 X129.014 Y101.506 E.04417
G1 X129.375 Y101.069 E.01919
G1 X129.511 Y100.632 E.01549
G1 X129.444 Y99.998 E.02158
G1 X130.002 Y99.998 E.01889
G1 X130.002 Y101.941 E.06577
;LAYER_CHANGE
;Z:17.2
;HEIGHT:0.200001
;BEFORE_LAYER_CHANGE
G92 E0.0
;17.2


;WIPE_START
G1 F8640
G1 X130.002 Y99.998 E-.44864
G1 X129.444 Y99.998 E-.12884
G1 X129.511 Y100.632 E-.14721
G1 X129.414 Y100.943 E-.07531
;WIPE_END
G1 Z17.2 F720
;AFTER_LAYER_CHANGE
;17.2
G1 Z17.6
G1 X119.632 Y110.368 F10800
G1 Z17.2 F720
G1 E.8 F2100
M204 S800
;TYPE:Perimeter
;WIDTH:0.449999
G1 F900
G1 X119.632 Y99.632 E.3634
G1 X130.368 Y99.632 E.3634
G1 X130.368 Y110.368 E.3634
G1 X119.692 Y110.368 E.36137
M204 S1000
G1 X119.225 Y110.775 F10800
M204 S800
;TYPE:External perimeter
G1 F900
G1 X119.225 Y99.225 E.39095
G1 X130.775 Y99.225 E.39095
G1 X130.775 Y110.775 E.39095
G1 X119.285 Y110.775 E.38892
M204 S1000
;WIPE_START
G1 F8640
G1 X119.225 Y110.775 E-.01385
G1 X119.225 Y107.37 E-.78615
;WIPE_END
G1 Z17.6 F720
G1 X119.998 Y108.185 F10800
G1 Z17.2 F720
G1 E.8 F2100
;TYPE:Internal infill
;WIDTH:0.45
G1 F900
G1 X119.998 Y110.002 E.0615
G1 X120.682 Y110.002 E.02315
G1 X120.964 Y109.368 E.02349
G1 X122.163 Y108.057 E.06014
G1 X122.365 Y107.621 E.01627
G1 X122.429 Y107.184 E.01495
G1 X122.396 Y106.747 E.01483
G1 X122.275 Y106.31 E.01535
G1 X122.048 Y105.874 E.01664
G1 X120.849 Y104.563 E.06014
G1 X120.647 Y104.126 E.0163
G1 X120.583 Y103.69 E.01492
G1 X120.616 Y103.253 E.01483
G1 X120.736 Y102.816 E.01534
G1 X120.964 Y102.379 E.01668
G1 X122.163 Y101.069 E.06011
G1 X122.365 Y100.632 E.0163
G1 X122.414 Y99.998 E.02152
G1 X125.824 Y99.998 E.11542
G1 X125.542 Y100.632 E.02349
G1 X124.343 Y101.943 E.06014
G1 X124.141 Y102.379 E.01627
G1 X124.077 Y102.816 E.01495
G1 X124.11 Y103.253 E.01483
G1 X124.23 Y103.69 E.01534
G1 X124.458 Y104.126 E.01665
G1 X125.657 Y105.437 E.06014
G1 X125.859 Y105.874 E.0163
G1 X125.923 Y106.31 E.01492
G1 X125.89 Y106.747 E.01483
G1 X125.77 Y107.184 E.01534
G1 X125.542 Y107.621 E.01668
G1 X124.343 Y108.931 E.06011
G1 X124.141 Y109.368 E.0163
G1 X124.092 Y110.002 E.02152
G1 X127.67 Y110.002 E.12111
G1 X127.952 Y109.368 E.02349
G1 X129.151 Y108.057 E.06014
G1 X129.353 Y107.621 E.01627
G1 X129.417 Y107.184 E.01495
G1 X129.384 Y106.747 E.01483
G1 X129.264 Y106.31 E.01534
G1 X129.036 Y105.874 E.01665
G1 X127.837 Y104.563 E.06014
G1 X127.635 Y104.126 E.0163
G1 X127.571 Y103.69 E.01492
G1 X127.604 Y103.253 E.01483
G1 X127.725 Y102.816 E.01535
G1 X127.952 Y102.379 E.01667
G1 X129.151 Y101.069 E.06011
G1 X129.353 Y100.632 E.0163
G1 X129.402 Y99.998 E.02152
M73 P67 R7
G1 X130.002 Y99.998 E.02031
G1 X130.002 Y101.899 E.06435
;LAYER_CHANGE
;Z:17.4
;HEIGHT:0.199999
;BEFORE_LAYER_CHANGE
G92 E0.0
;17.4


;WIPE_START
G1 F8640
G1 X130.002 Y99.998 E-.43895
G1 X129.402 Y99.998 E-.13854
G1 X129.353 Y100.632 E-.14683
G1 X129.216 Y100.93 E-.07568
;WIPE_END
G1 Z17.4 F720
;AFTER_LAYER_CHANGE
;17.4
G1 Z17.8
G1 X119.632 Y110.368 F10800
G1 Z17.4 F720
M73 Q67 S7
G1 E.8 F2100
M204 S800
;TYPE:Perimeter
;WIDTH:0.449999
G1 F900
G1 X119.632 Y99.632 E.3634
G1 X130.368 Y99.632 E.3634
G1 X130.368 Y110.368 E.3634
G1 X119.692 Y110.368 E.36137
M204 S1000
G1 X119.225 Y110.775 F10800
M204 S800
;TYPE:External perimeter
G1 F900
G1 X119.225 Y99.225 E.39095
G1 X130.775 Y99.225 E.39095
G1 X130.775 Y110.775 E.39095
G1 X119.285 Y110.775 E.38892
M204 S1000
;WIPE_START
G1 F8640
G1 X119.225 Y110.775 E-.01385
G1 X119.225 Y107.37 E-.78615
;WIPE_END
G1 Z17.8 F720
G1 X119.998 Y108.169 F10800
G1 Z17.4 F720
G1 E.8 F2100
;TYPE:Internal infill
;WIDTH:0.45
G1 F900
G1 X119.998 Y110.002 E.06204
G1 X120.666 Y110.002 E.02261
G1 X120.861 Y109.368 E.02245
G1 X121.16 Y108.931 E.01792
G1 X121.974 Y108.057 E.04043
G1 X122.232 Y107.621 E.01715
G1 X122.356 Y107.184 E.01538
G1 X122.38 Y106.747 E.01481
G1 X122.317 Y106.31 E.01494
G1 X122.15 Y105.874 E.0158
G1 X121.852 Y105.437 E.0179
G1 X121.037 Y104.563 E.04045
G1 X120.779 Y104.126 E.01718
G1 X120.655 Y103.69 E.01534
G1 X120.631 Y103.253 E.01481
G1 X120.695 Y102.816 E.01495
G1 X120.861 Y102.379 E.01582
G1 X121.16 Y101.943 E.0179
G1 X121.974 Y101.069 E.04043
G1 X122.232 Y100.632 E.01718
G1 X122.367 Y99.998 E.02194
G1 X125.84 Y99.998 E.11756
G1 X125.645 Y100.632 E.02245
G1 X125.346 Y101.069 E.01792
G1 X124.531 Y101.943 E.04045
G1 X124.273 Y102.379 E.01715
G1 X124.149 Y102.816 E.01538
G1 X124.125 Y103.253 E.01481
G1 X124.189 Y103.69 E.01495
G1 X124.355 Y104.126 E.01579
G1 X124.654 Y104.563 E.01792
G1 X125.469 Y105.437 E.04045
G1 X125.727 Y105.874 E.01718
G1 X125.851 Y106.31 E.01534
G1 X125.875 Y106.747 E.01481
G1 X125.811 Y107.184 E.01495
G1 X125.645 Y107.621 E.01582
G1 X125.346 Y108.057 E.0179
G1 X124.531 Y108.931 E.04045
G1 X124.273 Y109.368 E.01718
G1 X124.139 Y110.002 E.02193
G1 X127.655 Y110.002 E.11901
G1 X127.85 Y109.368 E.02245
G1 X128.148 Y108.931 E.0179
G1 X128.963 Y108.057 E.04045
G1 X129.221 Y107.621 E.01715
G1 X129.345 Y107.184 E.01538
G1 X129.369 Y106.747 E.01481
G1 X129.305 Y106.31 E.01495
G1 X129.139 Y105.874 E.01579
G1 X128.84 Y105.437 E.01792
G1 X128.026 Y104.563 E.04043
G1 X127.768 Y104.126 E.01718
G1 X127.644 Y103.69 E.01534
G1 X127.62 Y103.253 E.01481
G1 X127.683 Y102.816 E.01494
G1 X127.85 Y102.379 E.01584
G1 X128.148 Y101.943 E.01788
G1 X128.963 Y101.069 E.04045
G1 X129.221 Y100.632 E.01718
G1 X129.356 Y99.998 E.02194
G1 X130.002 Y99.998 E.02187
G1 X130.002 Y101.853 E.06279
;LAYER_CHANGE
;Z:17.6
;HEIGHT:0.200001
;BEFORE_LAYER_CHANGE
G92 E0.0
;17.6


;WIPE_START
G1 F8640
G1 X130.002 Y99.998 E-.42832
G1 X129.356 Y99.998 E-.14916
G1 X129.221 Y100.632 E-.14967
G1 X129.061 Y100.904 E-.07285
;WIPE_END
G1 Z17.6 F720
;AFTER_LAYER_CHANGE
;17.6
G1 Z18
G1 X119.632 Y110.368 F10800
G1 Z17.6 F720
G1 E.8 F2100
M204 S800
;TYPE:Perimeter
;WIDTH:0.449999
G1 F900
G1 X119.632 Y99.632 E.3634
G1 X130.368 Y99.632 E.3634
G1 X130.368 Y110.368 E.3634
G1 X119.692 Y110.368 E.36137
M204 S1000
G1 X119.225 Y110.775 F10800
M204 S800
;TYPE:External perimeter
G1 F900
G1 X119.225 Y99.225 E.39095
G1 X130.775 Y99.225 E.39095
M73 P68 R7
G1 X130.775 Y110.775 E.39095
M73 Q68 S7
G1 X119.285 Y110.775 E.38892
M204 S1000
;WIPE_START
G1 F8640
G1 X119.225 Y110.775 E-.01385
G1 X119.225 Y107.37 E-.78615
;WIPE_END
G1 Z18 F720
G1 X119.998 Y108.136 F10800
G1 Z17.6 F720
G1 E.8 F2100
;TYPE:Internal infill
;WIDTH:0.45
G1 F900
G1 X119.998 Y110.002 E.06316
G1 X120.633 Y110.002 E.02149
G1 X120.743 Y109.368 E.02178
G1 X120.985 Y108.931 E.01691
G1 X121.803 Y108.057 E.04052
G1 X122.119 Y107.621 E.01823
G1 X122.303 Y107.184 E.01605
G1 X122.383 Y106.747 E.01504
G1 X122.375 Y106.31 E.01479
G1 X122.269 Y105.874 E.01519
G1 X122.027 Y105.437 E.01691
G1 X121.209 Y104.563 E.04052
G1 X120.892 Y104.126 E.01827
G1 X120.709 Y103.69 E.01601
G1 X120.629 Y103.253 E.01504
G1 X120.636 Y102.816 E.01479
G1 X120.743 Y102.379 E.01523
G1 X120.985 Y101.943 E.01688
G1 X121.803 Y101.069 E.04052
G1 X122.119 Y100.632 E.01825
G1 X122.339 Y99.998 E.02272
G1 X125.873 Y99.998 E.11962
G1 X125.763 Y100.632 E.02178
G1 X125.521 Y101.069 E.01691
G1 X124.703 Y101.943 E.04052
G1 X124.387 Y102.379 E.01823
G1 X124.203 Y102.816 E.01605
G1 X124.123 Y103.253 E.01504
G1 X124.13 Y103.69 E.01479
G1 X124.237 Y104.126 E.0152
G1 X124.479 Y104.563 E.01691
G1 X125.297 Y105.437 E.04052
G1 X125.613 Y105.874 E.01825
G1 X125.797 Y106.31 E.01602
G1 X125.877 Y106.747 E.01504
G1 X125.87 Y107.184 E.01479
G1 X125.763 Y107.621 E.01523
G1 X125.521 Y108.057 E.01688
G1 X124.703 Y108.931 E.04052
G1 X124.387 Y109.368 E.01825
G1 X124.167 Y110.002 E.02272
G1 X127.621 Y110.002 E.11691
G1 X127.731 Y109.368 E.02178
G1 X127.973 Y108.931 E.01691
G1 X128.791 Y108.057 E.04052
G1 X129.108 Y107.621 E.01825
G1 X129.291 Y107.184 E.01604
G1 X129.372 Y106.747 E.01504
G1 X129.364 Y106.31 E.01479
G1 X129.257 Y105.874 E.0152
G1 X129.015 Y105.437 E.01691
G1 X128.197 Y104.563 E.04052
G1 X127.881 Y104.126 E.01825
G1 X127.697 Y103.69 E.01602
G1 X127.617 Y103.253 E.01504
G1 X127.625 Y102.816 E.01479
G1 X127.731 Y102.379 E.01522
G1 X127.973 Y101.943 E.01688
G1 X128.791 Y101.069 E.04052
G1 X129.108 Y100.632 E.01827
G1 X129.327 Y99.998 E.0227
G1 X130.002 Y99.998 E.02285
G1 X130.002 Y101.824 E.06181
;LAYER_CHANGE
;Z:17.8
;HEIGHT:0.199999
;BEFORE_LAYER_CHANGE
G92 E0.0
;17.8


;WIPE_START
G1 F8640
G1 X130.002 Y99.998 E-.42163
G1 X129.327 Y99.998 E-.15586
G1 X129.108 Y100.632 E-.15488
G1 X128.936 Y100.869 E-.06763
;WIPE_END
G1 Z17.8 F720
;AFTER_LAYER_CHANGE
;17.8
G1 Z18.2
G1 X119.632 Y110.368 F10800
G1 Z17.8 F720
G1 E.8 F2100
M204 S800
;TYPE:Perimeter
;WIDTH:0.449999
G1 F900
G1 X119.632 Y99.632 E.3634
G1 X130.368 Y99.632 E.3634
G1 X130.368 Y110.368 E.3634
G1 X119.692 Y110.368 E.36137
M204 S1000
G1 X119.225 Y110.775 F10800
M204 S800
;TYPE:External perimeter
G1 F900
G1 X119.225 Y99.225 E.39095
G1 X130.775 Y99.225 E.39095
G1 X130.775 Y110.775 E.39095
G1 X119.285 Y110.775 E.38892
M204 S1000
;WIPE_START
G1 F8640
G1 X119.225 Y110.775 E-.01385
G1 X119.225 Y107.37 E-.78615
;WIPE_END
G1 Z18.2 F720
G1 X119.998 Y100.168 F10800
G1 Z17.8 F720
G1 E.8 F2100
;TYPE:Internal infill
;WIDTH:0.45
G1 F900
G1 X119.998 Y99.998 E.00575
G1 X122.329 Y99.998 E.0789
G1 X122.02 Y100.632 E.02387
G1 X120.788 Y101.943 E.0609
G1 X120.604 Y102.379 E.01602
G1 X120.558 Y102.816 E.01487
G1 X120.608 Y103.253 E.01489
G1 X120.745 Y103.69 E.0155
G1 X120.991 Y104.126 E.01695
G1 X122.223 Y105.437 E.0609
G1 X122.408 Y105.874 E.01606
M73 P69 R7
G1 X122.453 Y106.31 E.01484
G1 X122.404 Y106.747 E.01488
G1 X122.267 Y107.184 E.0155
G1 X122.02 Y107.621 E.01699
G1 X120.788 Y108.931 E.06087
G1 X120.604 Y109.368 E.01605
G1 X120.58 Y110.002 E.02148
G1 X124.177 Y110.002 E.12175
G1 X124.486 Y109.368 E.02387
G1 X125.717 Y108.057 E.06087
G1 X125.902 Y107.621 E.01603
M73 Q69 S7
G1 X125.948 Y107.184 E.01487
G1 X125.898 Y106.747 E.01489
G1 X125.761 Y106.31 E.0155
G1 X125.514 Y105.874 E.01696
G1 X124.283 Y104.563 E.06087
G1 X124.098 Y104.126 E.01606
G1 X124.052 Y103.69 E.01484
G1 X124.102 Y103.253 E.01489
G1 X124.239 Y102.816 E.0155
G1 X124.486 Y102.379 E.01699
G1 X125.717 Y101.069 E.06085
G1 X125.902 Y100.632 E.01606
G1 X125.925 Y99.998 E.02147
G1 X129.317 Y99.998 E.11482
G1 X129.009 Y100.632 E.02386
G1 X127.777 Y101.943 E.0609
G1 X127.593 Y102.379 E.01602
G1 X127.547 Y102.816 E.01487
G1 X127.596 Y103.253 E.01488
G1 X127.733 Y103.69 E.0155
G1 X127.98 Y104.126 E.01696
G1 X129.212 Y105.437 E.0609
G1 X129.396 Y105.874 E.01605
G1 X129.442 Y106.31 E.01484
G1 X129.392 Y106.747 E.01489
G1 X129.255 Y107.184 E.0155
G1 X129.009 Y107.621 E.01697
G1 X127.777 Y108.931 E.06087
G1 X127.593 Y109.368 E.01605
G1 X127.547 Y109.805 E.01487
G1 X127.569 Y110.002 E.00671
G1 X130.002 Y110.002 E.08235
G1 X130.002 Y109.934 E.0023
;LAYER_CHANGE
;Z:18
;HEIGHT:0.200001
;BEFORE_LAYER_CHANGE
G92 E0.0
;18


;WIPE_START
G1 F8640
G1 X130.002 Y110.002 E-.0157
G1 X127.569 Y110.002 E-.56179
G1 X127.547 Y109.805 E-.04577
G1 X127.593 Y109.368 E-.10146
G1 X127.719 Y109.067 E-.07528
;WIPE_END
G1 Z18 F720
;AFTER_LAYER_CHANGE
;18
G1 Z18.4
G1 X119.632 Y110.368 F10800
G1 Z18 F720
G1 E.8 F2100
M204 S800
;TYPE:Perimeter
;WIDTH:0.449999
G1 F900
G1 X119.632 Y99.632 E.3634
G1 X130.368 Y99.632 E.3634
G1 X130.368 Y110.368 E.3634
G1 X119.692 Y110.368 E.36137
M204 S1000
G1 X119.225 Y110.775 F10800
M204 S800
;TYPE:External perimeter
G1 F900
G1 X119.225 Y99.225 E.39095
G1 X130.775 Y99.225 E.39095
G1 X130.775 Y110.775 E.39095
G1 X119.285 Y110.775 E.38892
M204 S1000
;WIPE_START
G1 F8640
G1 X119.225 Y110.775 E-.01385
G1 X119.225 Y107.37 E-.78615
;WIPE_END
G1 Z18.4 F720
G1 X119.998 Y100.16 F10800
G1 Z18 F720
G1 E.8 F2100
;TYPE:Internal infill
;WIDTH:0.45
G1 F900
G1 X119.998 Y99.998 E.00548
G1 X122.337 Y99.998 E.07917
G1 X121.932 Y100.632 E.02547
G1 X120.904 Y101.506 E.04567
G1 X120.551 Y101.943 E.01902
G1 X120.437 Y102.379 E.01525
G1 X120.567 Y103.253 E.02991
G1 X120.763 Y103.69 E.01621
G1 X121.08 Y104.126 E.01825
G1 X122.108 Y105 E.04567
G1 X122.461 Y105.437 E.01902
G1 X122.575 Y105.874 E.01529
G1 X122.445 Y106.747 E.02988
G1 X122.248 Y107.184 E.01623
G1 X121.932 Y107.621 E.01825
G1 X120.904 Y108.494 E.04565
G1 X120.551 Y108.931 E.01902
G1 X120.437 Y109.368 E.01529
G1 X120.531 Y110.002 E.02169
G1 X124.169 Y110.002 E.12314
G1 X124.574 Y109.368 E.02547
G1 X125.602 Y108.494 E.04567
G1 X125.955 Y108.057 E.01902
G1 X126.069 Y107.621 E.01525
G1 X125.939 Y106.747 E.02991
G1 X125.742 Y106.31 E.01623
G1 X125.426 Y105.874 E.01823
G1 X124.398 Y105 E.04567
G1 X124.045 Y104.563 E.01902
G1 X123.931 Y104.126 E.01529
G1 X124.061 Y103.253 E.02988
G1 X124.258 Y102.816 E.01623
G1 X124.574 Y102.379 E.01825
G1 X125.602 Y101.506 E.04565
G1 X125.955 Y101.069 E.01902
G1 X126.069 Y100.632 E.01529
G1 X125.974 Y99.998 E.0217
G1 X129.325 Y99.998 E.11343
G1 X128.92 Y100.632 E.02547
G1 X127.892 Y101.506 E.04567
G1 X127.539 Y101.943 E.01902
G1 X127.425 Y102.379 E.01525
G1 X127.555 Y103.253 E.02991
G1 X127.752 Y103.69 E.01623
G1 X128.068 Y104.126 E.01823
G1 X129.096 Y105 E.04567
G1 X129.449 Y105.437 E.01902
G1 X129.563 Y105.874 E.01529
G1 X129.433 Y106.747 E.02988
G1 X129.237 Y107.184 E.01621
G1 X128.92 Y107.621 E.01827
G1 X127.892 Y108.494 E.04565
G1 X127.539 Y108.931 E.01902
G1 X127.425 Y109.368 E.01529
G1 X127.52 Y110.002 E.0217
G1 X130.002 Y109.983 E.08402
;LAYER_CHANGE
;Z:18.2
;HEIGHT:0.200001
;BEFORE_LAYER_CHANGE
G92 E0.0
;18.2


;WIPE_START
G1 F8640
G1 X127.52 Y110.002 E-.57312
G1 X127.425 Y109.368 E-.14803
G1 X127.511 Y109.038 E-.07885
;WIPE_END
G1 Z18.2 F720
;AFTER_LAYER_CHANGE
;18.2
G1 Z18.6
G1 X142.368 Y110.368 F10800
G1 Z18.2 F720
G1 E.8 F2100
;TYPE:Overhang perimeter
;WIDTH:0.449999
G1 F900
G1 X132.3 Y110.368 E.34079
G1 X131.2 Y110.368 E.03723
M73 P70 R7
M204 S800
;TYPE:Perimeter
G1 X130.1 Y110.368 E.03723
G1 F2700
G1 X119.9 Y110.368 E.34526
G1 F900
G1 X118.8 Y110.368 E.03723
M204 S1000
;TYPE:Overhang perimeter
G1 X117.7 Y110.368 E.03723
G1 X107.632 Y110.368 E.34079
G1 X107.632 Y99.632 E.3634
M73 Q70 S7
G1 X117.7 Y99.632 E.34079
M73 P70 R6
G1 X118.8 Y99.632 E.03723
M204 S800
;TYPE:Perimeter
G1 X119.9 Y99.632 E.03723
G1 F2700
G1 X130.1 Y99.632 E.34526
G1 F900
G1 X131.2 Y99.632 E.03723
M204 S1000
;TYPE:Overhang perimeter
G1 X132.3 Y99.632 E.03723
G1 X142.368 Y99.632 E.34079
G1 X142.368 Y105 E.1817
M73 Q70 S6
G1 X142.368 Y110.308 E.17967
G1 X142.775 Y110.775 F10800
G1 F900
G1 X132.3 Y110.775 E.35457
G1 X131.2 Y110.775 E.03723
M204 S800
;TYPE:External perimeter
G1 X130.1 Y110.775 E.03723
G1 F1500
G1 X119.9 Y110.775 E.34526
G1 F900
G1 X118.8 Y110.775 E.03723
M204 S1000
;TYPE:Overhang perimeter
G1 X117.7 Y110.775 E.03723
G1 X107.225 Y110.775 E.35457
G1 X107.225 Y99.225 E.39095
G1 X117.7 Y99.225 E.35457
G1 X118.8 Y99.225 E.03723
M204 S800
;TYPE:External perimeter
G1 X119.9 Y99.225 E.03723
G1 F1500
G1 X130.1 Y99.225 E.34526
G1 F900
G1 X131.2 Y99.225 E.03723
M204 S1000
;TYPE:Overhang perimeter
G1 X132.3 Y99.225 E.03723
G1 X142.775 Y99.225 E.35457
G1 X142.775 Y105 E.19548
G1 X142.775 Y110.715 E.19345
;WIPE_START
G1 F8640
G1 X142.775 Y110.775 E-.01385
G1 X139.37 Y110.775 E-.78615
;WIPE_END
G1 Z18.6 F720
G1 X130.139 Y110.005 F10800
G1 Z18.2 F720
G1 E.8 F2100
;TYPE:Bridge infill
;WIDTH:0.443311
G1 F1500
G1 X142.012 Y110.005 E.39528
G1 X142.012 Y109.604 E.01335
G1 X130.313 Y109.604 E.38949
G1 X130.313 Y109.204 E.01332
G1 X142.012 Y109.204 E.38949
G1 X142.012 Y108.804 E.01332
G1 X130.313 Y108.804 E.38949
G1 X130.313 Y108.403 E.01335
G1 X142.012 Y108.403 E.38949
G1 X142.012 Y108.003 E.01332
G1 X130.313 Y108.003 E.38949
G1 X130.313 Y107.603 E.01332
G1 X142.012 Y107.603 E.38949
G1 X142.012 Y107.202 E.01335
M73 P71 R6
G1 X130.313 Y107.202 E.38949
G1 X130.313 Y106.802 E.01332
M73 Q71 S6
G1 X142.012 Y106.802 E.38949
G1 X142.012 Y106.401 E.01335
G1 X130.313 Y106.401 E.38949
G1 X130.313 Y106.001 E.01332
G1 X142.012 Y106.001 E.38949
G1 X142.012 Y105.601 E.01332
G1 X130.313 Y105.601 E.38949
G1 X130.313 Y105.2 E.01335
G1 X142.012 Y105.2 E.38949
G1 X142.012 Y104.8 E.01332
G1 X130.313 Y104.8 E.38949
G1 X130.313 Y104.399 E.01335
G1 X142.012 Y104.399 E.38949
G1 X142.012 Y103.999 E.01332
G1 X130.313 Y103.999 E.38949
G1 X130.313 Y103.599 E.01332
G1 X142.012 Y103.599 E.38949
G1 X142.012 Y103.198 E.01335
G1 X130.313 Y103.198 E.38949
G1 X130.313 Y102.798 E.01332
G1 X142.012 Y102.798 E.38949
G1 X142.012 Y102.397 E.01335
G1 X130.313 Y102.397 E.38949
G1 X130.313 Y101.997 E.01332
G1 X142.012 Y101.997 E.38949
G1 X142.012 Y101.597 E.01332
G1 X130.313 Y101.597 E.38949
G1 X130.313 Y101.196 E.01335
G1 X142.012 Y101.196 E.38949
G1 X142.012 Y100.796 E.01332
G1 X130.313 Y100.796 E.38949
G1 X130.313 Y100.395 E.01335
G1 X142.012 Y100.395 E.38949
G1 X142.012 Y99.995 E.01332
G1 X130.139 Y99.995 E.39528
;WIPE_START
G1 F8640
G1 X133.604 Y99.995 E-.8
;WIPE_END
G1 Z18.6 F720
G1 X129.916 Y110 F10800
G1 Z18.2 F720
G1 E.8 F2100
;TYPE:Internal infill
;WIDTH:0.45
G1 F4800
G1 X127.418 Y110.002 E.08455
G1 X127.219 Y109.368 E.02249
G1 X127.222 Y108.931 E.01479
G1 X127.519 Y108.494 E.01788
G1 X128.84 Y107.621 E.0536
G1 X129.238 Y107.184 E.02001
G1 X129.496 Y106.747 E.01718
G1 X129.769 Y105.874 E.03096
G1 X129.766 Y105.437 E.01479
G1 X129.47 Y105 E.01787
G1 X128.149 Y104.126 E.05362
G1 X127.75 Y103.69 E.02001
G1 X127.493 Y103.253 E.01716
G1 X127.219 Y102.379 E.031
G1 X127.222 Y101.943 E.01476
G1 X127.519 Y101.506 E.01788
G1 X128.84 Y100.632 E.05362
G1 X129.354 Y99.998 E.02763
G1 X126.077 Y99.998 E.11092
G1 X126.275 Y100.632 E.02248
G1 X126.272 Y101.069 E.01479
G1 X125.975 Y101.506 E.01788
G1 X124.655 Y102.379 E.05357
G1 X124.256 Y102.816 E.02003
G1 X123.998 Y103.253 E.01718
G1 X123.725 Y104.126 E.03096
G1 X123.728 Y104.563 E.01479
G1 X124.025 Y105 E.01788
G1 X125.345 Y105.874 E.05359
G1 X125.744 Y106.31 E.02001
G1 X126.002 Y106.747 E.01718
G1 X126.275 Y107.621 E.03099
G1 X126.272 Y108.057 E.01476
G1 X125.975 Y108.494 E.01788
G1 X124.655 Y109.368 E.05359
G1 X124.14 Y110.002 E.02765
G1 X120.429 Y110.002 E.12561
G1 X120.231 Y109.368 E.02248
G1 X120.234 Y108.931 E.01479
G1 X120.53 Y108.494 E.01787
G1 X121.851 Y107.621 E.0536
G1 X122.25 Y107.184 E.02003
G1 X122.507 Y106.747 E.01716
G1 X122.781 Y105.874 E.03097
G1 X122.778 Y105.437 E.01479
G1 X122.481 Y105 E.01788
G1 X121.16 Y104.126 E.05362
G1 X120.762 Y103.69 E.01998
G1 X120.504 Y103.253 E.01718
G1 X120.231 Y102.379 E.03099
G1 X120.234 Y101.943 E.01476
G1 X120.53 Y101.506 E.01787
G1 X121.851 Y100.632 E.05362
G1 X122.366 Y99.998 E.02765
G1 X120.084 Y99.998 E.07724
G1 X120.084 Y100.216 E.00738
G1 X120.084 Y100.216 F10800
G1 X119.861 Y99.995
;TYPE:Bridge infill
;WIDTH:0.443311
G1 F1500
G1 X107.988 Y99.995 E.39528
G1 X107.988 Y100.396 E.01335
G1 X119.687 Y100.396 E.38949
G1 X119.687 Y100.796 E.01332
G1 X107.988 Y100.796 E.38949
G1 X107.988 Y101.196 E.01332
G1 X119.687 Y101.196 E.38949
G1 X119.687 Y101.597 E.01335
M73 P72 R6
G1 X107.988 Y101.597 E.38949
G1 X107.988 Y101.997 E.01332
G1 X119.687 Y101.997 E.38949
G1 X119.687 Y102.398 E.01335
M73 Q72 S6
G1 X107.988 Y102.398 E.38949
G1 X107.988 Y102.798 E.01332
G1 X119.687 Y102.798 E.38949
G1 X119.687 Y103.198 E.01332
G1 X107.988 Y103.198 E.38949
G1 X107.988 Y103.599 E.01335
G1 X119.687 Y103.599 E.38949
G1 X119.687 Y103.999 E.01332
G1 X107.988 Y103.999 E.38949
G1 X107.988 Y104.399 E.01332
G1 X119.687 Y104.399 E.38949
G1 X119.687 Y104.8 E.01335
G1 X107.988 Y104.8 E.38949
G1 X107.988 Y105.2 E.01332
G1 X119.687 Y105.2 E.38949
G1 X119.687 Y105.601 E.01335
G1 X107.988 Y105.601 E.38949
G1 X107.988 Y106.001 E.01332
G1 X119.687 Y106.001 E.38949
G1 X119.687 Y106.401 E.01332
G1 X107.988 Y106.401 E.38949
G1 X107.988 Y106.802 E.01335
G1 X119.687 Y106.802 E.38949
G1 X119.687 Y107.202 E.01332
G1 X107.988 Y107.202 E.38949
G1 X107.988 Y107.603 E.01335
G1 X119.687 Y107.603 E.38949
G1 X119.687 Y108.003 E.01332
G1 X107.988 Y108.003 E.38949
G1 X107.988 Y108.403 E.01332
G1 X119.687 Y108.403 E.38949
G1 X119.687 Y108.804 E.01335
G1 X107.988 Y108.804 E.38949
G1 X107.988 Y109.204 E.01332
G1 X119.687 Y109.204 E.38949
G1 X119.687 Y109.605 E.01335
G1 X107.988 Y109.605 E.38949
G1 X107.988 Y110.005 E.01332
G1 X119.861 Y110.005 E.39528
;LAYER_CHANGE
;Z:18.4
;HEIGHT:0.199999
;BEFORE_LAYER_CHANGE
G92 E0.0
;18.4


;WIPE_START
G1 F8640
G1 X116.396 Y110.005 E-.8
;WIPE_END
G1 Z18.4 F720
;AFTER_LAYER_CHANGE
;18.4
G1 Z18.8
G1 X142.368 Y110.368 F10800
G1 Z18.4 F720
G1 E.8 F2100
M204 S800
;TYPE:Perimeter
;WIDTH:0.449999
G1 F2700
G1 X107.632 Y110.368 E1.17577
G1 X107.632 Y99.632 E.3634
G1 X142.368 Y99.632 E1.17577
G1 X142.368 Y110.308 E.36137
M204 S1000
G1 X142.775 Y110.775 F10800
M204 S800
;TYPE:External perimeter
G1 F1500
G1 X107.225 Y110.775 E1.20332
G1 X107.225 Y99.225 E.39095
M73 P73 R6
M73 Q73 S6
G1 X142.775 Y99.225 E1.20332
G1 X142.775 Y110.715 E.38892
M204 S1000
;WIPE_START
G1 F8640
G1 X142.775 Y110.775 E-.01385
G1 X139.37 Y110.775 E-.78615
;WIPE_END
G1 Z18.8 F720
G1 X129.858 Y110.002 F10800
G1 Z18.4 F720
G1 E.8 F2100
;TYPE:Internal infill
;WIDTH:0.45
G1 F4800
G1 X127.358 Y110.002 E.08462
G1 X127.184 Y109.84 E.00805
G1 X126.747 Y108.983 E.03256
G1 X126.31 Y108.78 E.01631
G1 X125.874 Y108.859 E.015
G1 X125 Y109.204 E.03181
G1 X124.563 Y109.489 E.01766
G1 X124.027 Y110.002 E.02511
G1 X120.369 Y110.002 E.12382
G1 X120.195 Y109.84 E.00805
G1 X120.084 Y109.621 E.00831
G1 X120.084 Y108.157 E.04955
G1 X120.195 Y108.209 E.00415
G1 X120.632 Y108.13 E.01503
G1 X121.506 Y107.785 E.03181
G1 X121.943 Y107.499 E.01768
G1 X122.379 Y107.059 E.02097
G1 X123.253 Y105.489 E.06082
G1 X123.69 Y105.286 E.01631
G1 X124.126 Y105.364 E.01499
G1 X125 Y105.71 E.03182
G1 X125.437 Y105.995 E.01766
G1 X125.874 Y106.435 E.02099
G1 X126.747 Y108.005 E.06081
G1 X127.184 Y108.209 E.01632
G1 X127.621 Y108.13 E.01503
G1 X128.494 Y107.785 E.03177
G1 X128.931 Y107.499 E.01768
G1 X129.368 Y107.059 E.02099
G1 X129.916 Y106.127 E.0366
G1 X129.916 Y104.662 E.04959
G1 X129.805 Y104.714 E.00415
G1 X129.368 Y104.636 E.01503
G1 X128.494 Y104.29 E.03182
G1 X128.057 Y104.005 E.01766
G1 X127.621 Y103.565 E.02097
G1 X126.747 Y101.995 E.06082
G1 X126.31 Y101.791 E.01632
G1 X125.874 Y101.87 E.015
G1 X125 Y102.215 E.03181
G1 X124.563 Y102.501 E.01768
G1 X124.126 Y102.941 E.02099
G1 X123.253 Y104.511 E.06081
G1 X122.816 Y104.714 E.01631
G1 X122.379 Y104.636 E.01503
G1 X121.506 Y104.29 E.03179
G1 X121.069 Y104.005 E.01766
G1 X120.632 Y103.565 E.02099
G1 X120.084 Y102.633 E.0366
G1 X120.084 Y101.168 E.04959
G1 X120.195 Y101.22 E.00415
G1 X120.632 Y101.141 E.01503
G1 X121.506 Y100.796 E.03181
G1 X121.943 Y100.511 E.01766
G1 X122.423 Y99.998 E.02378
G1 X126.211 Y99.998 E.12822
G1 X126.747 Y101.017 E.03897
G1 X127.184 Y101.22 E.01631
G1 X127.621 Y101.141 E.01503
G1 X128.494 Y100.796 E.03177
G1 X128.931 Y100.511 E.01766
G1 X129.412 Y99.998 E.0238
G1 X129.916 Y99.998 E.01706
G1 X129.916 Y101.994 E.06756
;WIPE_START
G1 F8640
G1 X129.916 Y99.998 E-.46088
G1 X129.412 Y99.998 E-.11637
G1 X128.931 Y100.511 E-.16238
G1 X128.712 Y100.654 E-.06037
;WIPE_END
G1 Z18.8 F720
G1 X130.45 Y100.044 F10800
G1 Z18.4 F720
G1 E.8 F2100
;TYPE:Solid infill
;WIDTH:0.575696
G1 F4800
G1 X130.403 Y99.997 E.00294
G1 X130.339 Y100.014 E.00293
G1 X130.322 Y100.079 E.00298
G1 X130.369 Y100.126 E.00294
G1 X130.433 Y100.108 E.00295
;WIDTH:0.449999
G1 X131.113 Y99.998 E.02332
G1 X130.323 Y100.789 E.03784
G1 X130.323 Y101.364 E.01946
G1 X131.689 Y99.998 E.06539
G1 X132.265 Y99.998 E.0195
G1 X130.323 Y101.94 E.09296
G1 X130.323 Y102.516 E.0195
G1 X132.841 Y99.998 E.12054
G1 X133.416 Y99.998 E.01946
G1 X130.323 Y103.092 E.14808
G1 X130.323 Y103.667 E.01946
G1 X133.992 Y99.998 E.17563
G1 X134.568 Y99.998 E.0195
G1 X130.323 Y104.243 E.20321
G1 X130.323 Y104.819 E.0195
G1 X135.143 Y99.998 E.23075
G1 X135.719 Y99.998 E.0195
G1 X130.323 Y105.394 E.2583
G1 X130.323 Y105.97 E.0195
G1 X136.295 Y99.998 E.28588
G1 X136.87 Y99.998 E.01946
G1 X130.323 Y106.546 E.31342
G1 X130.323 Y107.121 E.01946
G1 X137.446 Y99.998 E.34097
G1 X138.022 Y99.998 E.0195
G1 X130.323 Y107.697 E.36855
G1 X130.323 Y108.273 E.0195
G1 X138.597 Y99.998 E.3961
G1 X139.173 Y99.998 E.0195
G1 X130.323 Y108.848 E.42364
G1 X130.323 Y109.424 E.0195
G1 X139.749 Y99.998 E.45122
G1 X140.325 Y99.998 E.0195
G1 X130.323 Y110 E.47879
G1 X130.897 Y110.002 E.01943
G1 X140.9 Y99.998 E.47886
G1 X141.476 Y99.998 E.0195
G1 X131.473 Y110.002 E.47886
G1 X132.049 Y110.002 E.0195
G1 X142.002 Y100.049 E.47644
G1 X142.076 Y99.949 E.00421
;WIDTH:0.41646
G1 X142.15 Y99.85 E.00384
;WIDTH:0.38292
G1 X142.054 Y99.845 E.00272
;WIDTH:0.449999
G1 X142.002 Y100.624 E.02643
G1 X132.624 Y110.002 E.44892
G1 X133.2 Y110.002 E.0195
G1 X142.002 Y101.2 E.42135
G1 X142.002 Y101.776 E.0195
G1 X133.776 Y110.002 E.39377
G1 X134.351 Y110.002 E.01946
G1 X142.002 Y102.351 E.36625
G1 X142.002 Y102.927 E.0195
G1 X134.927 Y110.002 E.33868
G1 X135.503 Y110.002 E.0195
G1 X142.002 Y103.503 E.3111
G1 X142.002 Y104.078 E.01946
G1 X136.078 Y110.002 E.28358
G1 X136.654 Y110.002 E.0195
G1 X142.002 Y104.654 E.25601
G1 X142.002 Y105.23 E.0195
G1 X137.23 Y110.002 E.22843
G1 X137.806 Y110.002 E.0195
G1 X142.002 Y105.806 E.20086
G1 X142.002 Y106.381 E.01946
G1 X138.381 Y110.002 E.17334
G1 X138.957 Y110.002 E.0195
G1 X142.002 Y106.957 E.14576
G1 X142.002 Y107.533 E.0195
G1 X139.533 Y110.002 E.11819
G1 X140.108 Y110.002 E.01946
G1 X142.002 Y108.108 E.09066
G1 X142.103 Y108.045 E.00403
;WIDTH:0.41646
G1 X142.205 Y107.982 E.00372
;WIDTH:0.38292
G1 X142.164 Y107.993 E.0012
G1 X142.145 Y107.922 E.00208
G1 X142.216 Y107.941 E.00208
;WIDTH:0.449999
G1 X142.002 Y108.684 E.02617
G1 X142.002 Y110.002 E.04461
G1 X140.684 Y110.002 E.04461
G1 X141.858 Y108.828 E.0562
;WIPE_START
G1 F8640
G1 X140.684 Y110.002 E-.38336
G1 X142.002 Y110.002 E-.30433
G1 X142.002 Y109.516 E-.11231
;WIPE_END
G1 Z18.8 F720
G1 X108.109 Y100.031 F10800
G1 Z18.4 F720
G1 E.8 F2100
;WIDTH:0.548766
G1 F4800
G1 X108.064 Y99.987 E.00265
G1 X108.003 Y100.003 E.00265
M73 P74 R6
G1 X107.987 Y100.064 E.00265
G1 X108.031 Y100.109 E.00265
G1 X108.093 Y100.093 E.00269
;WIDTH:0.449999
G1 X108.743 Y99.998 E.02224
G1 X107.932 Y100.815 E.03897
;WIDTH:0.41646
G1 X107.866 Y100.888 E.00306
;WIDTH:0.38292
G1 X107.795 Y100.869 E.00208
G1 X107.814 Y100.94 E.00208
G1 X107.855 Y100.929 E.0012
;WIDTH:0.449999
G1 X107.998 Y101.318 E.01403
G1 X109.318 Y99.998 E.06319
G1 X109.894 Y99.998 E.0195
G1 X107.998 Y101.894 E.09076
G1 X107.998 Y102.47 E.0195
G1 X110.47 Y99.998 E.11833
G1 X111.046 Y99.998 E.0195
G1 X107.998 Y103.046 E.14591
G1 X107.998 Y103.621 E.01946
M73 Q74 S6
G1 X111.621 Y99.998 E.17343
G1 X112.197 Y99.998 E.0195
G1 X107.998 Y104.197 E.201
G1 X107.998 Y104.773 E.0195
G1 X112.773 Y99.998 E.22858
G1 X113.348 Y99.998 E.01946
G1 X107.998 Y105.348 E.2561
G1 X107.998 Y105.924 E.0195
G1 X113.924 Y99.998 E.28367
G1 X114.5 Y99.998 E.0195
G1 X107.998 Y106.5 E.31125
G1 X107.998 Y107.075 E.01946
G1 X115.075 Y99.998 E.33877
G1 X115.651 Y99.998 E.0195
G1 X107.998 Y107.651 E.36634
G1 X107.998 Y108.227 E.0195
G1 X116.227 Y99.998 E.39392
G1 X116.803 Y99.998 E.0195
G1 X107.998 Y108.803 E.42149
G1 X107.998 Y109.378 E.01946
G1 X117.378 Y99.998 E.44901
G1 X117.954 Y99.998 E.0195
G1 X107.998 Y109.954 E.47659
G1 X108.526 Y110.002 E.01795
G1 X118.53 Y99.998 E.47889
G1 X119.105 Y99.998 E.01946
G1 X109.102 Y110.002 E.47886
G1 X109.678 Y110.002 E.0195
G1 X119.677 Y100.003 E.47865
G1 X119.677 Y100.578 E.01946
G1 X110.254 Y110.002 E.4511
G1 X110.829 Y110.002 E.01946
G1 X119.677 Y101.154 E.42355
G1 X119.677 Y101.73 E.0195
G1 X111.405 Y110.002 E.39598
G1 X111.981 Y110.002 E.0195
G1 X119.677 Y102.305 E.36843
G1 X119.677 Y102.881 E.0195
G1 X112.556 Y110.002 E.34088
G1 X113.132 Y110.002 E.0195
G1 X119.677 Y103.457 E.31331
G1 X119.677 Y104.032 E.01946
G1 X113.708 Y110.002 E.28576
G1 X114.283 Y110.002 E.01946
G1 X119.677 Y104.608 E.25821
G1 X119.677 Y105.184 E.0195
M73 P74 R5
G1 X114.859 Y110.002 E.23063
G1 X115.435 Y110.002 E.0195
G1 X119.677 Y105.76 E.20306
G1 X119.677 Y106.335 E.01946
G1 X116.011 Y110.002 E.17551
G1 X116.586 Y110.002 E.01946
G1 X119.677 Y106.911 E.14796
G1 X119.677 Y107.487 E.0195
G1 X117.162 Y110.002 E.12039
G1 X117.738 Y110.002 E.0195
G1 X119.677 Y108.062 E.09284
G1 X119.677 Y110.002 E.06567
G1 X118.313 Y110.002 E.04617
G1 X119.533 Y108.782 E.0584
;LAYER_CHANGE
;Z:18.6
;HEIGHT:0.200001
;BEFORE_LAYER_CHANGE
G92 E0.0
;18.6


;WIPE_START
G1 F8640
G1 X118.313 Y110.002 E-.39839
G1 X119.677 Y110.002 E-.31495
M73 Q74 S5
G1 X119.677 Y109.627 E-.08666
;WIPE_END
G1 Z18.6 F720
;AFTER_LAYER_CHANGE
;18.6
G1 Z19
G1 X142.368 Y110.368 F10800
G1 Z18.6 F720
G1 E.8 F2100
M204 S800
;TYPE:Perimeter
G1 F2700
G1 X107.632 Y110.368 E1.17577
G1 X107.632 Y99.632 E.3634
G1 X142.368 Y99.632 E1.17577
G1 X142.368 Y110.308 E.36137
M204 S1000
G1 X142.775 Y110.775 F10800
M204 S800
;TYPE:External perimeter
G1 F1500
G1 X107.225 Y110.775 E1.20332
G1 X107.225 Y99.225 E.39095
G1 X142.775 Y99.225 E1.20332
G1 X142.775 Y110.715 E.38892
M204 S1000
;WIPE_START
G1 F8640
G1 X142.775 Y110.775 E-.01385
G1 X139.37 Y110.775 E-.78615
;WIPE_END
G1 Z19 F720
G1 X130.369 Y109.874 F10800
G1 Z18.6 F720
G1 E.8 F2100
M73 P75 R5
;TYPE:Solid infill
;WIDTH:0.575694
G1 F4800
G1 X130.322 Y109.921 E.00294
G1 X130.339 Y109.986 E.00298
G1 X130.403 Y110.003 E.00293
G1 X130.45 Y109.956 E.00294
G1 X130.433 Y109.892 E.00293
;WIDTH:0.449999
G1 X130.323 Y109.211 E.02335
G1 X131.113 Y110.002 E.03784
G1 X131.689 Y110.002 E.0195
G1 X130.323 Y108.636 E.06539
G1 X130.323 Y108.06 E.0195
G1 X132.265 Y110.002 E.09296
G1 X132.841 Y110.002 E.0195
G1 X130.323 Y107.484 E.12054
G1 X130.323 Y106.908 E.0195
G1 X133.416 Y110.002 E.14808
M73 Q75 S5
G1 X133.992 Y110.002 E.0195
G1 X130.323 Y106.333 E.17563
G1 X130.323 Y105.757 E.0195
G1 X134.568 Y110.002 E.20321
G1 X135.143 Y110.002 E.01946
G1 X130.323 Y105.181 E.23075
G1 X130.323 Y104.606 E.01946
G1 X135.719 Y110.002 E.2583
G1 X136.295 Y110.002 E.0195
G1 X130.323 Y104.03 E.28588
G1 X130.323 Y103.454 E.0195
G1 X136.87 Y110.002 E.31342
G1 X137.446 Y110.002 E.0195
G1 X130.323 Y102.879 E.34097
G1 X130.323 Y102.303 E.0195
G1 X138.022 Y110.002 E.36855
G1 X138.597 Y110.002 E.01946
G1 X130.323 Y101.727 E.3961
G1 X130.323 Y101.152 E.01946
G1 X139.173 Y110.002 E.42364
G1 X139.749 Y110.002 E.0195
G1 X130.323 Y100.576 E.45122
G1 X130.323 Y100 E.0195
G1 X140.325 Y110.002 E.47879
G1 X140.9 Y110.002 E.01946
G1 X130.897 Y99.998 E.47886
G1 X131.473 Y99.998 E.0195
G1 X141.476 Y110.002 E.47886
G1 X142.15 Y110.15 E.02336
;WIDTH:0.38292
G1 X142.054 Y110.155 E.00272
;WIDTH:0.41646
G1 X142.028 Y110.053 E.00327
;WIDTH:0.449999
G1 X142.002 Y109.951 E.00356
G1 X132.049 Y99.998 E.47644
G1 X132.624 Y99.998 E.01946
G1 X142.002 Y109.376 E.44892
G1 X142.002 Y108.8 E.0195
G1 X133.2 Y99.998 E.42135
G1 X133.776 Y99.998 E.0195
G1 X142.002 Y108.224 E.39377
G1 X142.002 Y107.649 E.01946
G1 X134.351 Y99.998 E.36625
G1 X134.927 Y99.998 E.0195
G1 X142.002 Y107.073 E.33868
G1 X142.002 Y106.497 E.0195
G1 X135.503 Y99.998 E.3111
G1 X136.078 Y99.998 E.01946
G1 X142.002 Y105.922 E.28358
G1 X142.002 Y105.346 E.0195
G1 X136.654 Y99.998 E.25601
G1 X137.23 Y99.998 E.0195
G1 X142.002 Y104.77 E.22843
G1 X142.002 Y104.195 E.01946
G1 X137.806 Y99.998 E.20088
G1 X138.381 Y99.998 E.01946
G1 X142.002 Y103.619 E.17334
G1 X142.002 Y103.043 E.0195
G1 X138.957 Y99.998 E.14576
G1 X139.533 Y99.998 E.0195
G1 X142.002 Y102.467 E.11819
G1 X142.205 Y102.018 E.01668
;WIDTH:0.38292
G1 X142.216 Y102.059 E.0012
G1 X142.145 Y102.078 E.00208
G1 X142.164 Y102.007 E.00208
;WIDTH:0.41646
G1 X142.083 Y101.949 E.00309
;WIDTH:0.449999
G1 X142.002 Y101.892 E.00335
G1 X140.108 Y99.998 E.09066
G1 X142.002 Y99.998 E.06411
G1 X142.002 Y101.316 E.04461
G1 X140.828 Y100.142 E.0562
;WIPE_START
G1 F8640
G1 X142.002 Y101.316 E-.38336
G1 X142.002 Y99.998 E-.30433
G1 X141.516 Y99.998 E-.11231
;WIPE_END
G1 Z19 F720
G1 X129.916 Y102.065 F10800
G1 Z18.6 F720
G1 E.8 F2100
;TYPE:Internal infill
;WIDTH:0.45
G1 F4800
G1 X129.916 Y99.998 E.06997
G1 X129.483 Y99.998 E.01466
G1 X128.931 Y100.499 E.02523
G1 X128.494 Y100.723 E.01662
G1 X127.621 Y100.914 E.03025
G1 X127.184 Y100.842 E.01499
G1 X126.747 Y100.504 E.0187
G1 X126.358 Y99.998 E.0216
G1 X122.494 Y99.998 E.13079
G1 X121.943 Y100.499 E.02521
G1 X121.506 Y100.723 E.01662
G1 X120.632 Y100.914 E.03028
G1 X120.195 Y100.842 E.01499
G1 X120.084 Y100.756 E.00475
G1 X120.084 Y102.93 E.07359
G1 X120.632 Y103.642 E.03041
G1 X121.069 Y103.993 E.01897
G1 X121.506 Y104.217 E.01662
G1 X122.379 Y104.408 E.03025
G1 X122.816 Y104.336 E.01499
G1 X123.253 Y103.998 E.0187
G1 X124.126 Y102.864 E.04844
G1 X124.563 Y102.512 E.01899
G1 X125 Y102.289 E.01661
G1 X125.874 Y102.098 E.03028
G1 X126.31 Y102.17 E.01496
G1 X126.747 Y102.508 E.0187
G1 X127.621 Y103.642 E.04846
G1 X128.057 Y103.993 E.01895
G1 X128.494 Y104.217 E.01662
G1 X129.368 Y104.408 E.03028
G1 X129.805 Y104.336 E.01499
G1 X129.916 Y104.25 E.00475
G1 X129.916 Y106.424 E.07359
G1 X129.368 Y107.136 E.03041
G1 X128.931 Y107.488 E.01899
G1 X128.494 Y107.711 E.01661
G1 X127.621 Y107.902 E.03025
G1 X127.184 Y107.83 E.01499
G1 X126.747 Y107.492 E.0187
G1 X125.874 Y106.358 E.04844
G1 X125.437 Y106.007 E.01897
G1 X125 Y105.783 E.01662
G1 X124.126 Y105.592 E.03028
G1 X123.69 Y105.664 E.01496
G1 X123.253 Y106.002 E.0187
G1 X122.379 Y107.136 E.04846
G1 X121.943 Y107.488 E.01897
G1 X121.506 Y107.711 E.01661
G1 X120.632 Y107.902 E.03028
G1 X120.195 Y107.83 E.01499
G1 X120.084 Y107.744 E.00475
G1 X120.084 Y109.775 E.06875
G1 X120.347 Y110.002 E.01176
G1 X123.795 Y110.002 E.11671
G1 X124.126 Y109.852 E.0123
G1 X124.563 Y109.501 E.01897
G1 X125 Y109.277 E.01662
G1 X125.874 Y109.086 E.03028
G1 X126.31 Y109.158 E.01496
G1 X127.336 Y110.002 E.04497
G1 X129.836 Y110.002 E.08462
;WIPE_START
G1 F8640
G1 X127.336 Y110.002 E-.57726
G1 X126.591 Y109.389 E-.22274
;WIPE_END
G1 Z19 F720
G1 X108.031 Y109.891 F10800
G1 Z18.6 F720
G1 E.8 F2100
;TYPE:Solid infill
;WIDTH:0.548766
G1 F4800
G1 X107.987 Y109.936 E.00265
G1 X108.003 Y109.997 E.00265
G1 X108.064 Y110.013 E.00265
G1 X108.109 Y109.969 E.00265
G1 X108.093 Y109.907 E.00269
;WIDTH:0.449999
G1 X108.743 Y110.002 E.02224
G1 X107.998 Y109.257 E.03566
G1 X107.927 Y109.164 E.00396
;WIDTH:0.41646
G1 X107.855 Y109.071 E.00365
;WIDTH:0.38292
G1 X107.866 Y109.112 E.0012
G1 X107.795 Y109.131 E.00208
G1 X107.814 Y109.06 E.00208
;WIDTH:0.449999
G1 X107.998 Y108.682 E.01423
G1 X109.318 Y110.002 E.06319
G1 X109.894 Y110.002 E.0195
G1 X107.998 Y108.106 E.09076
G1 X107.998 Y107.53 E.0195
G1 X110.47 Y110.002 E.11833
G1 X111.046 Y110.002 E.0195
G1 X107.998 Y106.954 E.14591
G1 X107.998 Y106.379 E.01946
G1 X111.621 Y110.002 E.17343
G1 X112.197 Y110.002 E.0195
G1 X107.998 Y105.803 E.201
G1 X107.998 Y105.227 E.0195
G1 X112.773 Y110.002 E.22858
G1 X113.348 Y110.002 E.01946
G1 X107.998 Y104.652 E.2561
G1 X107.998 Y104.076 E.0195
G1 X113.924 Y110.002 E.28367
G1 X114.5 Y110.002 E.0195
G1 X107.998 Y103.5 E.31125
G1 X107.998 Y102.925 E.01946
G1 X115.075 Y110.002 E.33877
G1 X115.651 Y110.002 E.0195
G1 X107.998 Y102.349 E.36634
G1 X107.998 Y101.773 E.0195
G1 X116.227 Y110.002 E.39392
G1 X116.803 Y110.002 E.0195
G1 X107.998 Y101.197 E.42149
G1 X107.998 Y100.622 E.01946
G1 X117.378 Y110.002 E.44901
G1 X117.954 Y110.002 E.0195
G1 X107.998 Y100.046 E.47659
G1 X108.526 Y99.998 E.01795
G1 X118.53 Y110.002 E.47889
G1 X119.105 Y110.002 E.01946
G1 X109.102 Y99.998 E.47886
G1 X109.678 Y99.998 E.0195
G1 X119.677 Y109.997 E.47865
G1 X119.677 Y109.422 E.01946
G1 X110.254 Y99.998 E.4511
G1 X110.829 Y99.998 E.01946
G1 X119.677 Y108.846 E.42355
M73 P76 R5
G1 X119.677 Y108.27 E.0195
G1 X111.405 Y99.998 E.39598
G1 X111.981 Y99.998 E.0195
G1 X119.677 Y107.695 E.36843
M73 Q76 S5
G1 X119.677 Y107.119 E.0195
G1 X112.556 Y99.998 E.34088
G1 X113.132 Y99.998 E.0195
G1 X119.677 Y106.543 E.31331
G1 X119.677 Y105.968 E.01946
G1 X113.708 Y99.998 E.28576
G1 X114.283 Y99.998 E.01946
G1 X119.677 Y105.392 E.25821
G1 X119.677 Y104.816 E.0195
G1 X114.859 Y99.998 E.23063
G1 X115.435 Y99.998 E.0195
G1 X119.677 Y104.24 E.20306
G1 X119.677 Y103.665 E.01946
G1 X116.011 Y99.998 E.17551
G1 X116.586 Y99.998 E.01946
G1 X119.677 Y103.089 E.14796
G1 X119.677 Y102.513 E.0195
G1 X117.162 Y99.998 E.12039
G1 X117.738 Y99.998 E.0195
G1 X119.677 Y101.938 E.09284
;WIPE_START
G1 F8640
G1 X117.738 Y99.998 E-.63334
G1 X117.162 Y99.998 E-.133
G1 X117.265 Y100.101 E-.03366
;WIPE_END
G1 Z19 F720
G1 X118.457 Y100.142 F10800
G1 Z18.6 F720
G1 E.8 F2100
G1 F4800
G1 X119.677 Y101.362 E.0584
G1 X119.677 Y99.998 E.04617
G1 X118.313 Y99.998 E.04617
;LAYER_CHANGE
;Z:18.8
;HEIGHT:0.199999
;BEFORE_LAYER_CHANGE
G92 E0.0
;18.8


;WIPE_START
G1 F8640
G1 X119.677 Y99.998 E-.31495
G1 X119.677 Y101.362 E-.31495
G1 X119.156 Y100.841 E-.1701
;WIPE_END
G1 Z18.8 F720
;AFTER_LAYER_CHANGE
;18.8
G1 Z19.2
G1 X142.368 Y110.368 F10800
G1 Z18.8 F720
G1 E.8 F2100
M204 S800
;TYPE:Perimeter
G1 F2700
G1 X107.632 Y110.368 E1.17577
G1 X107.632 Y99.632 E.3634
G1 X142.368 Y99.632 E1.17577
G1 X142.368 Y110.308 E.36137
M204 S1000
G1 X142.775 Y110.775 F10800
M204 S800
;TYPE:External perimeter
G1 F1500
G1 X107.225 Y110.775 E1.20332
G1 X107.225 Y99.225 E.39095
G1 X142.775 Y99.225 E1.20332
G1 X142.775 Y110.715 E.38892
M204 S1000
;WIPE_START
G1 F8640
G1 X142.775 Y110.775 E-.01385
G1 X139.37 Y110.775 E-.78615
;WIPE_END
G1 Z19.2 F720
G1 X129.652 Y110.002 F10800
G1 Z18.8 F720
G1 E.8 F2100
;TYPE:Internal infill
;WIDTH:0.45
G1 F4800
G1 X127.152 Y110.002 E.08462
G1 X126.747 Y109.79 E.01547
G1 X126.31 Y109.425 E.01927
G1 X125.874 Y109.269 E.01567
G1 X125.437 Y109.252 E.0148
G1 X125 Y109.328 E.01501
G1 X124.563 Y109.491 E.01579
G1 X123.699 Y110.002 E.03398
G1 X120.164 Y110.002 E.11966
G1 X119.759 Y109.79 E.01547
G1 X119.309 Y109.42 E.01972
G1 X119.309 Y106.723 E.09129
G1 X120.195 Y107.564 E.04135
G1 X120.632 Y107.719 E.01569
G1 X121.069 Y107.736 E.0148
G1 X121.506 Y107.661 E.01501
G1 X121.943 Y107.497 E.0158
G1 X122.379 Y107.221 E.01747
G1 X123.253 Y106.296 E.04308
G1 X123.69 Y105.93 E.01929
G1 X124.126 Y105.775 E.01566
G1 X124.563 Y105.758 E.0148
G1 X125 Y105.833 E.01501
G1 X125.437 Y105.997 E.0158
G1 X125.874 Y106.273 E.0175
G1 X126.747 Y107.198 E.04305
G1 X127.184 Y107.564 E.01929
G1 X127.621 Y107.719 E.01569
G1 X128.057 Y107.736 E.01477
G1 X128.494 Y107.661 E.01501
G1 X128.931 Y107.497 E.0158
G1 X129.368 Y107.221 E.0175
G1 X130.241 Y106.296 E.04305
G1 X130.691 Y105.926 E.01972
G1 X130.691 Y103.228 E.09132
G1 X129.805 Y104.07 E.04137
G1 X129.368 Y104.225 E.01569
G1 X128.931 Y104.242 E.0148
G1 X128.494 Y104.167 E.01501
G1 X128.057 Y104.003 E.0158
G1 X127.621 Y103.727 E.01747
G1 X126.747 Y102.802 E.04308
G1 X126.31 Y102.436 E.01929
G1 X125.874 Y102.281 E.01566
G1 X125.437 Y102.264 E.0148
G1 X125 Y102.339 E.01501
G1 X124.563 Y102.503 E.0158
G1 X124.126 Y102.779 E.0175
G1 X123.253 Y103.704 E.04305
G1 X122.816 Y104.07 E.01929
G1 X122.379 Y104.225 E.01569
G1 X121.943 Y104.242 E.01477
G1 X121.506 Y104.167 E.01501
G1 X121.069 Y104.003 E.0158
G1 X120.632 Y103.727 E.0175
G1 X119.759 Y102.802 E.04305
G1 X119.309 Y102.432 E.01972
G1 X119.309 Y99.998 E.08239
G1 X119.559 Y99.998 E.00846
G1 X120.195 Y100.575 E.02907
G1 X120.632 Y100.731 E.01571
G1 X121.069 Y100.748 E.0148
G1 X121.506 Y100.672 E.01501
G1 X121.943 Y100.509 E.01579
G1 X122.379 Y100.232 E.01748
G1 X122.6 Y99.998 E.01089
G1 X126.547 Y99.998 E.1336
G1 X127.184 Y100.575 E.02909
G1 X127.621 Y100.731 E.01571
G1 X128.057 Y100.748 E.01477
G1 X128.494 Y100.672 E.01501
G1 X128.931 Y100.509 E.01579
G1 X129.368 Y100.232 E.01751
G1 X129.589 Y99.998 E.01089
G1 X130.691 Y99.998 E.0373
G1 X130.691 Y101.397 E.04735
;WIPE_START
G1 F8640
G1 X130.691 Y99.998 E-.32303
G1 X129.589 Y99.998 E-.25445
G1 X129.368 Y100.232 E-.07432
G1 X128.931 Y100.509 E-.11947
G1 X128.814 Y100.553 E-.02873
;WIPE_END
G1 Z19.2 F720
G1 X131.225 Y100.044 F10800
G1 Z18.8 F720
G1 E.8 F2100
;TYPE:Solid infill
;WIDTH:0.57569
G1 F4800
G1 X131.178 Y99.997 E.00294
G1 X131.113 Y100.014 E.00298
G1 X131.096 Y100.079 E.00298
G1 X131.143 Y100.126 E.00294
G1 X131.208 Y100.108 E.00299
;WIDTH:0.449999
G1 X131.098 Y100.789 E.02335
G1 X131.888 Y99.998 E.03784
G1 X131.981 Y99.927 E.00396
;WIDTH:0.41646
G1 X132.074 Y99.855 E.00365
;WIDTH:0.38292
G1 X132.033 Y99.866 E.0012
G1 X132.014 Y99.795 E.00208
G1 X132.085 Y99.814 E.00208
;WIDTH:0.449999
G1 X132.464 Y99.998 E.01426
G1 X131.098 Y101.364 E.06539
G1 X131.098 Y101.94 E.0195
G1 X133.039 Y99.998 E.09294
G1 X133.615 Y99.998 E.0195
G1 X131.098 Y102.516 E.12051
G1 X131.098 Y103.092 E.0195
G1 X134.191 Y99.998 E.14808
G1 X134.766 Y99.998 E.01946
G1 X131.098 Y103.667 E.17561
G1 X131.098 Y104.243 E.0195
G1 X135.342 Y99.998 E.20318
G1 X135.918 Y99.998 E.0195
G1 X131.098 Y104.819 E.23075
G1 X131.098 Y105.394 E.01946
G1 X136.494 Y99.998 E.2583
G1 X137.069 Y99.998 E.01946
G1 X131.098 Y105.97 E.28585
G1 X131.098 Y106.546 E.0195
G1 X137.645 Y99.998 E.31342
G1 X138.221 Y99.998 E.0195
M73 P77 R5
G1 X131.098 Y107.121 E.34097
G1 X131.098 Y107.697 E.0195
G1 X138.796 Y99.998 E.36852
G1 X139.372 Y99.998 E.0195
M73 Q77 S5
G1 X131.098 Y108.273 E.3961
G1 X131.098 Y108.848 E.01946
G1 X139.948 Y99.998 E.42364
G1 X140.523 Y99.998 E.01946
G1 X131.098 Y109.424 E.45119
G1 X131.098 Y110 E.0195
G1 X141.099 Y99.998 E.47877
G1 X141.675 Y99.998 E.0195
G1 X131.672 Y110.002 E.47886
G1 X132.247 Y110.002 E.01946
G1 X142.002 Y100.247 E.46697
G1 X142.06 Y100.095 E.00551
;WIDTH:0.41646
G1 X142.118 Y99.942 E.00508
;WIDTH:0.38292
G1 X142.077 Y99.953 E.0012
G1 X142.058 Y99.882 E.00208
G1 X142.129 Y99.901 E.00208
G1 X142.129 Y99.901 F10800
G1 X142.002 Y100.823
;WIDTH:0.449999
G1 F4800
G1 X132.823 Y110.002 E.43939
G1 X133.399 Y110.002 E.0195
G1 X142.002 Y101.399 E.41182
G1 X142.002 Y101.974 E.01946
G1 X133.974 Y110.002 E.3843
G1 X134.55 Y110.002 E.0195
G1 X142.002 Y102.55 E.35672
G1 X142.002 Y103.126 E.0195
G1 X135.126 Y110.002 E.32915
G1 X135.702 Y110.002 E.0195
G1 X142.002 Y103.702 E.30158
G1 X142.002 Y104.277 E.01946
G1 X136.277 Y110.002 E.27405
G1 X136.853 Y110.002 E.0195
G1 X142.002 Y104.853 E.24648
G1 X142.002 Y105.429 E.0195
G1 X137.429 Y110.002 E.21891
G1 X138.004 Y110.002 E.01946
G1 X142.002 Y106.004 E.19138
G1 X142.002 Y106.58 E.0195
G1 X138.58 Y110.002 E.16381
G1 X139.156 Y110.002 E.0195
G1 X142.002 Y107.156 E.13624
G1 X142.002 Y107.731 E.01946
G1 X139.731 Y110.002 E.10871
G1 X140.307 Y110.002 E.0195
G1 X142.002 Y108.307 E.08114
G1 X142.103 Y108.244 E.00403
;WIDTH:0.41646
G1 X142.205 Y108.181 E.00372
;WIDTH:0.38292
G1 X142.164 Y108.192 E.0012
G1 X142.145 Y108.121 E.00208
G1 X142.216 Y108.14 E.00208
G1 X142.216 Y108.14 F10800
G1 X141.94 Y109.033
;WIDTH:0.574121
G1 F4800
G1 X141.94 Y109.94 E.04006
G1 X141.033 Y109.94 E.04006
G1 X141.796 Y109.177 E.04766
;WIPE_START
G1 F8640
G1 X141.033 Y109.94 E-.24915
G1 X141.94 Y109.94 E-.20943
G1 X141.94 Y109.033 E-.20943
;WIPE_END
G1 E-.13199 F2100
G1 Z19.2 F720
G1 X108.109 Y100.031 F10800
G1 Z18.8 F720
G1 E.8 F2100
;WIDTH:0.548766
G1 F4800
G1 X108.064 Y99.987 E.00265
G1 X108.003 Y100.003 E.00265
G1 X107.987 Y100.064 E.00265
G1 X108.031 Y100.109 E.00265
G1 X108.093 Y100.093 E.00269
;WIDTH:0.449999
G1 X108.743 Y99.998 E.02224
G1 X107.932 Y100.815 E.03897
;WIDTH:0.41646
G1 X107.866 Y100.888 E.00306
;WIDTH:0.38292
G1 X107.795 Y100.869 E.00208
G1 X107.814 Y100.94 E.00208
G1 X107.855 Y100.929 E.0012
;WIDTH:0.449999
G1 X107.998 Y101.318 E.01403
G1 X109.318 Y99.998 E.06319
G1 X109.894 Y99.998 E.0195
G1 X107.998 Y101.894 E.09076
G1 X107.998 Y102.47 E.0195
G1 X110.47 Y99.998 E.11833
G1 X111.046 Y99.998 E.0195
G1 X107.998 Y103.046 E.14591
G1 X107.998 Y103.621 E.01946
G1 X111.621 Y99.998 E.17343
G1 X112.197 Y99.998 E.0195
G1 X107.998 Y104.197 E.201
G1 X107.998 Y104.773 E.0195
G1 X112.773 Y99.998 E.22858
G1 X113.348 Y99.998 E.01946
G1 X107.998 Y105.348 E.2561
G1 X107.998 Y105.924 E.0195
G1 X113.924 Y99.998 E.28367
G1 X114.5 Y99.998 E.0195
G1 X107.998 Y106.5 E.31125
G1 X107.998 Y107.075 E.01946
G1 X115.075 Y99.998 E.33877
G1 X115.651 Y99.998 E.0195
G1 X107.998 Y107.651 E.36634
G1 X107.998 Y108.227 E.0195
G1 X116.227 Y99.998 E.39392
G1 X116.803 Y99.998 E.0195
G1 X107.998 Y108.803 E.42149
G1 X107.998 Y109.378 E.01946
G1 X117.378 Y99.998 E.44901
G1 X117.954 Y99.998 E.0195
G1 X107.998 Y109.954 E.47659
G1 X108.526 Y110.002 E.01795
G1 X118.53 Y99.998 E.47889
G1 X119.037 Y99.894 E.01752
;WIDTH:0.38292
G1 X118.966 Y99.875 E.00208
G1 X118.985 Y99.946 E.00208
G1 X119.026 Y99.935 E.0012
;WIDTH:0.41646
G1 X118.964 Y100.068 E.00456
;WIDTH:0.449999
G1 X118.902 Y100.201 E.00497
G1 X109.102 Y110.002 E.46914
G1 X109.678 Y110.002 E.0195
G1 X118.902 Y100.777 E.44157
G1 X118.902 Y101.353 E.0195
G1 X110.254 Y110.002 E.414
G1 X110.829 Y110.002 E.01946
G1 X118.902 Y101.929 E.38645
G1 X118.902 Y102.504 E.01946
G1 X111.405 Y110.002 E.3589
G1 X111.981 Y110.002 E.0195
G1 X118.902 Y103.08 E.33133
G1 X118.902 Y103.656 E.0195
G1 X112.556 Y110.002 E.30378
G1 X113.132 Y110.002 E.0195
G1 X118.902 Y104.231 E.27623
G1 X118.902 Y104.807 E.0195
G1 X113.708 Y110.002 E.24866
G1 X114.283 Y110.002 E.01946
G1 X118.902 Y105.383 E.22111
G1 X118.902 Y105.958 E.01946
G1 X114.859 Y110.002 E.19356
G1 X115.435 Y110.002 E.0195
G1 X118.902 Y106.534 E.16599
G1 X118.902 Y107.11 E.0195
G1 X116.011 Y110.002 E.13841
G1 X116.586 Y110.002 E.01946
G1 X118.902 Y107.685 E.11089
G1 X119.117 Y108.094 E.01564
;WIDTH:0.38292
G1 X119.046 Y108.075 E.00208
G1 X119.065 Y108.146 E.00208
G1 X119.106 Y108.135 E.0012
;WIDTH:0.41646
G1 X119.004 Y108.198 E.00372
;WIDTH:0.449999
G1 X118.902 Y108.261 E.00406
G1 X117.162 Y110.002 E.08332
;WIPE_START
G1 F8640
G1 X118.902 Y108.261 E-.56835
G1 X119.004 Y108.198 E-.02768
G1 X119.106 Y108.135 E-.02768
G1 X119.065 Y108.146 E-.0098
G1 X119.046 Y108.075 E-.01697
G1 X119.117 Y108.094 E-.01697
G1 X118.902 Y107.685 E-.10669
G1 X118.823 Y107.764 E-.02586
;WIPE_END
G1 Z19.2 F720
G1 X118.69 Y109.147 F10800
G1 Z18.8 F720
G1 E.8 F2100
;WIDTH:0.587581
G1 F4800
G1 X117.904 Y109.933 E.05034
G1 X118.834 Y109.933 E.04212
G1 X118.834 Y109.003 E.04212
;LAYER_CHANGE
;Z:19
;HEIGHT:0.200001
;BEFORE_LAYER_CHANGE
G92 E0.0
;19


;WIPE_START
G1 F8640
G1 X118.834 Y109.933 E-.21474
G1 X117.904 Y109.933 E-.21474
G1 X118.69 Y109.147 E-.25667
;WIPE_END
G1 E-.11385 F2100
G1 Z19 F720
;AFTER_LAYER_CHANGE
;19
G1 Z19.4
G1 X142.368 Y110.368 F10800
G1 Z19 F720
G1 E.8 F2100
M204 S800
;TYPE:Perimeter
;WIDTH:0.449999
G1 F2000
G1 X107.632 Y110.368 E1.17577
G1 X107.632 Y99.632 E.3634
M73 P78 R5
M73 Q78 S5
G1 X142.368 Y99.632 E1.17577
G1 X142.368 Y110.308 E.36137
M204 S1000
G1 X142.775 Y110.775 F10800
M204 S800
;TYPE:External perimeter
G1 F1500
G1 X107.225 Y110.775 E1.20332
G1 X107.225 Y99.225 E.39095
G1 X142.775 Y99.225 E1.20332
G1 X142.775 Y110.715 E.38892
M204 S1000
;WIPE_START
G1 F8640
G1 X142.775 Y110.775 E-.01385
G1 X139.37 Y110.775 E-.78615
;WIPE_END
G1 Z19.4 F720
G1 X107.998 Y109.238 F10800
G1 Z19 F720
G1 E.8 F2100
;TYPE:Internal infill
;WIDTH:0.45
G1 F2000
G1 X107.998 Y110.002 E.02586
G1 X109.735 Y110.002 E.0588
G1 X110.15 Y109.674 E.0179
G1 X110.586 Y109.463 E.0164
G1 X111.023 Y109.357 E.01522
G1 X111.46 Y109.339 E.0148
G1 X111.897 Y109.42 E.01504
G1 X112.334 Y109.636 E.0165
G1 X112.751 Y110.002 E.01878
G1 X116.723 Y110.002 E.13445
G1 X117.138 Y109.674 E.0179
G1 X117.575 Y109.463 E.01643
G1 X118.012 Y109.357 E.01522
G1 X118.448 Y109.339 E.01477
G1 X118.885 Y109.42 E.01504
G1 X119.322 Y109.636 E.0165
G1 X119.739 Y110.002 E.01878
G1 X123.711 Y110.002 E.13445
G1 X124.126 Y109.674 E.0179
G1 X124.563 Y109.463 E.01643
G1 X125 Y109.357 E.01522
G1 X125.437 Y109.339 E.0148
G1 X125.874 Y109.42 E.01504
G1 X126.31 Y109.636 E.01647
G1 X126.727 Y110.002 E.01878
G1 X130.7 Y110.002 E.13448
G1 X131.115 Y109.674 E.0179
G1 X131.552 Y109.463 E.01643
G1 X131.988 Y109.357 E.01519
G1 X132.425 Y109.339 E.0148
G1 X132.862 Y109.42 E.01504
G1 X133.299 Y109.636 E.0165
G1 X133.716 Y110.002 E.01878
G1 X137.688 Y110.002 E.13445
G1 X138.103 Y109.674 E.0179
G1 X138.54 Y109.463 E.01643
G1 X138.977 Y109.357 E.01522
G1 X139.414 Y109.339 E.0148
G1 X139.85 Y109.42 E.01501
G1 X140.287 Y109.636 E.0165
G1 X140.704 Y110.002 E.01878
G1 X142.002 Y110.002 E.04394
G1 X142.002 Y107.643 E.07985
G1 X141.597 Y107.569 E.01394
G1 X141.161 Y107.352 E.01648
G1 X139.85 Y106.179 E.05955
G1 X139.414 Y105.968 E.0164
G1 X138.977 Y105.863 E.01521
G1 X138.54 Y105.845 E.0148
G1 X138.103 Y105.925 E.01504
G1 X137.666 Y106.142 E.01652
G1 X136.356 Y107.315 E.05952
G1 X135.919 Y107.526 E.01643
G1 X135.483 Y107.631 E.01518
G1 X135.046 Y107.649 E.0148
G1 X134.609 Y107.569 E.01504
G1 X134.172 Y107.352 E.01652
G1 X132.862 Y106.179 E.05952
G1 X132.425 Y105.968 E.01643
G1 X131.988 Y105.863 E.01521
G1 X131.552 Y105.845 E.01477
G1 X131.115 Y105.925 E.01504
G1 X130.678 Y106.142 E.01652
G1 X129.368 Y107.315 E.05952
G1 X128.931 Y107.526 E.01643
G1 X128.494 Y107.631 E.01521
G1 X128.057 Y107.649 E.0148
G1 X127.621 Y107.569 E.015
G1 X127.184 Y107.352 E.01652
G1 X125.874 Y106.179 E.05952
G1 X125.437 Y105.968 E.01643
G1 X125 Y105.863 E.01521
G1 X124.563 Y105.845 E.0148
G1 X124.126 Y105.925 E.01504
G1 X123.69 Y106.142 E.01648
G1 X122.379 Y107.315 E.05955
G1 X121.943 Y107.526 E.0164
G1 X121.506 Y107.631 E.01521
G1 X121.069 Y107.649 E.0148
G1 X120.632 Y107.569 E.01504
G1 X120.195 Y107.352 E.01652
G1 X118.885 Y106.179 E.05952
G1 X118.448 Y105.968 E.01643
G1 X118.012 Y105.863 E.01518
G1 X117.575 Y105.845 E.0148
G1 X117.138 Y105.925 E.01504
G1 X116.701 Y106.142 E.01652
G1 X115.391 Y107.315 E.05952
G1 X114.954 Y107.526 E.01643
G1 X114.517 Y107.631 E.01521
G1 X114.081 Y107.649 E.01477
G1 X113.644 Y107.569 E.01504
G1 X113.207 Y107.352 E.01652
G1 X111.897 Y106.179 E.05952
G1 X111.46 Y105.968 E.01643
G1 X111.023 Y105.863 E.01521
G1 X110.586 Y105.845 E.0148
G1 X110.15 Y105.925 E.015
G1 X109.713 Y106.142 E.01652
G1 X108.839 Y106.97 E.04075
G1 X108.403 Y107.315 E.01882
G1 X107.998 Y107.51 E.01522
G1 X107.998 Y104.149 E.11377
G1 X108.403 Y104.075 E.01394
G1 X108.839 Y103.858 E.01648
G1 X110.15 Y102.685 E.05955
G1 X110.586 Y102.474 E.0164
G1 X111.023 Y102.369 E.01521
G1 X111.46 Y102.351 E.0148
G1 X111.897 Y102.431 E.01504
G1 X112.334 Y102.648 E.01652
G1 X113.644 Y103.821 E.05952
G1 X114.081 Y104.032 E.01643
G1 X114.517 Y104.137 E.01518
G1 X114.954 Y104.155 E.0148
G1 X115.391 Y104.075 E.01504
M73 P78 R4
G1 X115.828 Y103.858 E.01652
G1 X117.138 Y102.685 E.05952
G1 X117.575 Y102.474 E.01643
G1 X118.012 Y102.369 E.01521
G1 X118.448 Y102.351 E.01477
G1 X118.885 Y102.431 E.01504
G1 X119.322 Y102.648 E.01652
G1 X120.632 Y103.821 E.05952
G1 X121.069 Y104.032 E.01643
G1 X121.506 Y104.137 E.01521
G1 X121.943 Y104.155 E.0148
G1 X122.379 Y104.075 E.015
G1 X122.816 Y103.858 E.01652
G1 X124.126 Y102.685 E.05952
G1 X124.563 Y102.474 E.01643
G1 X125 Y102.369 E.01521
G1 X125.437 Y102.351 E.0148
G1 X125.874 Y102.431 E.01504
G1 X126.31 Y102.648 E.01648
G1 X127.621 Y103.821 E.05955
G1 X128.057 Y104.032 E.0164
G1 X128.494 Y104.137 E.01521
G1 X128.931 Y104.155 E.0148
G1 X129.368 Y104.075 E.01504
G1 X129.805 Y103.858 E.01652
G1 X131.115 Y102.685 E.05952
G1 X131.552 Y102.474 E.01643
G1 X131.988 Y102.369 E.01518
G1 X132.425 Y102.351 E.0148
G1 X132.862 Y102.431 E.01504
G1 X133.299 Y102.648 E.01652
G1 X134.609 Y103.821 E.05952
G1 X135.046 Y104.032 E.01643
G1 X135.483 Y104.137 E.01521
G1 X135.919 Y104.155 E.01477
G1 X136.356 Y104.075 E.01504
G1 X136.793 Y103.858 E.01652
G1 X138.103 Y102.685 E.05952
G1 X138.54 Y102.474 E.01643
G1 X138.977 Y102.369 E.01521
M73 Q78 S4
G1 X139.414 Y102.351 E.0148
G1 X139.85 Y102.431 E.015
G1 X140.287 Y102.648 E.01652
G1 X141.161 Y103.476 E.04075
G1 X141.597 Y103.821 E.01882
G1 X142.002 Y104.016 E.01522
G1 X142.002 Y100.655 E.11377
G1 X141.597 Y100.58 E.01394
G1 X141.161 Y100.364 E.01647
G1 X140.744 Y99.998 E.01878
G1 X136.771 Y99.998 E.13448
G1 X136.356 Y100.326 E.0179
G1 X135.919 Y100.537 E.01643
G1 X135.483 Y100.643 E.01519
G1 X135.046 Y100.661 E.0148
G1 X134.609 Y100.58 E.01504
G1 X134.172 Y100.364 E.0165
G1 X133.755 Y99.998 E.01878
G1 X129.783 Y99.998 E.13445
G1 X129.368 Y100.326 E.0179
G1 X128.931 Y100.537 E.01643
G1 X128.494 Y100.643 E.01522
G1 X128.057 Y100.661 E.0148
G1 X127.621 Y100.58 E.01501
G1 X127.184 Y100.364 E.0165
G1 X126.767 Y99.998 E.01878
G1 X122.794 Y99.998 E.13448
G1 X122.379 Y100.326 E.0179
G1 X121.943 Y100.537 E.0164
G1 X121.506 Y100.643 E.01522
G1 X121.069 Y100.661 E.0148
G1 X120.632 Y100.58 E.01504
G1 X120.195 Y100.364 E.0165
G1 X119.778 Y99.998 E.01878
G1 X115.806 Y99.998 E.13445
G1 X115.391 Y100.326 E.0179
G1 X114.954 Y100.537 E.01643
G1 X114.517 Y100.643 E.01522
G1 X114.081 Y100.661 E.01477
G1 X113.644 Y100.58 E.01504
G1 X113.207 Y100.364 E.0165
G1 X112.79 Y99.998 E.01878
G1 X108.818 Y99.998 E.13445
G1 X108.403 Y100.326 E.0179
G1 X107.998 Y100.522 E.01523
G1 X107.998 Y103.022 E.08462
;LAYER_CHANGE
;Z:19.2
;HEIGHT:0.200001
;BEFORE_LAYER_CHANGE
G92 E0.0
;19.2


;WIPE_START
G1 F8640
G1 X107.998 Y100.522 E-.57726
G1 X108.403 Y100.326 E-.10389
G1 X108.806 Y100.007 E-.11885
;WIPE_END
G1 Z19.2 F720
;AFTER_LAYER_CHANGE
;19.2
G1 Z19.6
G1 X142.368 Y110.368 F10800
G1 Z19.2 F720
G1 E.8 F2100
M204 S800
;TYPE:Perimeter
;WIDTH:0.449999
G1 F2013
G1 X107.632 Y110.368 E1.17577
G1 X107.632 Y99.632 E.3634
G1 X142.368 Y99.632 E1.17577
M73 P79 R4
G1 X142.368 Y110.308 E.36137
M73 Q79 S4
M204 S1000
G1 X142.775 Y110.775 F10800
M204 S800
;TYPE:External perimeter
G1 F1500
G1 X107.225 Y110.775 E1.20332
G1 X107.225 Y99.225 E.39095
G1 X142.775 Y99.225 E1.20332
G1 X142.775 Y110.715 E.38892
M204 S1000
;WIPE_START
G1 F8640
G1 X142.775 Y110.775 E-.01385
G1 X139.37 Y110.775 E-.78615
;WIPE_END
G1 Z19.6 F720
G1 X107.998 Y109.049 F10800
G1 Z19.2 F720
G1 E.8 F2100
;TYPE:Internal infill
;WIDTH:0.45
G1 F2013
G1 X107.998 Y110.002 E.03226
G1 X109.546 Y110.002 E.0524
G1 X110.15 Y109.567 E.02519
G1 X110.586 Y109.417 E.01561
G1 X111.023 Y109.368 E.01488
G1 X111.46 Y109.407 E.01485
G1 X111.897 Y109.546 E.01552
G1 X112.531 Y110.002 E.02643
G1 X116.534 Y110.002 E.1355
G1 X117.138 Y109.567 E.02519
G1 X117.575 Y109.417 E.01564
G1 X118.012 Y109.368 E.01488
G1 X118.448 Y109.407 E.01482
G1 X118.885 Y109.546 E.01552
G1 X119.519 Y110.002 E.02643
G1 X123.523 Y110.002 E.13553
G1 X124.126 Y109.567 E.02517
G1 X124.563 Y109.417 E.01564
G1 X125 Y109.368 E.01488
G1 X125.437 Y109.407 E.01485
G1 X125.874 Y109.546 E.01552
G1 X126.508 Y110.002 E.02643
G1 X130.511 Y110.002 E.1355
G1 X131.115 Y109.567 E.02519
G1 X131.552 Y109.417 E.01564
G1 X131.988 Y109.368 E.01485
G1 X132.425 Y109.407 E.01485
G1 X132.862 Y109.546 E.01552
G1 X133.496 Y110.002 E.02643
G1 X137.5 Y110.002 E.13553
G1 X138.103 Y109.567 E.02517
G1 X138.54 Y109.417 E.01564
G1 X138.977 Y109.368 E.01488
G1 X139.414 Y109.407 E.01485
G1 X139.85 Y109.546 E.01549
G1 X140.484 Y110.002 E.02643
G1 X142.002 Y110.002 E.05138
G1 X142.002 Y107.571 E.08229
G1 X141.597 Y107.442 E.01439
G1 X141.161 Y107.169 E.01741
G1 X140.287 Y106.356 E.0404
G1 X139.85 Y106.073 E.01762
G1 X139.414 Y105.923 E.01561
G1 X138.977 Y105.873 E.01489
G1 X138.54 Y105.912 E.01485
G1 X138.103 Y106.052 E.01553
G1 X137.666 Y106.325 E.01744
G1 X136.793 Y107.138 E.04038
G1 X136.356 Y107.421 E.01762
G1 X135.919 Y107.572 E.01565
G1 X135.483 Y107.621 E.01485
G1 X135.046 Y107.582 E.01485
G1 X134.609 Y107.442 E.01553
G1 X134.172 Y107.169 E.01744
G1 X133.299 Y106.356 E.04038
G1 X132.862 Y106.073 E.01762
G1 X132.425 Y105.923 E.01564
G1 X131.988 Y105.873 E.01489
G1 X131.552 Y105.912 E.01482
G1 X131.115 Y106.052 E.01553
G1 X130.678 Y106.325 E.01744
G1 X129.805 Y107.138 E.04038
G1 X129.368 Y107.421 E.01762
G1 X128.931 Y107.572 E.01565
G1 X128.494 Y107.621 E.01488
G1 X128.057 Y107.582 E.01485
G1 X127.621 Y107.442 E.0155
G1 X127.184 Y107.169 E.01744
G1 X126.31 Y106.356 E.0404
G1 X125.874 Y106.073 E.01759
G1 X125.437 Y105.923 E.01564
G1 X125 Y105.873 E.01489
G1 X124.563 Y105.912 E.01485
G1 X124.126 Y106.052 E.01553
G1 X123.69 Y106.325 E.01741
G1 X122.816 Y107.138 E.0404
G1 X122.379 Y107.421 E.01762
G1 X121.943 Y107.572 E.01562
G1 X121.506 Y107.621 E.01488
G1 X121.069 Y107.582 E.01485
G1 X120.632 Y107.442 E.01553
G1 X120.195 Y107.169 E.01744
G1 X119.322 Y106.356 E.04038
G1 X118.885 Y106.073 E.01762
G1 X118.448 Y105.923 E.01564
G1 X118.012 Y105.873 E.01485
G1 X117.575 Y105.912 E.01485
G1 X117.138 Y106.052 E.01553
G1 X116.701 Y106.325 E.01744
G1 X115.828 Y107.138 E.04038
G1 X115.391 Y107.421 E.01762
G1 X114.954 Y107.572 E.01565
G1 X114.517 Y107.621 E.01488
G1 X114.081 Y107.582 E.01482
G1 X113.644 Y107.442 E.01553
G1 X113.207 Y107.169 E.01744
G1 X112.334 Y106.356 E.04038
G1 X111.897 Y106.073 E.01762
G1 X111.46 Y105.923 E.01564
G1 X111.023 Y105.873 E.01489
G1 X110.586 Y105.912 E.01485
G1 X110.15 Y106.052 E.0155
G1 X109.713 Y106.325 E.01744
G1 X108.839 Y107.138 E.0404
G1 X108.403 Y107.421 E.01759
G1 X107.998 Y107.56 E.01449
G1 X107.998 Y104.077 E.1179
G1 X108.403 Y103.948 E.01439
G1 X108.839 Y103.675 E.01741
G1 X109.713 Y102.862 E.0404
G1 X110.15 Y102.579 E.01762
G1 X110.586 Y102.428 E.01562
G1 X111.023 Y102.379 E.01488
G1 X111.46 Y102.418 E.01485
G1 X111.897 Y102.558 E.01553
G1 X112.334 Y102.831 E.01744
G1 X113.207 Y103.644 E.04038
G1 X113.644 Y103.927 E.01762
G1 X114.081 Y104.077 E.01564
G1 X114.517 Y104.127 E.01485
G1 X114.954 Y104.088 E.01485
G1 X115.391 Y103.948 E.01553
G1 X115.828 Y103.675 E.01744
G1 X116.701 Y102.862 E.04038
G1 X117.138 Y102.579 E.01762
G1 X117.575 Y102.428 E.01565
G1 X118.012 Y102.379 E.01488
G1 X118.448 Y102.418 E.01482
G1 X118.885 Y102.558 E.01553
G1 X119.322 Y102.831 E.01744
G1 X120.195 Y103.644 E.04038
G1 X120.632 Y103.927 E.01762
G1 X121.069 Y104.077 E.01564
G1 X121.506 Y104.127 E.01489
G1 X121.943 Y104.088 E.01485
G1 X122.379 Y103.948 E.0155
G1 X122.816 Y103.675 E.01744
G1 X123.69 Y102.862 E.0404
G1 X124.126 Y102.579 E.01759
G1 X124.563 Y102.428 E.01565
G1 X125 Y102.379 E.01488
G1 X125.437 Y102.418 E.01485
G1 X125.874 Y102.558 E.01553
G1 X126.31 Y102.831 E.01741
G1 X127.184 Y103.644 E.0404
G1 X127.621 Y103.927 E.01762
G1 X128.057 Y104.077 E.01561
G1 X128.494 Y104.127 E.01489
G1 X128.931 Y104.088 E.01485
G1 X129.368 Y103.948 E.01553
G1 X129.805 Y103.675 E.01744
G1 X130.678 Y102.862 E.04038
G1 X131.115 Y102.579 E.01762
G1 X131.552 Y102.428 E.01565
G1 X131.988 Y102.379 E.01485
G1 X132.425 Y102.418 E.01485
G1 X132.862 Y102.558 E.01553
G1 X133.299 Y102.831 E.01744
G1 X134.172 Y103.644 E.04038
G1 X134.609 Y103.927 E.01762
G1 X135.046 Y104.077 E.01564
G1 X135.483 Y104.127 E.01489
G1 X135.919 Y104.088 E.01482
G1 X136.356 Y103.948 E.01553
G1 X136.793 Y103.675 E.01744
G1 X137.666 Y102.862 E.04038
G1 X138.103 Y102.579 E.01762
G1 X138.54 Y102.428 E.01565
G1 X138.977 Y102.379 E.01488
G1 X139.414 Y102.418 E.01485
G1 X139.85 Y102.558 E.0155
G1 X140.287 Y102.831 E.01744
G1 X141.161 Y103.644 E.0404
G1 X141.597 Y103.927 E.01759
G1 X142.002 Y104.066 E.01449
G1 X142.002 Y100.583 E.1179
G1 X141.597 Y100.454 E.01439
G1 X140.963 Y99.998 E.02643
G1 X136.954 Y99.998 E.1357
G1 X136.356 Y100.433 E.02503
G1 X135.919 Y100.583 E.01564
G1 X135.483 Y100.632 E.01485
G1 X135.046 Y100.593 E.01485
G1 X134.609 Y100.454 E.01552
G1 X133.975 Y99.998 E.02643
G1 X129.966 Y99.998 E.1357
G1 X129.368 Y100.433 E.02503
G1 X128.931 Y100.583 E.01564
G1 X128.494 Y100.632 E.01488
G1 X128.057 Y100.593 E.01485
G1 X127.621 Y100.454 E.01549
G1 X126.987 Y99.998 E.02643
G1 X122.978 Y99.998 E.1357
G1 X122.379 Y100.433 E.02506
G1 X121.943 Y100.583 E.01561
G1 X121.506 Y100.632 E.01488
G1 X121.069 Y100.593 E.01485
G1 X120.632 Y100.454 E.01552
G1 X119.998 Y99.998 E.02643
G1 X115.989 Y99.998 E.1357
G1 X115.391 Y100.433 E.02503
G1 X114.954 Y100.583 E.01564
G1 X114.517 Y100.632 E.01488
G1 X114.081 Y100.593 E.01482
G1 X113.644 Y100.454 E.01552
G1 X113.01 Y99.998 E.02643
G1 X109.001 Y99.998 E.1357
G1 X108.403 Y100.433 E.02503
G1 X107.998 Y100.572 E.01449
G1 X107.998 Y103.072 E.08462
;LAYER_CHANGE
;Z:19.4
;HEIGHT:0.199999
;BEFORE_LAYER_CHANGE
G92 E0.0
;19.4


;WIPE_START
G1 F8640
G1 X107.998 Y100.572 E-.57726
G1 X108.403 Y100.433 E-.09887
G1 X108.837 Y100.118 E-.12387
;WIPE_END
G1 Z19.4 F720
;AFTER_LAYER_CHANGE
;19.4
G1 Z19.8
G1 X142.368 Y110.368 F10800
G1 Z19.4 F720
G1 E.8 F2100
M204 S800
;TYPE:Perimeter
;WIDTH:0.449999
G1 F1974
G1 X107.632 Y110.368 E1.17577
G1 X107.632 Y99.632 E.3634
G1 X142.368 Y99.632 E1.17577
G1 X142.368 Y110.308 E.36137
M73 P80 R4
M73 Q80 S4
M204 S1000
G1 X142.775 Y110.775 F10800
M204 S800
;TYPE:External perimeter
G1 F1500
G1 X107.225 Y110.775 E1.20332
G1 X107.225 Y99.225 E.39095
G1 X142.775 Y99.225 E1.20332
G1 X142.775 Y110.715 E.38892
M204 S1000
;WIPE_START
G1 F8640
G1 X142.775 Y110.775 E-.01385
G1 X139.37 Y110.775 E-.78615
;WIPE_END
G1 Z19.8 F720
G1 X142.002 Y109.194 F10800
G1 Z19.4 F720
G1 E.8 F2100
;TYPE:Internal infill
;WIDTH:0.45
G1 F1974
G1 X142.002 Y110.002 E.02735
G1 X140.309 Y110.002 E.05731
G1 X139.85 Y109.655 E.01948
G1 X139.414 Y109.456 E.01622
G1 X138.977 Y109.36 E.01514
G1 X138.54 Y109.353 E.01479
G1 X138.103 Y109.444 E.01511
G1 X137.666 Y109.671 E.01667
G1 X137.292 Y110.002 E.01691
G1 X133.321 Y110.002 E.13441
G1 X132.862 Y109.655 E.01948
G1 X132.425 Y109.456 E.01625
G1 X131.988 Y109.36 E.01514
G1 X131.552 Y109.353 E.01476
G1 X131.115 Y109.444 E.01511
G1 X130.678 Y109.671 E.01667
G1 X130.304 Y110.002 E.01691
G1 X126.333 Y110.002 E.13441
G1 X125.874 Y109.655 E.01948
G1 X125.437 Y109.456 E.01625
G1 X125 Y109.36 E.01514
G1 X124.563 Y109.353 E.01479
G1 X124.126 Y109.444 E.01511
G1 X123.69 Y109.671 E.01664
G1 X123.316 Y110.002 E.01691
G1 X119.344 Y110.002 E.13445
G1 X118.885 Y109.655 E.01948
G1 X118.448 Y109.456 E.01625
G1 X118.012 Y109.36 E.01511
G1 X117.575 Y109.353 E.01479
G1 X117.138 Y109.444 E.01511
G1 X116.701 Y109.671 E.01667
G1 X116.327 Y110.002 E.01691
G1 X112.356 Y110.002 E.13441
G1 X111.897 Y109.655 E.01948
G1 X111.46 Y109.456 E.01625
G1 X111.023 Y109.36 E.01514
G1 X110.586 Y109.353 E.01479
G1 X110.15 Y109.444 E.01508
G1 X109.713 Y109.671 E.01667
G1 X109.339 Y110.002 E.01691
G1 X107.998 Y110.002 E.04539
G1 X107.998 Y107.629 E.08032
G1 X108.403 Y107.544 E.01401
G1 X108.839 Y107.317 E.01664
G1 X109.713 Y106.494 E.04064
G1 X110.15 Y106.161 E.0186
G1 X110.586 Y105.961 E.01624
G1 X111.023 Y105.866 E.01514
G1 X111.46 Y105.859 E.01479
G1 X111.897 Y105.95 E.01511
G1 X112.334 Y106.177 E.01667
G1 X113.207 Y107 E.04061
G1 X113.644 Y107.333 E.0186
G1 X114.081 Y107.533 E.01627
G1 X114.517 Y107.628 E.0151
G1 X114.954 Y107.635 E.01479
G1 X115.391 Y107.544 E.01511
G1 X115.828 Y107.317 E.01667
G1 X116.701 Y106.494 E.04061
G1 X117.138 Y106.161 E.0186
G1 X117.575 Y105.961 E.01627
G1 X118.012 Y105.866 E.01514
G1 X118.448 Y105.859 E.01476
G1 X118.885 Y105.95 E.01511
G1 X119.322 Y106.177 E.01667
G1 X120.195 Y107 E.04061
G1 X120.632 Y107.333 E.0186
G1 X121.069 Y107.533 E.01627
G1 X121.506 Y107.628 E.01514
G1 X121.943 Y107.635 E.01479
G1 X122.379 Y107.544 E.01508
G1 X122.816 Y107.317 E.01667
G1 X123.69 Y106.494 E.04064
G1 X124.126 Y106.161 E.01857
G1 X124.563 Y105.961 E.01627
G1 X125 Y105.866 E.01514
G1 X125.437 Y105.859 E.01479
G1 X125.874 Y105.95 E.01511
G1 X126.31 Y106.177 E.01664
G1 X127.184 Y107 E.04064
G1 X127.621 Y107.333 E.0186
G1 X128.057 Y107.533 E.01624
G1 X128.494 Y107.628 E.01514
G1 X128.931 Y107.635 E.01479
G1 X129.368 Y107.544 E.01511
G1 X129.805 Y107.317 E.01667
G1 X130.678 Y106.494 E.04061
G1 X131.115 Y106.161 E.0186
G1 X131.552 Y105.961 E.01627
G1 X131.988 Y105.866 E.0151
G1 X132.425 Y105.859 E.01479
G1 X132.862 Y105.95 E.01511
G1 X133.299 Y106.177 E.01667
G1 X134.172 Y107 E.04061
G1 X134.609 Y107.333 E.0186
G1 X135.046 Y107.533 E.01627
G1 X135.483 Y107.628 E.01514
G1 X135.919 Y107.635 E.01476
G1 X136.356 Y107.544 E.01511
G1 X136.793 Y107.317 E.01667
G1 X137.666 Y106.494 E.04061
G1 X138.103 Y106.161 E.0186
G1 X138.54 Y105.961 E.01627
G1 X138.977 Y105.866 E.01514
G1 X139.414 Y105.859 E.01479
G1 X139.85 Y105.95 E.01508
G1 X140.287 Y106.177 E.01667
G1 X141.161 Y107 E.04064
G1 X141.597 Y107.333 E.01857
G1 X142.002 Y107.518 E.01507
G1 X142.002 Y104.134 E.11454
G1 X141.597 Y104.05 E.014
G1 X141.161 Y103.823 E.01664
G1 X140.287 Y103 E.04064
G1 X139.85 Y102.667 E.0186
G1 X139.414 Y102.467 E.01624
G1 X138.977 Y102.372 E.01514
G1 X138.54 Y102.365 E.01479
G1 X138.103 Y102.456 E.01511
G1 X137.666 Y102.683 E.01667
G1 X136.793 Y103.506 E.04061
G1 X136.356 Y103.839 E.0186
G1 X135.919 Y104.039 E.01627
G1 X135.483 Y104.134 E.0151
G1 X135.046 Y104.141 E.01479
G1 X134.609 Y104.05 E.01511
G1 X134.172 Y103.823 E.01667
G1 X133.299 Y103 E.04061
G1 X132.862 Y102.667 E.0186
G1 X132.425 Y102.467 E.01627
G1 X131.988 Y102.372 E.01514
G1 X131.552 Y102.365 E.01476
G1 X131.115 Y102.456 E.01511
G1 X130.678 Y102.683 E.01667
G1 X129.805 Y103.506 E.04061
G1 X129.368 Y103.839 E.0186
G1 X128.931 Y104.039 E.01627
G1 X128.494 Y104.134 E.01514
G1 X128.057 Y104.141 E.01479
G1 X127.621 Y104.05 E.01508
G1 X127.184 Y103.823 E.01667
G1 X126.31 Y103 E.04064
G1 X125.874 Y102.667 E.01857
G1 X125.437 Y102.467 E.01627
G1 X125 Y102.372 E.01514
G1 X124.563 Y102.365 E.01479
G1 X124.126 Y102.456 E.01511
G1 X123.69 Y102.683 E.01664
G1 X122.816 Y103.506 E.04064
G1 X122.379 Y103.839 E.0186
G1 X121.943 Y104.039 E.01624
G1 X121.506 Y104.134 E.01514
G1 X121.069 Y104.141 E.01479
G1 X120.632 Y104.05 E.01511
G1 X120.195 Y103.823 E.01667
G1 X119.322 Y103 E.04061
G1 X118.885 Y102.667 E.0186
G1 X118.448 Y102.467 E.01627
G1 X118.012 Y102.372 E.0151
G1 X117.575 Y102.365 E.01479
G1 X117.138 Y102.456 E.01511
G1 X116.701 Y102.683 E.01667
G1 X115.828 Y103.506 E.04061
G1 X115.391 Y103.839 E.0186
G1 X114.954 Y104.039 E.01627
G1 X114.517 Y104.134 E.01514
G1 X114.081 Y104.141 E.01476
G1 X113.644 Y104.05 E.01511
G1 X113.207 Y103.823 E.01667
G1 X112.334 Y103 E.04061
G1 X111.897 Y102.667 E.0186
G1 X111.46 Y102.467 E.01627
G1 X111.023 Y102.372 E.01514
G1 X110.586 Y102.365 E.01479
G1 X110.15 Y102.456 E.01508
G1 X109.713 Y102.683 E.01667
G1 X108.839 Y103.506 E.04064
G1 X108.403 Y103.839 E.01857
G1 X107.998 Y104.024 E.01507
G1 X107.998 Y100.64 E.11454
G1 X108.403 Y100.556 E.014
G1 X108.839 Y100.329 E.01664
G1 X109.213 Y99.998 E.01691
G1 X113.194 Y99.998 E.13475
G1 X113.644 Y100.345 E.01923
G1 X114.081 Y100.544 E.01625
G1 X114.517 Y100.64 E.01511
G1 X114.954 Y100.647 E.01479
G1 X115.391 Y100.556 E.01511
G1 X115.828 Y100.329 E.01667
G1 X116.202 Y99.998 E.01691
G1 X120.182 Y99.998 E.13472
G1 X120.632 Y100.345 E.01923
G1 X121.069 Y100.544 E.01625
G1 X121.506 Y100.64 E.01514
G1 X121.943 Y100.647 E.01479
G1 X122.379 Y100.556 E.01508
G1 X122.816 Y100.329 E.01667
G1 X123.19 Y99.998 E.01691
G1 X127.171 Y99.998 E.13475
G1 X127.621 Y100.345 E.01923
G1 X128.057 Y100.544 E.01622
G1 X128.494 Y100.64 E.01514
G1 X128.931 Y100.647 E.01479
G1 X129.368 Y100.556 E.01511
G1 X129.805 Y100.329 E.01667
G1 X130.179 Y99.998 E.01691
G1 X134.159 Y99.998 E.13472
G1 X134.609 Y100.345 E.01923
G1 X135.046 Y100.544 E.01625
G1 X135.483 Y100.64 E.01514
G1 X135.919 Y100.647 E.01476
G1 X136.356 Y100.556 E.01511
G1 X136.793 Y100.329 E.01667
G1 X137.167 Y99.998 E.01691
G1 X141.148 Y99.998 E.13475
G1 X141.597 Y100.345 E.01921
G1 X142.002 Y100.529 E.01506
G1 X142.002 Y103.029 E.08462
;LAYER_CHANGE
;Z:19.6
;HEIGHT:0.200001
;BEFORE_LAYER_CHANGE
G92 E0.0
;19.6


;WIPE_START
G1 F8640
G1 X142.002 Y100.529 E-.57726
G1 X141.597 Y100.345 E-.10271
G1 X141.185 Y100.028 E-.12003
;WIPE_END
G1 Z19.6 F720
;AFTER_LAYER_CHANGE
;19.6
G1 Z20
G1 X142.368 Y110.368 F10800
G1 Z19.6 F720
G1 E.8 F2100
M204 S800
;TYPE:Perimeter
;WIDTH:0.449999
G1 F1955
G1 X107.632 Y110.368 E1.17577
G1 X107.632 Y99.632 E.3634
G1 X142.368 Y99.632 E1.17577
G1 X142.368 Y110.308 E.36137
M204 S1000
G1 X142.775 Y110.775 F10800
M204 S800
;TYPE:External perimeter
G1 F1500
G1 X107.225 Y110.775 E1.20332
G1 X107.225 Y99.225 E.39095
M73 P81 R4
M73 Q81 S4
G1 X142.775 Y99.225 E1.20332
G1 X142.775 Y110.715 E.38892
M204 S1000
;WIPE_START
G1 F8640
G1 X142.775 Y110.775 E-.01385
G1 X139.37 Y110.775 E-.78615
;WIPE_END
G1 Z20 F720
G1 X142.002 Y109.211 F10800
G1 Z19.6 F720
G1 E.8 F2100
;TYPE:Internal infill
;WIDTH:0.45
G1 F1955
G1 X142.002 Y110.002 E.02677
G1 X140.292 Y110.002 E.05788
G1 X139.414 Y109.487 E.03445
G1 X138.977 Y109.334 E.01567
G1 X138.54 Y109.27 E.01495
G1 X138.103 Y109.299 E.01482
G1 X137.666 Y109.466 E.01584
G1 X137.23 Y109.835 E.01933
G1 X136.876 Y110.002 E.01325
G1 X133.304 Y110.002 E.12091
G1 X132.425 Y109.487 E.03448
G1 X131.988 Y109.334 E.01567
G1 X131.552 Y109.27 E.01492
G1 X131.115 Y109.299 E.01482
G1 X130.678 Y109.466 E.01584
G1 X130.241 Y109.835 E.01936
G1 X129.887 Y110.002 E.01325
G1 X126.315 Y110.002 E.12091
G1 X125.437 Y109.487 E.03445
G1 X125 Y109.334 E.01567
G1 X124.563 Y109.27 E.01495
G1 X124.126 Y109.299 E.01482
G1 X123.69 Y109.466 E.0158
G1 X123.253 Y109.835 E.01936
G1 X122.899 Y110.002 E.01325
G1 X119.327 Y110.002 E.12091
G1 X118.448 Y109.487 E.03448
G1 X118.012 Y109.334 E.01564
G1 X117.575 Y109.27 E.01495
G1 X117.138 Y109.299 E.01482
G1 X116.701 Y109.466 E.01584
G1 X116.264 Y109.835 E.01936
G1 X115.91 Y110.002 E.01325
G1 X112.338 Y110.002 E.12091
G1 X111.46 Y109.487 E.03445
G1 X111.023 Y109.334 E.01567
G1 X110.586 Y109.27 E.01495
G1 X110.15 Y109.299 E.01479
G1 X109.713 Y109.466 E.01584
G1 X109.276 Y109.835 E.01936
G1 X108.922 Y110.002 E.01325
G1 X107.998 Y110.002 E.03128
G1 X107.998 Y107.717 E.07734
G1 X108.403 Y107.69 E.01374
G1 X108.839 Y107.522 E.01582
G1 X109.276 Y107.154 E.01934
G1 X110.15 Y106.257 E.04239
G1 X110.586 Y105.993 E.01725
G1 X111.023 Y105.84 E.01567
G1 X111.46 Y105.775 E.01495
G1 X111.897 Y105.804 E.01482
G1 X112.334 Y105.972 E.01585
G1 X112.77 Y106.34 E.01931
G1 X113.644 Y107.237 E.04239
G1 X114.081 Y107.501 E.01728
G1 X114.517 Y107.654 E.01564
G1 X114.954 Y107.719 E.01495
G1 X115.391 Y107.69 E.01482
G1 X115.828 Y107.522 E.01585
G1 X116.264 Y107.154 E.01931
G1 X117.138 Y106.257 E.04239
G1 X117.575 Y105.993 E.01728
G1 X118.012 Y105.84 E.01567
G1 X118.448 Y105.775 E.01492
G1 X118.885 Y105.804 E.01482
G1 X119.322 Y105.972 E.01585
G1 X119.759 Y106.34 E.01934
G1 X120.632 Y107.237 E.04237
G1 X121.069 Y107.501 E.01728
G1 X121.506 Y107.654 E.01567
G1 X121.943 Y107.719 E.01495
G1 X122.379 Y107.69 E.01479
G1 X122.816 Y107.522 E.01585
G1 X123.253 Y107.154 E.01934
G1 X124.126 Y106.257 E.04237
G1 X124.563 Y105.993 E.01728
G1 X125 Y105.84 E.01567
G1 X125.437 Y105.775 E.01495
G1 X125.874 Y105.804 E.01482
G1 X126.31 Y105.972 E.01582
G1 X126.747 Y106.34 E.01934
G1 X127.621 Y107.237 E.04239
G1 X128.057 Y107.501 E.01725
G1 X128.494 Y107.654 E.01567
G1 X128.931 Y107.719 E.01495
G1 X129.368 Y107.69 E.01482
G1 X129.805 Y107.522 E.01585
G1 X130.241 Y107.154 E.01931
G1 X131.115 Y106.257 E.04239
G1 X131.552 Y105.993 E.01728
G1 X131.988 Y105.84 E.01564
G1 X132.425 Y105.775 E.01495
G1 X132.862 Y105.804 E.01482
G1 X133.299 Y105.972 E.01585
G1 X133.736 Y106.34 E.01934
G1 X134.609 Y107.237 E.04237
G1 X135.046 Y107.501 E.01728
G1 X135.483 Y107.654 E.01567
G1 X135.919 Y107.719 E.01492
G1 X136.356 Y107.69 E.01482
G1 X136.793 Y107.522 E.01585
G1 X137.23 Y107.154 E.01934
G1 X138.103 Y106.257 E.04237
G1 X138.54 Y105.993 E.01728
G1 X138.977 Y105.84 E.01567
G1 X139.414 Y105.775 E.01495
G1 X139.85 Y105.804 E.01479
G1 X140.287 Y105.972 E.01585
G1 X140.724 Y106.34 E.01934
G1 X141.597 Y107.237 E.04237
G1 X142.002 Y107.482 E.01602
G1 X142.002 Y104.222 E.11035
G1 X141.597 Y104.196 E.01374
G1 X141.161 Y104.028 E.01582
G1 X140.724 Y103.66 E.01934
G1 X139.85 Y102.763 E.04239
G1 X139.414 Y102.499 E.01725
G1 X138.977 Y102.346 E.01567
G1 X138.54 Y102.281 E.01495
G1 X138.103 Y102.31 E.01482
G1 X137.666 Y102.478 E.01585
G1 X137.23 Y102.846 E.01931
G1 X136.356 Y103.743 E.04239
G1 X135.919 Y104.007 E.01728
G1 X135.483 Y104.16 E.01564
G1 X135.046 Y104.225 E.01495
G1 X134.609 Y104.196 E.01482
G1 X134.172 Y104.028 E.01585
G1 X133.736 Y103.66 E.01931
G1 X132.862 Y102.763 E.04239
G1 X132.425 Y102.499 E.01728
G1 X131.988 Y102.346 E.01567
G1 X131.552 Y102.281 E.01492
G1 X131.115 Y102.31 E.01482
G1 X130.678 Y102.478 E.01585
G1 X130.241 Y102.846 E.01934
G1 X129.368 Y103.743 E.04237
G1 X128.931 Y104.007 E.01728
G1 X128.494 Y104.16 E.01567
G1 X128.057 Y104.225 E.01495
G1 X127.621 Y104.196 E.01479
G1 X127.184 Y104.028 E.01585
G1 X126.747 Y103.66 E.01934
G1 X125.874 Y102.763 E.04237
G1 X125.437 Y102.499 E.01728
G1 X125 Y102.346 E.01567
G1 X124.563 Y102.281 E.01495
G1 X124.126 Y102.31 E.01482
G1 X123.69 Y102.478 E.01582
G1 X123.253 Y102.846 E.01934
G1 X122.379 Y103.743 E.04239
G1 X121.943 Y104.007 E.01725
G1 X121.506 Y104.16 E.01567
G1 X121.069 Y104.225 E.01495
G1 X120.632 Y104.196 E.01482
G1 X120.195 Y104.028 E.01585
G1 X119.759 Y103.66 E.01931
G1 X118.885 Y102.763 E.04239
G1 X118.448 Y102.499 E.01728
G1 X118.012 Y102.346 E.01564
G1 X117.575 Y102.281 E.01495
G1 X117.138 Y102.31 E.01482
G1 X116.701 Y102.478 E.01585
G1 X116.264 Y102.846 E.01934
G1 X115.391 Y103.743 E.04237
G1 X114.954 Y104.007 E.01728
G1 X114.517 Y104.16 E.01567
G1 X114.081 Y104.225 E.01492
G1 X113.644 Y104.196 E.01482
G1 X113.207 Y104.028 E.01585
G1 X112.77 Y103.66 E.01934
G1 X111.897 Y102.763 E.04237
G1 X111.46 Y102.499 E.01728
G1 X111.023 Y102.346 E.01567
G1 X110.586 Y102.281 E.01495
G1 X110.15 Y102.31 E.01479
G1 X109.713 Y102.478 E.01585
G1 X109.276 Y102.846 E.01934
G1 X108.403 Y103.743 E.04237
G1 X107.998 Y103.987 E.016
G1 X107.998 Y100.728 E.11031
G1 X108.403 Y100.701 E.01374
G1 X108.839 Y100.534 E.0158
G1 X109.439 Y99.998 E.02723
G1 X113.4 Y99.998 E.13408
G1 X113.644 Y100.249 E.01185
G1 X114.081 Y100.513 E.01728
G1 X114.517 Y100.666 E.01564
G1 X114.954 Y100.73 E.01495
G1 X115.391 Y100.701 E.01482
G1 X115.828 Y100.534 E.01584
G1 X116.427 Y99.998 E.02721
G1 X120.388 Y99.998 E.13408
G1 X120.632 Y100.249 E.01185
G1 X121.069 Y100.513 E.01728
G1 X121.506 Y100.666 E.01567
G1 X121.943 Y100.73 E.01495
G1 X122.379 Y100.701 E.01479
G1 X122.816 Y100.534 E.01584
G1 X123.415 Y99.998 E.02721
G1 X127.377 Y99.998 E.13411
G1 X127.621 Y100.249 E.01185
G1 X128.057 Y100.513 E.01725
G1 X128.494 Y100.666 E.01567
G1 X128.931 Y100.73 E.01495
G1 X129.368 Y100.701 E.01482
G1 X129.805 Y100.534 E.01584
G1 X130.404 Y99.998 E.02721
G1 X134.365 Y99.998 E.13408
G1 X134.609 Y100.249 E.01185
G1 X135.046 Y100.513 E.01728
G1 X135.483 Y100.666 E.01567
G1 X135.919 Y100.73 E.01492
G1 X136.356 Y100.701 E.01482
G1 X136.793 Y100.534 E.01584
G1 X137.392 Y99.998 E.02721
G1 X141.354 Y99.998 E.13411
G1 X141.597 Y100.249 E.01183
G1 X142.002 Y100.493 E.016
G1 X142.002 Y102.993 E.08462
;LAYER_CHANGE
;Z:19.8
;HEIGHT:0.199999
;BEFORE_LAYER_CHANGE
G92 E0.0
;19.8


;WIPE_START
G1 F8640
G1 X142.002 Y100.493 E-.57726
G1 X141.597 Y100.249 E-.10918
G1 X141.354 Y99.998 E-.08067
G1 X141.212 Y99.998 E-.03289
;WIPE_END
G1 Z19.8 F720
;AFTER_LAYER_CHANGE
;19.8
G1 Z20.2
G1 X142.368 Y110.368 F10800
G1 Z19.8 F720
G1 E.8 F2100
M204 S800
;TYPE:Perimeter
;WIDTH:0.449999
G1 F1989
G1 X107.632 Y110.368 E1.17577
G1 X107.632 Y99.632 E.3634
G1 X142.368 Y99.632 E1.17577
G1 X142.368 Y110.308 E.36137
M204 S1000
G1 X142.775 Y110.775 F10800
M204 S800
;TYPE:External perimeter
G1 F1500
G1 X107.225 Y110.775 E1.20332
G1 X107.225 Y99.225 E.39095
M73 P82 R4
M73 Q82 S4
G1 X142.775 Y99.225 E1.20332
G1 X142.775 Y110.715 E.38892
M204 S1000
;WIPE_START
G1 F8640
G1 X142.775 Y110.775 E-.01385
G1 X139.37 Y110.775 E-.78615
;WIPE_END
G1 Z20.2 F720
G1 X142.002 Y109.302 F10800
G1 Z19.8 F720
G1 E.8 F2100
;TYPE:Internal infill
;WIDTH:0.45
G1 F1989
G1 X142.002 Y110.002 E.02369
G1 X140.201 Y110.002 E.06096
G1 X138.977 Y109.288 E.04796
G1 X138.103 Y109.122 E.03011
G1 X137.666 Y109.212 E.0151
G1 X136.667 Y110.002 E.04311
G1 X133.213 Y110.002 E.11691
G1 X131.988 Y109.288 E.04799
G1 X131.115 Y109.122 E.03008
G1 X130.678 Y109.212 E.0151
G1 X129.678 Y110.002 E.04314
G1 X126.224 Y110.002 E.11691
G1 X125 Y109.288 E.04796
G1 X124.126 Y109.122 E.03011
G1 X123.69 Y109.212 E.01507
G1 X122.69 Y110.002 E.04314
G1 X119.236 Y110.002 E.11691
G1 X118.012 Y109.288 E.04796
G1 X117.138 Y109.122 E.03011
G1 X116.701 Y109.212 E.0151
G1 X115.701 Y110.002 E.04314
G1 X112.247 Y110.002 E.11691
G1 X111.023 Y109.288 E.04796
G1 X110.15 Y109.122 E.03008
G1 X109.713 Y109.212 E.0151
G1 X108.713 Y110.002 E.04314
G1 X107.998 Y110.002 E.0242
G1 X107.998 Y107.789 E.07491
G1 X108.403 Y107.866 E.01395
G1 X108.839 Y107.776 E.01507
G1 X109.276 Y107.431 E.01885
G1 X110.15 Y106.343 E.04724
G1 X110.586 Y106.006 E.01865
G1 X111.023 Y105.794 E.01644
G1 X111.897 Y105.628 E.03011
G1 X112.334 Y105.718 E.0151
G1 X112.77 Y106.063 E.01882
G1 X113.644 Y107.151 E.04724
G1 X114.081 Y107.488 E.01868
G1 X114.517 Y107.7 E.01641
G1 X115.391 Y107.866 E.03011
G1 X115.828 Y107.776 E.0151
G1 X116.264 Y107.431 E.01882
G1 X117.138 Y106.343 E.04724
G1 X117.575 Y106.006 E.01868
G1 X118.012 Y105.794 E.01644
G1 X118.885 Y105.628 E.03008
G1 X119.322 Y105.718 E.0151
G1 X119.759 Y106.063 E.01885
G1 X120.632 Y107.151 E.04722
G1 X121.069 Y107.488 E.01868
G1 X121.506 Y107.7 E.01644
G1 X122.379 Y107.866 E.03008
G1 X122.816 Y107.776 E.0151
G1 X123.253 Y107.431 E.01885
G1 X124.126 Y106.343 E.04722
G1 X124.563 Y106.006 E.01868
G1 X125 Y105.794 E.01644
G1 X125.874 Y105.628 E.03011
G1 X126.31 Y105.718 E.01507
G1 X126.747 Y106.063 E.01885
G1 X127.621 Y107.151 E.04724
G1 X128.057 Y107.488 E.01865
G1 X128.494 Y107.7 E.01644
G1 X129.368 Y107.866 E.03011
G1 X129.805 Y107.776 E.0151
G1 X130.241 Y107.431 E.01882
G1 X131.115 Y106.343 E.04724
G1 X131.552 Y106.006 E.01868
G1 X131.988 Y105.794 E.01641
G1 X132.862 Y105.628 E.03011
G1 X133.299 Y105.718 E.0151
G1 X133.736 Y106.063 E.01885
G1 X134.609 Y107.151 E.04722
G1 X135.046 Y107.488 E.01868
G1 X135.483 Y107.7 E.01644
G1 X136.356 Y107.866 E.03008
G1 X136.793 Y107.776 E.0151
G1 X137.23 Y107.431 E.01885
G1 X138.103 Y106.343 E.04722
G1 X138.54 Y106.006 E.01868
G1 X138.977 Y105.794 E.01644
G1 X139.85 Y105.628 E.03008
G1 X140.287 Y105.718 E.0151
G1 X140.724 Y106.063 E.01885
G1 X141.597 Y107.151 E.04722
G1 X142.002 Y107.463 E.0173
G1 X142.002 Y104.295 E.10723
G1 X141.597 Y104.372 E.01395
G1 X141.161 Y104.282 E.01507
G1 X140.724 Y103.937 E.01885
G1 X139.85 Y102.849 E.04724
G1 X139.414 Y102.512 E.01865
G1 X138.977 Y102.3 E.01644
G1 X138.103 Y102.134 E.03011
G1 X137.666 Y102.224 E.0151
G1 X137.23 Y102.569 E.01882
G1 X136.356 Y103.657 E.04724
G1 X135.919 Y103.994 E.01868
G1 X135.483 Y104.206 E.01641
G1 X134.609 Y104.372 E.03011
G1 X134.172 Y104.282 E.0151
G1 X133.736 Y103.937 E.01882
G1 X132.862 Y102.849 E.04724
G1 X132.425 Y102.512 E.01868
G1 X131.988 Y102.3 E.01644
G1 X131.115 Y102.134 E.03008
G1 X130.678 Y102.224 E.0151
G1 X130.241 Y102.569 E.01885
G1 X129.368 Y103.657 E.04722
G1 X128.931 Y103.994 E.01868
G1 X128.494 Y104.206 E.01644
G1 X127.621 Y104.372 E.03008
G1 X127.184 Y104.282 E.0151
G1 X126.747 Y103.937 E.01885
G1 X125.874 Y102.849 E.04722
G1 X125.437 Y102.512 E.01868
G1 X125 Y102.3 E.01644
G1 X124.126 Y102.134 E.03011
G1 X123.69 Y102.224 E.01507
G1 X123.253 Y102.569 E.01885
G1 X122.379 Y103.657 E.04724
G1 X121.943 Y103.994 E.01865
G1 X121.506 Y104.206 E.01644
G1 X120.632 Y104.372 E.03011
G1 X120.195 Y104.282 E.0151
G1 X119.759 Y103.937 E.01882
G1 X118.885 Y102.849 E.04724
G1 X118.448 Y102.512 E.01868
G1 X118.012 Y102.3 E.01641
G1 X117.138 Y102.134 E.03011
G1 X116.701 Y102.224 E.0151
G1 X116.264 Y102.569 E.01885
G1 X115.391 Y103.657 E.04722
G1 X114.954 Y103.994 E.01868
G1 X114.517 Y104.206 E.01644
G1 X113.644 Y104.372 E.03008
G1 X113.207 Y104.282 E.0151
G1 X112.77 Y103.937 E.01885
G1 X111.897 Y102.849 E.04722
G1 X111.46 Y102.512 E.01868
G1 X111.023 Y102.3 E.01644
G1 X110.15 Y102.134 E.03008
G1 X109.713 Y102.224 E.0151
G1 X109.276 Y102.569 E.01885
G1 X108.403 Y103.657 E.04722
G1 X107.998 Y103.968 E.01728
G1 X107.998 Y100.801 E.1072
G1 X108.403 Y100.878 E.01395
G1 X108.839 Y100.788 E.01507
G1 X109.276 Y100.442 E.01887
G1 X109.633 Y99.998 E.01928
G1 X113.512 Y99.998 E.1313
G1 X114.081 Y100.499 E.02566
G1 X114.517 Y100.712 E.01643
G1 X115.391 Y100.878 E.03011
G1 X115.828 Y100.788 E.0151
G1 X116.264 Y100.442 E.01884
G1 X116.621 Y99.998 E.01928
G1 X120.5 Y99.998 E.1313
G1 X121.069 Y100.499 E.02566
G1 X121.506 Y100.712 E.01646
G1 X122.379 Y100.878 E.03008
G1 X122.816 Y100.788 E.0151
G1 X123.253 Y100.442 E.01887
G1 X123.61 Y99.998 E.01928
G1 X127.489 Y99.998 E.1313
G1 X128.057 Y100.499 E.02564
G1 X128.494 Y100.712 E.01646
G1 X129.368 Y100.878 E.03011
G1 X129.805 Y100.788 E.0151
G1 X130.241 Y100.442 E.01884
G1 X130.598 Y99.998 E.01928
G1 X134.477 Y99.998 E.1313
G1 X135.046 Y100.499 E.02566
G1 X135.483 Y100.712 E.01646
G1 X136.356 Y100.878 E.03008
G1 X136.793 Y100.788 E.0151
G1 X137.23 Y100.442 E.01887
G1 X137.586 Y99.998 E.01926
G1 X141.466 Y99.998 E.13133
G1 X142.002 Y100.474 E.02426
G1 X142.002 Y102.974 E.08462
;LAYER_CHANGE
;Z:20
;HEIGHT:0.200001
;BEFORE_LAYER_CHANGE
G92 E0.0
;20


;WIPE_START
G1 F8640
G1 X142.002 Y100.474 E-.57726
G1 X141.466 Y99.998 E-.16552
G1 X141.218 Y99.998 E-.05722
;WIPE_END
G1 Z20 F720
;AFTER_LAYER_CHANGE
;20
G1 Z20.4
G1 X142.368 Y110.368 F10800
G1 Z20 F720
G1 E.8 F2100
M204 S800
;TYPE:Perimeter
;WIDTH:0.449999
G1 F2066
G1 X107.632 Y110.368 E1.17577
G1 X107.632 Y99.632 E.3634
G1 X142.368 Y99.632 E1.17577
G1 X142.368 Y110.308 E.36137
M204 S1000
G1 X142.775 Y110.775 F10800
M204 S800
;TYPE:External perimeter
G1 F1500
G1 X107.225 Y110.775 E1.20332
G1 X107.225 Y99.225 E.39095
M73 P82 R3
G1 X142.775 Y99.225 E1.20332
M73 P83 R3
M73 Q82 S3
G1 X142.775 Y110.715 E.38892
M73 Q83 S3
M204 S1000
;WIPE_START
G1 F8640
G1 X142.775 Y110.775 E-.01385
G1 X139.37 Y110.775 E-.78615
;WIPE_END
G1 Z20.4 F720
G1 X142.002 Y109.54 F10800
G1 Z20 F720
G1 E.8 F2100
;TYPE:Internal infill
;WIDTH:0.45
G1 F2066
G1 X142.002 Y110.002 E.01564
G1 X139.963 Y110.002 E.06902
G1 X139.414 Y109.493 E.02534
G1 X138.977 Y109.219 E.01746
G1 X138.103 Y108.904 E.03145
G1 X137.666 Y108.862 E.01486
G1 X137.23 Y109.117 E.0171
G1 X136.793 Y109.896 E.03023
G1 X136.662 Y110.002 E.0057
G1 X132.975 Y110.002 E.1248
G1 X132.425 Y109.493 E.02537
G1 X131.988 Y109.219 E.01746
G1 X131.115 Y108.904 E.03141
G1 X130.678 Y108.862 E.01486
G1 X130.241 Y109.117 E.01713
G1 X129.805 Y109.896 E.03022
G1 X129.673 Y110.002 E.00573
G1 X125.987 Y110.002 E.12477
G1 X125.437 Y109.493 E.02537
G1 X125 Y109.219 E.01746
G1 X124.126 Y108.904 E.03145
G1 X123.69 Y108.862 E.01483
G1 X123.253 Y109.117 E.01713
G1 X122.816 Y109.896 E.03023
G1 X122.685 Y110.002 E.0057
G1 X118.998 Y110.002 E.1248
G1 X118.448 Y109.493 E.02537
G1 X118.012 Y109.219 E.01743
G1 X117.138 Y108.904 E.03145
G1 X116.701 Y108.862 E.01486
G1 X116.264 Y109.117 E.01713
G1 X115.828 Y109.896 E.03022
G1 X115.696 Y110.002 E.00573
G1 X112.01 Y110.002 E.12477
G1 X111.46 Y109.493 E.02537
G1 X111.023 Y109.219 E.01746
G1 X110.15 Y108.904 E.03141
G1 X109.713 Y108.862 E.01486
G1 X109.276 Y109.117 E.01713
G1 X108.839 Y109.896 E.03023
G1 X108.708 Y110.002 E.0057
G1 X107.998 Y110.002 E.02403
G1 X107.998 Y107.939 E.06983
G1 X108.403 Y108.085 E.01457
G1 X108.839 Y108.126 E.01482
G1 X109.276 Y107.872 E.01711
G1 X110.15 Y106.422 E.05731
G1 X110.586 Y105.999 E.02056
G1 X111.023 Y105.725 E.01746
G1 X111.897 Y105.41 E.03145
G1 X112.334 Y105.368 E.01486
G1 X112.77 Y105.623 E.0171
G1 X113.644 Y107.072 E.05728
G1 X114.081 Y107.495 E.02059
G1 X114.517 Y107.769 E.01743
G1 X115.391 Y108.085 E.03146
G1 X115.828 Y108.126 E.01486
G1 X116.264 Y107.872 E.01708
G1 X117.138 Y106.422 E.05731
G1 X117.575 Y105.999 E.02059
G1 X118.012 Y105.725 E.01746
G1 X118.885 Y105.41 E.03141
G1 X119.322 Y105.368 E.01486
G1 X119.759 Y105.623 E.01713
G1 X120.632 Y107.072 E.05726
G1 X121.069 Y107.495 E.02059
G1 X121.506 Y107.769 E.01746
G1 X122.379 Y108.085 E.03143
G1 X122.816 Y108.126 E.01486
G1 X123.253 Y107.872 E.01711
G1 X124.126 Y106.422 E.05729
G1 X124.563 Y105.999 E.02059
G1 X125 Y105.725 E.01746
G1 X125.874 Y105.41 E.03145
G1 X126.31 Y105.368 E.01483
G1 X126.747 Y105.623 E.01713
G1 X127.621 Y107.072 E.05728
G1 X128.057 Y107.495 E.02056
G1 X128.494 Y107.769 E.01746
G1 X129.368 Y108.085 E.03146
G1 X129.805 Y108.126 E.01486
G1 X130.241 Y107.872 E.01708
G1 X131.115 Y106.422 E.05731
G1 X131.552 Y105.999 E.02059
G1 X131.988 Y105.725 E.01743
G1 X132.862 Y105.41 E.03145
G1 X133.299 Y105.368 E.01486
G1 X133.736 Y105.623 E.01713
G1 X134.609 Y107.072 E.05726
G1 X135.046 Y107.495 E.02059
G1 X135.483 Y107.769 E.01746
G1 X136.356 Y108.085 E.03143
G1 X136.793 Y108.126 E.01486
G1 X137.23 Y107.872 E.01711
G1 X138.103 Y106.422 E.05729
G1 X138.54 Y105.999 E.02059
G1 X138.977 Y105.725 E.01746
G1 X139.85 Y105.41 E.03141
G1 X140.287 Y105.368 E.01486
G1 X140.724 Y105.623 E.01713
G1 X141.597 Y107.072 E.05726
G1 X142.002 Y107.463 E.01905
G1 X142.002 Y104.445 E.10216
G1 X141.597 Y104.59 E.01456
G1 X141.161 Y104.632 E.01483
G1 X140.724 Y104.377 E.01713
G1 X139.85 Y102.928 E.05728
G1 X139.414 Y102.505 E.02056
G1 X138.977 Y102.231 E.01746
G1 X138.103 Y101.915 E.03146
G1 X137.666 Y101.874 E.01486
G1 X137.23 Y102.128 E.01708
G1 X136.356 Y103.578 E.05731
G1 X135.919 Y104.001 E.02059
G1 X135.483 Y104.275 E.01743
G1 X134.609 Y104.59 E.03145
G1 X134.172 Y104.632 E.01486
G1 X133.736 Y104.377 E.0171
G1 X132.862 Y102.928 E.05728
G1 X132.425 Y102.505 E.02059
G1 X131.988 Y102.231 E.01746
G1 X131.115 Y101.915 E.03143
G1 X130.678 Y101.874 E.01486
G1 X130.241 Y102.128 E.01711
G1 X129.368 Y103.578 E.05729
G1 X128.931 Y104.001 E.02059
G1 X128.494 Y104.275 E.01746
G1 X127.621 Y104.59 E.03141
G1 X127.184 Y104.632 E.01486
G1 X126.747 Y104.377 E.01713
G1 X125.874 Y102.928 E.05726
G1 X125.437 Y102.505 E.02059
G1 X125 Y102.231 E.01746
G1 X124.126 Y101.915 E.03146
G1 X123.69 Y101.874 E.01482
G1 X123.253 Y102.128 E.01711
G1 X122.379 Y103.578 E.05731
G1 X121.943 Y104.001 E.02056
G1 X121.506 Y104.275 E.01746
G1 X120.632 Y104.59 E.03145
G1 X120.195 Y104.632 E.01486
G1 X119.759 Y104.377 E.0171
G1 X118.885 Y102.928 E.05728
G1 X118.448 Y102.505 E.02059
G1 X118.012 Y102.231 E.01743
G1 X117.138 Y101.915 E.03146
G1 X116.701 Y101.874 E.01486
G1 X116.264 Y102.128 E.01711
G1 X115.391 Y103.578 E.05729
G1 X114.954 Y104.001 E.02059
G1 X114.517 Y104.275 E.01746
G1 X113.644 Y104.59 E.03141
G1 X113.207 Y104.632 E.01486
G1 X112.77 Y104.377 E.01713
G1 X111.897 Y102.928 E.05726
G1 X111.46 Y102.505 E.02059
G1 X111.023 Y102.231 E.01746
G1 X110.15 Y101.915 E.03143
G1 X109.713 Y101.874 E.01486
G1 X109.276 Y102.128 E.01711
G1 X108.403 Y103.578 E.05729
G1 X107.998 Y103.969 E.01905
G1 X107.998 Y100.95 E.10219
G1 X108.403 Y101.096 E.01457
G1 X108.839 Y101.138 E.01483
G1 X109.276 Y100.883 E.01713
G1 X109.781 Y99.998 E.03449
G1 X113.588 Y99.998 E.12886
G1 X114.081 Y100.507 E.02399
G1 X114.517 Y100.781 E.01743
G1 X115.391 Y101.096 E.03145
G1 X115.828 Y101.138 E.01486
G1 X116.264 Y100.883 E.0171
G1 X116.77 Y99.998 E.03451
G1 X120.577 Y99.998 E.12886
G1 X121.069 Y100.507 E.02396
G1 X121.506 Y100.781 E.01746
G1 X122.379 Y101.096 E.03141
G1 X122.816 Y101.138 E.01486
G1 X123.253 Y100.883 E.01713
G1 X123.758 Y99.998 E.03449
G1 X127.565 Y99.998 E.12886
G1 X128.057 Y100.507 E.02396
G1 X128.494 Y100.781 E.01746
G1 X129.368 Y101.096 E.03145
G1 X129.805 Y101.138 E.01486
G1 X130.241 Y100.883 E.0171
G1 X130.747 Y99.998 E.03451
G1 X134.553 Y99.998 E.12883
G1 X135.046 Y100.507 E.02399
G1 X135.483 Y100.781 E.01746
G1 X136.356 Y101.096 E.03141
G1 X136.793 Y101.138 E.01486
G1 X137.23 Y100.883 E.01713
G1 X137.735 Y99.998 E.03449
G1 X141.542 Y99.998 E.12886
G1 X142.002 Y100.475 E.02243
G1 X142.002 Y102.975 E.08462
;LAYER_CHANGE
;Z:20.2
;HEIGHT:0.200001
;BEFORE_LAYER_CHANGE
G92 E0.0
;20.2


;WIPE_START
G1 F8640
G1 X142.002 Y100.475 E-.57726
G1 X141.542 Y99.998 E-.15301
G1 X141.24 Y99.998 E-.06973
;WIPE_END
G1 Z20.2 F720
;AFTER_LAYER_CHANGE
;20.2
G1 Z20.6
G1 X142.368 Y110.368 F10800
G1 Z20.2 F720
G1 E.8 F2100
M204 S800
;TYPE:Perimeter
;WIDTH:0.449999
G1 F2128
G1 X107.632 Y110.368 E1.17577
G1 X107.632 Y99.632 E.3634
G1 X142.368 Y99.632 E1.17577
G1 X142.368 Y110.308 E.36137
M204 S1000
G1 X142.775 Y110.775 F10800
M204 S800
;TYPE:External perimeter
G1 F1500
G1 X107.225 Y110.775 E1.20332
G1 X107.225 Y99.225 E.39095
G1 X142.775 Y99.225 E1.20332
G1 X142.775 Y110.715 E.38892
M73 P84 R3
M73 Q84 S3
M204 S1000
;WIPE_START
G1 F8640
G1 X142.775 Y110.775 E-.01385
G1 X139.37 Y110.775 E-.78615
;WIPE_END
G1 Z20.6 F720
G1 X139.103 Y99.998 F10800
G1 Z20.2 F720
G1 E.8 F2100
;TYPE:Internal infill
;WIDTH:0.45
G1 F2128
G1 X141.603 Y99.998 E.08462
G1 X142.002 Y100.487 E.02136
G1 X142.002 Y104.65 E.14091
G1 X141.398 Y105 E.02363
G1 X141.127 Y105.437 E.01741
G1 X141.154 Y105.874 E.01482
G1 X141.456 Y106.747 E.03127
G1 X141.724 Y107.184 E.01735
G1 X142.002 Y107.476 E.01365
G1 X142.002 Y110.002 E.0855
G1 X139.845 Y110.002 E.07301
G1 X139.308 Y109.368 E.02812
G1 X137.904 Y108.494 E.05598
G1 X137.633 Y108.057 E.01741
G1 X137.66 Y107.621 E.01479
G1 X137.961 Y106.747 E.03129
G1 X138.23 Y106.31 E.01737
G1 X138.645 Y105.874 E.02037
G1 X140.05 Y105 E.05601
G1 X140.321 Y104.563 E.01741
G1 X140.294 Y104.126 E.01482
G1 X139.992 Y103.253 E.03127
G1 X139.723 Y102.816 E.01737
G1 X139.308 Y102.379 E.0204
G1 X137.904 Y101.506 E.05596
G1 X137.633 Y101.069 E.01741
G1 X137.66 Y100.632 E.01482
G1 X137.878 Y99.998 E.02269
G1 X134.615 Y99.998 E.11045
G1 X135.151 Y100.632 E.0281
G1 X136.556 Y101.506 E.05601
G1 X136.827 Y101.943 E.01741
G1 X136.8 Y102.379 E.01479
G1 X136.498 Y103.253 E.0313
G1 X136.229 Y103.69 E.01737
G1 X135.814 Y104.126 E.02037
G1 X134.409 Y105 E.05601
G1 X134.139 Y105.437 E.01739
G1 X134.165 Y105.874 E.01482
G1 X134.467 Y106.747 E.03127
G1 X134.736 Y107.184 E.01737
G1 X135.151 Y107.621 E.0204
G1 X136.556 Y108.494 E.05599
G1 X136.827 Y108.931 E.01741
G1 X136.8 Y109.368 E.01482
G1 X136.581 Y110.002 E.0227
G1 X132.856 Y110.002 E.12609
G1 X132.32 Y109.368 E.0281
G1 X130.915 Y108.494 E.05601
G1 X130.644 Y108.057 E.01741
G1 X130.671 Y107.621 E.01479
G1 X130.973 Y106.747 E.0313
G1 X131.242 Y106.31 E.01737
G1 X131.657 Y105.874 E.02037
G1 X133.062 Y105 E.05601
G1 X133.332 Y104.563 E.01739
G1 X133.306 Y104.126 E.01482
G1 X133.004 Y103.253 E.03127
G1 X132.735 Y102.816 E.01737
G1 X132.32 Y102.379 E.0204
G1 X130.915 Y101.506 E.05599
G1 X130.644 Y101.069 E.01741
G1 X130.671 Y100.632 E.01482
G1 X130.89 Y99.998 E.0227
G1 X127.626 Y99.998 E.11048
G1 X128.163 Y100.632 E.02812
G1 X129.567 Y101.506 E.05598
G1 X129.838 Y101.943 E.01741
G1 X129.811 Y102.379 E.01479
G1 X129.51 Y103.253 E.03129
G1 X129.241 Y103.69 E.01737
G1 X128.826 Y104.126 E.02037
G1 X127.421 Y105 E.05601
G1 X127.15 Y105.437 E.01741
G1 X127.177 Y105.874 E.01482
G1 X127.479 Y106.747 E.03127
G1 X127.748 Y107.184 E.01737
G1 X128.163 Y107.621 E.0204
G1 X129.567 Y108.494 E.05596
G1 X129.838 Y108.931 E.01741
G1 X129.811 Y109.368 E.01482
G1 X129.593 Y110.002 E.02269
G1 X125.868 Y110.002 E.12609
G1 X125.332 Y109.368 E.0281
G1 X123.927 Y108.494 E.05601
G1 X123.656 Y108.057 E.01741
G1 X123.683 Y107.621 E.01479
G1 X123.984 Y106.747 E.03129
G1 X124.253 Y106.31 E.01737
G1 X124.668 Y105.874 E.02037
G1 X126.073 Y105 E.05601
G1 X126.344 Y104.563 E.01741
G1 X126.317 Y104.126 E.01482
G1 X126.016 Y103.253 E.03126
G1 X125.747 Y102.816 E.01737
G1 X125.332 Y102.379 E.0204
G1 X123.927 Y101.506 E.05599
G1 X123.656 Y101.069 E.01741
G1 X123.683 Y100.632 E.01482
G1 X123.902 Y99.998 E.0227
G1 X120.638 Y99.998 E.11048
G1 X121.174 Y100.632 E.0281
G1 X122.579 Y101.506 E.05601
G1 X122.85 Y101.943 E.01741
G1 X122.823 Y102.379 E.01479
G1 X122.521 Y103.253 E.0313
G1 X122.252 Y103.69 E.01737
G1 X121.837 Y104.126 E.02037
G1 X120.433 Y105 E.05598
G1 X120.162 Y105.437 E.01741
G1 X120.189 Y105.874 E.01482
G1 X120.49 Y106.747 E.03126
G1 X120.759 Y107.184 E.01737
G1 X121.174 Y107.621 E.0204
G1 X122.579 Y108.494 E.05599
G1 X122.85 Y108.931 E.01741
G1 X122.823 Y109.368 E.01482
G1 X122.604 Y110.002 E.0227
G1 X118.879 Y110.002 E.12609
G1 X118.343 Y109.368 E.0281
G1 X116.938 Y108.494 E.05601
G1 X116.668 Y108.057 E.01739
G1 X116.694 Y107.621 E.01478
G1 X116.996 Y106.747 E.0313
G1 X117.265 Y106.31 E.01737
G1 X117.68 Y105.874 E.02037
G1 X119.085 Y105 E.05601
G1 X119.356 Y104.563 E.01741
G1 X119.329 Y104.126 E.01482
G1 X119.027 Y103.253 E.03127
G1 X118.758 Y102.816 E.01737
G1 X118.343 Y102.379 E.0204
G1 X116.938 Y101.506 E.05599
G1 X116.668 Y101.069 E.01739
G1 X116.694 Y100.632 E.01482
G1 X116.913 Y99.998 E.0227
G1 X113.65 Y99.998 E.11045
G1 X114.186 Y100.632 E.0281
G1 X115.591 Y101.506 E.05601
G1 X115.861 Y101.943 E.01739
G1 X115.835 Y102.379 E.01478
G1 X115.533 Y103.253 E.0313
G1 X115.264 Y103.69 E.01737
G1 X114.849 Y104.126 E.02037
G1 X113.444 Y105 E.05601
G1 X113.173 Y105.437 E.01741
G1 X113.2 Y105.874 E.01482
G1 X113.502 Y106.747 E.03127
G1 X113.771 Y107.184 E.01737
G1 X114.186 Y107.621 E.0204
G1 X115.591 Y108.494 E.05599
G1 X115.861 Y108.931 E.01739
G1 X115.835 Y109.368 E.01482
G1 X115.616 Y110.002 E.0227
G1 X113.116 Y110.002 E.08462
;WIPE_START
G1 F8640
G1 X115.616 Y110.002 E-.57726
G1 X115.835 Y109.368 E-.15488
G1 X115.853 Y109.075 E-.06786
;WIPE_END
G1 Z20.6 F720
G1 X107.998 Y105.644 F10800
G1 Z20.2 F720
G1 E.8 F2100
G1 F2128
G1 X107.998 Y108.144 E.08462
G1 X108.602 Y108.494 E.02363
G1 X108.873 Y108.931 E.01741
G1 X108.846 Y109.368 E.01482
G1 X108.627 Y110.002 E.0227
G1 X111.891 Y110.002 E.11048
G1 X111.355 Y109.368 E.0281
G1 X109.95 Y108.494 E.05601
G1 X109.679 Y108.057 E.01741
G1 X109.706 Y107.621 E.01479
G1 X110.008 Y106.747 E.0313
G1 X110.277 Y106.31 E.01737
G1 X110.692 Y105.874 E.02037
G1 X112.096 Y105 E.05598
G1 X112.367 Y104.563 E.01741
G1 X112.34 Y104.126 E.01482
G1 X112.039 Y103.253 E.03126
G1 X111.77 Y102.816 E.01737
G1 X111.355 Y102.379 E.0204
G1 X109.95 Y101.506 E.05599
G1 X109.679 Y101.069 E.01741
G1 X109.706 Y100.632 E.01482
G1 X109.925 Y99.998 E.0227
G1 X107.998 Y99.998 E.06523
G1 X107.998 Y101.155 E.03916
G1 X108.602 Y101.506 E.02365
G1 X108.873 Y101.943 E.01741
G1 X108.846 Y102.379 E.01479
G1 X108.545 Y103.253 E.03129
G1 X108.276 Y103.69 E.01737
G1 X107.998 Y103.981 E.01362
G1 X107.998 Y101.481 E.08462
;LAYER_CHANGE
;Z:20.4
;HEIGHT:0.199999
;BEFORE_LAYER_CHANGE
G92 E0.0
;20.4


;WIPE_START
G1 F8640
G1 X107.998 Y103.981 E-.57726
G1 X108.276 Y103.69 E-.09293
G1 X108.545 Y103.253 E-.11849
G1 X108.561 Y103.207 E-.01132
;WIPE_END
G1 Z20.4 F720
;AFTER_LAYER_CHANGE
;20.4
G1 Z20.8
G1 X142.368 Y110.368 F10800
G1 Z20.4 F720
G1 E.8 F2100
M204 S800
;TYPE:Perimeter
;WIDTH:0.449999
G1 F2132
G1 X107.632 Y110.368 E1.17577
G1 X107.632 Y99.632 E.3634
G1 X142.368 Y99.632 E1.17577
G1 X142.368 Y110.308 E.36137
M204 S1000
G1 X142.775 Y110.775 F10800
M204 S800
;TYPE:External perimeter
G1 F1500
G1 X107.225 Y110.775 E1.20332
G1 X107.225 Y99.225 E.39095
G1 X142.775 Y99.225 E1.20332
G1 X142.775 Y110.715 E.38892
M73 P85 R3
M73 Q85 S3
M204 S1000
;WIPE_START
G1 F8640
G1 X142.775 Y110.775 E-.01385
G1 X139.37 Y110.775 E-.78615
;WIPE_END
G1 Z20.8 F720
G1 X141.96 Y110.002 F10800
G1 Z20.4 F720
G1 E.8 F2100
;TYPE:Internal infill
;WIDTH:0.45
G1 F2132
G1 X142.002 Y110.002 E.00142
G1 X142.002 Y107.543 E.08323
G1 X141.73 Y107.184 E.01525
G1 X141.523 Y106.747 E.01637
G1 X141.368 Y105.874 E.03001
G1 X141.466 Y105.437 E.01516
G1 X142.002 Y104.847 E.02698
G1 X142.002 Y100.555 E.14528
G1 X141.636 Y99.998 E.02256
G1 X137.986 Y99.998 E.12355
G1 X137.874 Y100.632 E.02179
G1 X137.972 Y101.069 E.01516
G1 X138.32 Y101.506 E.01891
G1 X139.388 Y102.379 E.04669
G1 X139.718 Y102.816 E.01854
G1 X139.925 Y103.253 E.01637
G1 X140.08 Y104.126 E.03001
G1 X139.982 Y104.563 E.01516
G1 X139.634 Y105 E.01891
G1 X138.566 Y105.874 E.04671
G1 X138.236 Y106.31 E.01851
G1 X138.028 Y106.747 E.01638
G1 X137.874 Y107.621 E.03004
G1 X137.972 Y108.057 E.01513
G1 X138.32 Y108.494 E.01891
G1 X139.388 Y109.368 E.04671
G1 X139.811 Y110.002 E.0258
G1 X136.473 Y110.002 E.11299
G1 X136.585 Y109.368 E.02179
G1 X136.488 Y108.931 E.01515
G1 X136.14 Y108.494 E.01891
G1 X135.072 Y107.621 E.04669
G1 X134.741 Y107.184 E.01856
G1 X134.534 Y106.747 E.01637
G1 X134.38 Y105.874 E.03001
G1 X134.478 Y105.437 E.01516
G1 X134.826 Y105 E.01891
G1 X135.893 Y104.126 E.04669
G1 X136.224 Y103.69 E.01853
G1 X136.431 Y103.253 E.01637
G1 X136.585 Y102.379 E.03004
G1 X136.488 Y101.943 E.01512
G1 X136.14 Y101.506 E.01891
G1 X135.072 Y100.632 E.04671
G1 X134.648 Y99.998 E.02582
G1 X130.998 Y99.998 E.12355
G1 X130.886 Y100.632 E.02179
G1 X130.983 Y101.069 E.01515
G1 X131.331 Y101.506 E.01891
G1 X132.399 Y102.379 E.04669
G1 X132.73 Y102.816 E.01856
G1 X132.937 Y103.253 E.01637
G1 X133.091 Y104.126 E.03001
G1 X132.994 Y104.563 E.01515
G1 X132.645 Y105 E.01893
G1 X131.578 Y105.874 E.04669
G1 X131.247 Y106.31 E.01853
G1 X131.04 Y106.747 E.01637
G1 X130.886 Y107.621 E.03004
G1 X130.983 Y108.057 E.01512
G1 X131.331 Y108.494 E.01891
G1 X132.399 Y109.368 E.04671
G1 X132.823 Y110.002 E.02582
G1 X129.485 Y110.002 E.11299
G1 X129.597 Y109.368 E.02179
G1 X129.499 Y108.931 E.01516
G1 X129.151 Y108.494 E.01891
G1 X128.083 Y107.621 E.04669
G1 X127.753 Y107.184 E.01854
G1 X127.546 Y106.747 E.01637
G1 X127.391 Y105.874 E.03001
G1 X127.489 Y105.437 E.01516
G1 X127.837 Y105 E.01891
G1 X128.905 Y104.126 E.04671
G1 X129.235 Y103.69 E.01851
G1 X129.443 Y103.253 E.01638
G1 X129.597 Y102.379 E.03004
G1 X129.499 Y101.943 E.01513
G1 X129.151 Y101.506 E.01891
G1 X128.083 Y100.632 E.04671
G1 X127.66 Y99.998 E.0258
G1 X125.16 Y99.998 E.08462
;WIPE_START
G1 F8640
G1 X127.66 Y99.998 E-.57726
G1 X128.083 Y100.632 E-.17598
G1 X128.24 Y100.76 E-.04676
;WIPE_END
G1 Z20.8 F720
G1 X128.335 Y110.002 F10800
G1 Z20.4 F720
G1 E.8 F2100
G1 F2132
G1 X125.835 Y110.002 E.08462
G1 X125.411 Y109.368 E.02582
G1 X124.343 Y108.494 E.04671
G1 X123.995 Y108.057 E.01891
G1 X123.897 Y107.621 E.01513
G1 X124.052 Y106.747 E.03005
G1 X124.259 Y106.31 E.01637
G1 X124.589 Y105.874 E.01851
G1 X125.657 Y105 E.04671
G1 X126.005 Y104.563 E.01891
G1 X126.103 Y104.126 E.01516
G1 X125.948 Y103.253 E.03001
G1 X125.741 Y102.816 E.01637
G1 X125.411 Y102.379 E.01854
G1 X124.343 Y101.506 E.04669
G1 X123.995 Y101.069 E.01891
G1 X123.897 Y100.632 E.01516
G1 X124.009 Y99.998 E.02179
G1 X120.671 Y99.998 E.11299
G1 X121.095 Y100.632 E.02582
G1 X122.163 Y101.506 E.04671
G1 X122.511 Y101.943 E.01891
G1 X122.609 Y102.379 E.01513
G1 X122.454 Y103.253 E.03005
G1 X122.247 Y103.69 E.01637
G1 X121.917 Y104.126 E.01851
G1 X120.849 Y105 E.04671
G1 X120.501 Y105.437 E.01891
G1 X120.403 Y105.874 E.01516
G1 X120.557 Y106.747 E.03001
G1 X120.765 Y107.184 E.01638
G1 X121.095 Y107.621 E.01854
G1 X122.163 Y108.494 E.04669
G1 X122.511 Y108.931 E.01891
G1 X122.609 Y109.368 E.01516
G1 X122.497 Y110.002 E.02179
G1 X118.846 Y110.002 E.12358
G1 X118.422 Y109.368 E.02582
G1 X117.355 Y108.494 E.04669
G1 X117.007 Y108.057 E.01891
G1 X116.909 Y107.621 E.01513
G1 X117.063 Y106.747 E.03004
G1 X117.27 Y106.31 E.01637
G1 X117.601 Y105.874 E.01853
G1 X118.669 Y105 E.04671
G1 X119.017 Y104.563 E.01891
G1 X119.114 Y104.126 E.01515
G1 X118.96 Y103.253 E.03001
G1 X118.753 Y102.816 E.01637
G1 X118.422 Y102.379 E.01856
G1 X117.355 Y101.506 E.04666
G1 X117.007 Y101.069 E.01891
G1 X116.909 Y100.632 E.01516
G1 X117.021 Y99.998 E.02179
G1 X113.683 Y99.998 E.11299
G1 X114.107 Y100.632 E.02582
G1 X115.174 Y101.506 E.04669
G1 X115.522 Y101.943 E.01891
G1 X115.62 Y102.379 E.01513
G1 X115.466 Y103.253 E.03004
G1 X115.259 Y103.69 E.01637
G1 X114.928 Y104.126 E.01853
G1 X113.86 Y105 E.04671
G1 X113.512 Y105.437 E.01891
G1 X113.415 Y105.874 E.01515
G1 X113.569 Y106.747 E.03001
G1 X113.776 Y107.184 E.01637
G1 X114.107 Y107.621 E.01856
G1 X115.174 Y108.494 E.04666
G1 X115.522 Y108.931 E.01891
G1 X115.62 Y109.368 E.01516
G1 X115.508 Y110.002 E.02179
G1 X113.008 Y110.002 E.08462
;WIPE_START
G1 F8640
G1 X115.508 Y110.002 E-.57726
G1 X115.62 Y109.368 E-.14866
G1 X115.55 Y109.055 E-.07408
;WIPE_END
G1 Z20.8 F720
G1 X107.998 Y105.841 F10800
G1 Z20.4 F720
G1 E.8 F2100
G1 F2132
G1 X107.998 Y108.341 E.08462
G1 X108.534 Y108.931 E.02698
G1 X108.632 Y109.368 E.01516
G1 X108.52 Y110.002 E.02179
G1 X111.858 Y110.002 E.11299
G1 X111.434 Y109.368 E.02582
G1 X110.366 Y108.494 E.04671
G1 X110.018 Y108.057 E.01891
G1 X109.92 Y107.621 E.01513
G1 X110.075 Y106.747 E.03005
G1 X110.282 Y106.31 E.01637
G1 X110.612 Y105.874 E.01851
G1 X111.68 Y105 E.04671
G1 X112.028 Y104.563 E.01891
G1 X112.126 Y104.126 E.01516
G1 X111.972 Y103.253 E.03001
G1 X111.764 Y102.816 E.01638
G1 X111.434 Y102.379 E.01854
G1 X110.366 Y101.506 E.04669
G1 X110.018 Y101.069 E.01891
G1 X109.92 Y100.632 E.01516
G1 X110.032 Y99.998 E.02179
G1 X107.998 Y99.998 E.06885
G1 X107.998 Y101.352 E.04583
G1 X108.534 Y101.943 E.02701
G1 X108.632 Y102.379 E.01513
G1 X108.477 Y103.253 E.03005
G1 X108.27 Y103.69 E.01637
G1 X107.998 Y104.049 E.01525
G1 X107.998 Y101.556 E.08439
;LAYER_CHANGE
;Z:20.6
;HEIGHT:0.200001
;BEFORE_LAYER_CHANGE
G92 E0.0
;20.6


;WIPE_START
G1 F8640
G1 X107.998 Y104.049 E-.57564
G1 X108.27 Y103.69 E-.104
G1 X108.477 Y103.253 E-.11165
G1 X108.484 Y103.216 E-.00871
;WIPE_END
G1 Z20.6 F720
;AFTER_LAYER_CHANGE
;20.6
G1 Z21
G1 X142.368 Y110.368 F10800
G1 Z20.6 F720
G1 E.8 F2100
M204 S800
;TYPE:Perimeter
;WIDTH:0.449999
G1 F2184
G1 X107.632 Y110.368 E1.17577
G1 X107.632 Y99.632 E.3634
G1 X142.368 Y99.632 E1.17577
G1 X142.368 Y110.308 E.36137
M204 S1000
G1 X142.775 Y110.775 F10800
M204 S800
;TYPE:External perimeter
G1 F1500
G1 X107.225 Y110.775 E1.20332
G1 X107.225 Y99.225 E.39095
G1 X142.775 Y99.225 E1.20332
G1 X142.775 Y110.715 E.38892
M73 P86 R3
M73 Q86 S3
M204 S1000
;WIPE_START
G1 F8640
G1 X142.775 Y110.775 E-.01385
G1 X139.37 Y110.775 E-.78615
;WIPE_END
G1 Z21 F720
G1 X133.92 Y110.002 F10800
G1 Z20.6 F720
G1 E.8 F2100
;TYPE:Internal infill
;WIDTH:0.45
G1 F2184
G1 X136.42 Y110.002 E.08462
G1 X136.447 Y109.805 E.00673
G1 X136.412 Y109.368 E.01484
G1 X136.239 Y108.931 E.01591
G1 X134.985 Y107.621 E.06138
G1 X134.726 Y107.184 E.01719
G1 X134.579 Y106.747 E.01561
G1 X134.519 Y106.31 E.01493
G1 X134.553 Y105.874 E.0148
G1 X134.726 Y105.437 E.01591
G1 X135.98 Y104.126 E.06141
G1 X136.239 Y103.69 E.01717
G1 X136.387 Y103.253 E.01562
G1 X136.447 Y102.816 E.01493
G1 X136.412 Y102.379 E.01484
G1 X136.239 Y101.943 E.01588
G1 X134.985 Y100.632 E.06141
G1 X134.66 Y99.998 E.02412
G1 X138.04 Y99.998 E.11441
G1 X138.047 Y100.632 E.02146
G1 X138.22 Y101.069 E.01591
G1 X139.474 Y102.379 E.06138
G1 X139.733 Y102.816 E.01719
G1 X139.881 Y103.253 E.01562
G1 X139.941 Y103.69 E.01493
G1 X139.906 Y104.126 E.01481
G1 X139.733 Y104.563 E.01591
G1 X138.479 Y105.874 E.06141
G1 X138.221 Y106.31 E.01715
G1 X138.073 Y106.747 E.01562
G1 X138.013 Y107.184 E.01493
G1 X138.047 Y107.621 E.01484
G1 X138.22 Y108.057 E.01588
G1 X139.474 Y109.368 E.06141
G1 X139.8 Y110.002 E.02413
G1 X142.002 Y110.002 E.07454
G1 X142.002 Y107.648 E.07968
G1 X141.715 Y107.184 E.01847
G1 X141.567 Y106.747 E.01562
G1 X141.507 Y106.31 E.01493
G1 X141.541 Y105.874 E.0148
G1 X141.714 Y105.437 E.01591
G1 X142.002 Y105.098 E.01506
G1 X142.002 Y100.66 E.15022
G1 X141.648 Y99.998 E.02541
G1 X139.148 Y99.998 E.08462
;WIPE_START
G1 F8640
G1 X141.648 Y99.998 E-.57726
G1 X142.002 Y100.66 E-.17334
G1 X142.002 Y100.874 E-.0494
;WIPE_END
G1 Z21 F720
G1 X133.551 Y99.998 F10800
G1 Z20.6 F720
G1 E.8 F2100
G1 F2184
G1 X131.051 Y99.998 E.08462
G1 X131.024 Y100.195 E.00673
G1 X131.059 Y100.632 E.01484
G1 X131.232 Y101.069 E.01591
G1 X132.486 Y102.379 E.06138
G1 X132.745 Y102.816 E.01719
G1 X132.892 Y103.253 E.01561
G1 X132.952 Y103.69 E.01493
G1 X132.918 Y104.126 E.0148
G1 X132.745 Y104.563 E.01591
G1 X131.491 Y105.874 E.06141
G1 X131.232 Y106.31 E.01717
G1 X131.084 Y106.747 E.01562
G1 X131.024 Y107.184 E.01493
G1 X131.059 Y107.621 E.01484
G1 X131.232 Y108.057 E.01588
G1 X132.486 Y109.368 E.06141
G1 X132.811 Y110.002 E.02412
G1 X129.431 Y110.002 E.11441
G1 X129.424 Y109.368 E.02146
G1 X129.251 Y108.931 E.01591
G1 X127.997 Y107.621 E.06138
G1 X127.738 Y107.184 E.01719
G1 X127.59 Y106.747 E.01562
G1 X127.53 Y106.31 E.01493
G1 X127.565 Y105.874 E.01481
G1 X127.738 Y105.437 E.01591
G1 X128.992 Y104.126 E.06141
G1 X129.25 Y103.69 E.01715
G1 X129.398 Y103.253 E.01562
G1 X129.458 Y102.816 E.01493
G1 X129.424 Y102.379 E.01484
G1 X129.251 Y101.943 E.01588
G1 X127.997 Y100.632 E.06141
G1 X127.671 Y99.998 E.02413
G1 X125.171 Y99.998 E.08462
;WIPE_START
G1 F8640
G1 X127.671 Y99.998 E-.57726
G1 X127.997 Y100.632 E-.16461
G1 X128.171 Y100.814 E-.05813
;WIPE_END
G1 Z21 F720
G1 X119.575 Y99.998 F10800
G1 Z20.6 F720
G1 E.8 F2100
G1 F2184
G1 X117.075 Y99.998 E.08462
G1 X117.048 Y100.195 E.00673
G1 X117.082 Y100.632 E.01484
G1 X117.255 Y101.069 E.01591
G1 X118.509 Y102.379 E.06138
G1 X118.768 Y102.816 E.01719
G1 X118.916 Y103.253 E.01562
G1 X118.976 Y103.69 E.01493
G1 X118.941 Y104.126 E.01481
G1 X118.768 Y104.563 E.01591
G1 X117.514 Y105.874 E.06141
G1 X117.255 Y106.31 E.01717
G1 X117.108 Y106.747 E.01561
G1 X117.048 Y107.184 E.01493
G1 X117.082 Y107.621 E.01484
G1 X117.255 Y108.057 E.01588
G1 X118.509 Y109.368 E.06141
G1 X118.834 Y110.002 E.02412
G1 X115.454 Y110.002 E.11441
G1 X115.447 Y109.368 E.02146
G1 X115.274 Y108.931 E.01591
G1 X114.02 Y107.621 E.06138
G1 X113.761 Y107.184 E.01719
G1 X113.613 Y106.747 E.01562
G1 X113.553 Y106.31 E.01493
G1 X113.588 Y105.874 E.01481
G1 X113.761 Y105.437 E.01591
G1 X115.015 Y104.126 E.06141
G1 X115.274 Y103.69 E.01717
G1 X115.421 Y103.253 E.01561
G1 X115.481 Y102.816 E.01493
G1 X115.447 Y102.379 E.01484
G1 X115.274 Y101.943 E.01588
G1 X114.02 Y100.632 E.06141
G1 X113.695 Y99.998 E.02412
G1 X110.086 Y99.998 E.12216
G1 X110.094 Y100.632 E.02146
G1 X110.267 Y101.069 E.01591
G1 X111.521 Y102.379 E.06138
G1 X111.779 Y102.816 E.01718
G1 X111.927 Y103.253 E.01562
G1 X111.987 Y103.69 E.01493
G1 X111.953 Y104.126 E.0148
G1 X111.78 Y104.563 E.01591
G1 X110.526 Y105.874 E.06141
G1 X110.267 Y106.31 E.01717
G1 X110.119 Y106.747 E.01562
G1 X110.059 Y107.184 E.01493
G1 X110.094 Y107.621 E.01484
G1 X110.267 Y108.057 E.01588
G1 X111.521 Y109.368 E.06141
G1 X111.846 Y110.002 E.02412
G1 X108.466 Y110.002 E.11441
G1 X108.459 Y109.368 E.02146
G1 X108.286 Y108.931 E.01591
G1 X107.998 Y108.592 E.01506
G1 X107.998 Y104.154 E.15022
G1 X108.285 Y103.69 E.01847
G1 X108.433 Y103.253 E.01562
G1 X108.493 Y102.816 E.01493
G1 X108.459 Y102.379 E.01484
G1 X108.286 Y101.943 E.01588
G1 X107.998 Y101.604 E.01506
G1 X107.998 Y99.998 E.05436
G1 X108.893 Y99.998 E.03029
;WIPE_START
G1 F8640
G1 X107.998 Y99.998 E-.20666
G1 X107.998 Y101.604 E-.37083
G1 X108.286 Y101.943 E-.10271
G1 X108.459 Y102.379 E-.10831
G1 X108.463 Y102.429 E-.01149
;WIPE_END
G1 Z21 F720
G1 X119.943 Y110.002 F10800
G1 Z20.6 F720
G1 E.8 F2100
G1 F2184
G1 X122.443 Y110.002 E.08462
G1 X122.47 Y109.805 E.00673
G1 X122.435 Y109.368 E.01484
G1 X122.262 Y108.931 E.01591
G1 X121.008 Y107.621 E.06138
G1 X120.75 Y107.184 E.01718
G1 X120.602 Y106.747 E.01562
G1 X120.542 Y106.31 E.01493
G1 X120.576 Y105.874 E.0148
G1 X120.749 Y105.437 E.01591
G1 X122.003 Y104.126 E.06141
G1 X122.262 Y103.69 E.01717
G1 X122.41 Y103.253 E.01562
G1 X122.47 Y102.816 E.01493
G1 X122.435 Y102.379 E.01484
G1 X122.262 Y101.943 E.01588
G1 X121.008 Y100.632 E.06141
G1 X120.683 Y99.998 E.02412
G1 X124.063 Y99.998 E.11441
G1 X124.07 Y100.632 E.02146
G1 X124.243 Y101.069 E.01591
G1 X125.498 Y102.379 E.06141
G1 X125.756 Y102.816 E.01718
G1 X125.904 Y103.253 E.01562
G1 X125.964 Y103.69 E.01493
G1 X125.93 Y104.126 E.0148
G1 X125.757 Y104.563 E.01591
G1 X124.502 Y105.874 E.06143
G1 X124.244 Y106.31 E.01715
G1 X124.096 Y106.747 E.01562
G1 X124.036 Y107.184 E.01493
G1 X124.07 Y107.621 E.01484
G1 X124.243 Y108.057 E.01588
G1 X125.498 Y109.368 E.06143
G1 X125.823 Y110.002 E.02412
G1 X128.323 Y110.002 E.08462
;LAYER_CHANGE
;Z:20.8
;HEIGHT:0.199999
;BEFORE_LAYER_CHANGE
G92 E0.0
;20.8


;WIPE_START
G1 F8640
G1 X125.823 Y110.002 E-.57726
G1 X125.498 Y109.368 E-.16451
G1 X125.324 Y109.186 E-.05823
;WIPE_END
G1 Z20.8 F720
;AFTER_LAYER_CHANGE
;20.8
G1 Z21.2
G1 X142.368 Y110.368 F10800
G1 Z20.8 F720
G1 E.8 F2100
M204 S800
;TYPE:Perimeter
;WIDTH:0.449999
G1 F2128
G1 X107.632 Y110.368 E1.17577
G1 X107.632 Y99.632 E.3634
G1 X142.368 Y99.632 E1.17577
G1 X142.368 Y110.308 E.36137
M204 S1000
G1 X142.775 Y110.775 F10800
M204 S800
;TYPE:External perimeter
G1 F1500
G1 X107.225 Y110.775 E1.20332
G1 X107.225 Y99.225 E.39095
M73 P87 R3
M73 Q87 S3
G1 X142.775 Y99.225 E1.20332
G1 X142.775 Y110.715 E.38892
M204 S1000
;WIPE_START
G1 F8640
G1 X142.775 Y110.775 E-.01385
G1 X139.37 Y110.775 E-.78615
;WIPE_END
G1 Z21.2 F720
G1 X139.141 Y99.998 F10800
G1 Z20.8 F720
G1 E.8 F2100
;TYPE:Internal infill
;WIDTH:0.45
G1 F2128
G1 X141.641 Y99.998 E.08462
G1 X141.877 Y100.632 E.0229
G1 X142.002 Y100.799 E.00706
G1 X142.002 Y105.341 E.15374
G1 X141.685 Y105.874 E.02099
M73 P87 R2
G1 X141.589 Y106.31 E.01511
G1 X141.591 Y106.747 E.01479
G1 X141.682 Y107.184 E.01511
G1 X142.002 Y107.787 E.02311
G1 X142.002 Y110.002 E.07498
G1 X139.807 Y110.002 E.0743
G1 X139.571 Y109.368 E.0229
M73 Q87 S2
G1 X139.244 Y108.931 E.01847
G1 X138.422 Y108.057 E.04061
G1 X138.191 Y107.621 E.0167
G1 X138.095 Y107.184 E.01514
G1 X138.097 Y106.747 E.01479
G1 X138.188 Y106.31 E.01511
G1 X138.382 Y105.874 E.01615
G1 X138.71 Y105.437 E.01849
G1 X139.531 Y104.563 E.04059
G1 X139.763 Y104.126 E.01675
G1 X139.859 Y103.69 E.01511
G1 X139.857 Y103.253 E.01479
G1 X139.766 Y102.816 E.01511
G1 X139.571 Y102.379 E.0162
G1 X139.244 Y101.943 E.01845
G1 X138.422 Y101.069 E.04061
G1 X138.191 Y100.632 E.01673
G1 X138.096 Y99.998 E.0217
G1 X134.653 Y99.998 E.11654
G1 X134.888 Y100.632 E.02289
G1 X135.216 Y101.069 E.01849
G1 X136.037 Y101.943 E.04059
G1 X136.269 Y102.379 E.01672
G1 X136.365 Y102.816 E.01514
G1 X136.362 Y103.253 E.01479
G1 X136.272 Y103.69 E.0151
G1 X136.077 Y104.126 E.01617
G1 X135.749 Y104.563 E.01849
G1 X134.928 Y105.437 E.04059
G1 X134.696 Y105.874 E.01675
G1 X134.6 Y106.31 E.01511
G1 X134.603 Y106.747 E.01479
G1 X134.693 Y107.184 E.0151
G1 X134.888 Y107.621 E.0162
G1 X135.216 Y108.057 E.01847
G1 X136.037 Y108.931 E.04059
G1 X136.269 Y109.368 E.01675
G1 X136.364 Y110.002 E.0217
G1 X132.818 Y110.002 E.12003
G1 X132.583 Y109.368 E.02289
G1 X132.255 Y108.931 E.01849
G1 X131.434 Y108.057 E.04059
G1 X131.202 Y107.621 E.01672
G1 X131.106 Y107.184 E.01514
G1 X131.109 Y106.747 E.01479
G1 X131.199 Y106.31 E.0151
G1 X131.394 Y105.874 E.01617
G1 X131.722 Y105.437 E.01849
G1 X132.543 Y104.563 E.04059
G1 X132.775 Y104.126 E.01675
G1 X132.871 Y103.69 E.01511
G1 X132.868 Y103.253 E.01479
G1 X132.778 Y102.816 E.0151
G1 X132.583 Y102.379 E.0162
G1 X132.255 Y101.943 E.01847
G1 X131.434 Y101.069 E.04059
G1 X131.202 Y100.632 E.01675
G1 X131.107 Y99.998 E.0217
G1 X127.664 Y99.998 E.11654
G1 X127.9 Y100.632 E.0229
G1 X128.227 Y101.069 E.01847
G1 X129.049 Y101.943 E.04061
G1 X129.28 Y102.379 E.0167
G1 X129.376 Y102.816 E.01514
G1 X129.374 Y103.253 E.01479
G1 X129.283 Y103.69 E.01511
G1 X129.089 Y104.126 E.01615
G1 X128.761 Y104.563 E.01849
G1 X127.94 Y105.437 E.04059
G1 X127.708 Y105.874 E.01675
G1 X127.612 Y106.31 E.01511
G1 X127.615 Y106.747 E.01479
G1 X127.705 Y107.184 E.0151
G1 X127.9 Y107.621 E.0162
G1 X128.227 Y108.057 E.01845
G1 X129.049 Y108.931 E.04061
G1 X129.28 Y109.368 E.01673
G1 X129.375 Y110.002 E.0217
G1 X126.875 Y110.002 E.08462
;WIPE_START
G1 F8640
G1 X129.375 Y110.002 E-.57726
G1 X129.28 Y109.368 E-.14803
G1 X129.129 Y109.082 E-.07471
;WIPE_END
G1 Z21.2 F720
G1 X121.342 Y110.002 F10800
G1 Z20.8 F720
G1 E.8 F2100
G1 F2128
G1 X118.842 Y110.002 E.08462
G1 X118.606 Y109.368 E.0229
G1 X118.278 Y108.931 E.01849
G1 X117.457 Y108.057 E.04059
G1 X117.225 Y107.621 E.01672
G1 X117.129 Y107.184 E.01514
G1 X117.132 Y106.747 E.01479
G1 X117.222 Y106.31 E.0151
G1 X117.417 Y105.874 E.01617
G1 X117.745 Y105.437 E.01849
G1 X118.566 Y104.563 E.04059
G1 X118.798 Y104.126 E.01675
G1 X118.894 Y103.69 E.01511
G1 X118.891 Y103.253 E.01479
G1 X118.801 Y102.816 E.0151
G1 X118.606 Y102.379 E.0162
G1 X118.278 Y101.943 E.01847
G1 X117.457 Y101.069 E.04059
G1 X117.225 Y100.632 E.01675
G1 X117.13 Y99.998 E.0217
G1 X113.687 Y99.998 E.11654
G1 X113.923 Y100.632 E.0229
G1 X114.251 Y101.069 E.01849
G1 X115.072 Y101.943 E.04059
G1 X115.304 Y102.379 E.01672
G1 X115.4 Y102.816 E.01514
G1 X115.397 Y103.253 E.01479
G1 X115.307 Y103.69 E.0151
G1 X115.112 Y104.126 E.01617
G1 X114.784 Y104.563 E.01849
G1 X113.963 Y105.437 E.04059
G1 X113.731 Y105.874 E.01675
G1 X113.635 Y106.31 E.01511
G1 X113.638 Y106.747 E.01479
G1 X113.728 Y107.184 E.0151
G1 X113.923 Y107.621 E.0162
G1 X114.251 Y108.057 E.01847
G1 X115.072 Y108.931 E.04059
G1 X115.304 Y109.368 E.01675
G1 X115.399 Y110.002 E.0217
G1 X112.899 Y110.002 E.08462
;WIPE_START
G1 F8640
G1 X115.399 Y110.002 E-.57726
G1 X115.304 Y109.368 E-.14803
G1 X115.152 Y109.082 E-.07471
;WIPE_END
G1 Z21.2 F720
G1 X107.998 Y106.335 F10800
G1 Z20.8 F720
G1 E.8 F2100
G1 F2128
G1 X107.998 Y108.835 E.08462
G1 X108.315 Y109.368 E.02099
G1 X108.41 Y110.002 E.0217
G1 X111.853 Y110.002 E.11654
G1 X111.618 Y109.368 E.02289
G1 X111.29 Y108.931 E.01849
G1 X110.469 Y108.057 E.04059
G1 X110.237 Y107.621 E.01672
G1 X110.141 Y107.184 E.01514
G1 X110.143 Y106.747 E.01479
G1 X110.234 Y106.31 E.01511
G1 X110.429 Y105.874 E.01617
G1 X110.756 Y105.437 E.01847
G1 X111.578 Y104.563 E.04061
G1 X111.809 Y104.126 E.01673
G1 X111.905 Y103.69 E.01511
G1 X111.903 Y103.253 E.01479
G1 X111.812 Y102.816 E.01511
G1 X111.618 Y102.379 E.01618
G1 X111.29 Y101.943 E.01847
G1 X110.469 Y101.069 E.04059
G1 X110.237 Y100.632 E.01675
G1 X110.142 Y99.998 E.0217
G1 X107.998 Y99.998 E.07257
G1 X107.998 Y101.847 E.06259
G1 X108.315 Y102.379 E.02096
G1 X108.411 Y102.816 E.01514
G1 X108.409 Y103.253 E.01479
G1 X108.318 Y103.69 E.01511
G1 X107.998 Y104.293 E.02311
G1 X107.998 Y106.335 E.06912
;WIPE_START
G1 F8640
G1 X107.998 Y104.293 E-.4715
G1 X108.318 Y103.69 E-.15763
G1 X108.409 Y103.253 E-.10307
G1 X108.411 Y102.959 E-.0678
;WIPE_END
G1 Z21.2 F720
G1 X118.176 Y99.998 F10800
G1 Z20.8 F720
G1 E.8 F2100
G1 F2128
G1 X120.676 Y99.998 E.08462
G1 X120.911 Y100.632 E.02289
G1 X121.239 Y101.069 E.01849
G1 X122.06 Y101.943 E.04059
G1 X122.292 Y102.379 E.01672
G1 X122.388 Y102.816 E.01514
G1 X122.386 Y103.253 E.01479
G1 X122.295 Y103.69 E.01511
G1 X122.1 Y104.126 E.01617
G1 X121.773 Y104.563 E.01847
G1 X120.951 Y105.437 E.04061
G1 X120.72 Y105.874 E.01673
G1 X120.624 Y106.31 E.01511
G1 X120.626 Y106.747 E.01479
G1 X120.717 Y107.184 E.01511
G1 X120.911 Y107.621 E.01618
G1 X121.239 Y108.057 E.01847
G1 X122.06 Y108.931 E.04059
G1 X122.292 Y109.368 E.01675
G1 X122.387 Y110.002 E.0217
G1 X125.83 Y110.002 E.11654
G1 X125.595 Y109.368 E.02289
G1 X125.267 Y108.931 E.01849
G1 X124.446 Y108.057 E.04059
G1 X124.214 Y107.621 E.01672
G1 X124.118 Y107.184 E.01514
G1 X124.12 Y106.747 E.01479
G1 X124.211 Y106.31 E.01511
G1 X124.405 Y105.874 E.01615
G1 X124.733 Y105.437 E.01849
G1 X125.554 Y104.563 E.04059
G1 X125.786 Y104.126 E.01675
G1 X125.882 Y103.69 E.01511
G1 X125.88 Y103.253 E.01479
G1 X125.789 Y102.816 E.01511
G1 X125.595 Y102.379 E.01618
G1 X125.267 Y101.943 E.01847
G1 X124.446 Y101.069 E.04059
G1 X124.214 Y100.632 E.01675
G1 X124.119 Y99.998 E.0217
G1 X126.619 Y99.998 E.08462
;LAYER_CHANGE
;Z:21
;HEIGHT:0.200001
;BEFORE_LAYER_CHANGE
G92 E0.0
;21


;WIPE_START
G1 F8640
G1 X124.119 Y99.998 E-.57726
G1 X124.214 Y100.632 E-.14803
G1 X124.365 Y100.918 E-.07471
;WIPE_END
G1 Z21 F720
;AFTER_LAYER_CHANGE
;21
G1 Z21.4
G1 X142.368 Y110.368 F10800
G1 Z21 F720
G1 E.8 F2100
M204 S800
;TYPE:Perimeter
;WIDTH:0.449999
G1 F2601
G1 X107.632 Y110.368 E1.17577
G1 X107.632 Y99.632 E.3634
G1 X142.368 Y99.632 E1.17577
G1 X142.368 Y110.308 E.36137
M204 S1000
G1 X142.775 Y110.775 F10800
M204 S800
;TYPE:External perimeter
G1 F1500
G1 X107.225 Y110.775 E1.20332
G1 X107.225 Y99.225 E.39095
M73 P88 R2
M73 Q88 S2
G1 X142.775 Y99.225 E1.20332
G1 X142.775 Y110.715 E.38892
M204 S1000
;WIPE_START
G1 F8640
G1 X142.775 Y110.775 E-.01385
G1 X139.37 Y110.775 E-.78615
;WIPE_END
G1 Z21.4 F720
G1 X140.731 Y100.406 F10800
G1 Z21 F720
G1 E.8 F2100
;TYPE:Internal infill
;WIDTH:0.45
G1 F2601
G1 X138.231 Y100.406 E.08462
G1 X138.312 Y100.632 E.00813
G1 X138.6 Y101.069 E.01772
G1 X139.414 Y101.943 E.04043
G1 X139.682 Y102.379 E.01732
G1 X139.816 Y102.816 E.01547
G1 X139.851 Y103.253 E.01484
G1 X139.797 Y103.69 E.0149
G1 X139.642 Y104.126 E.01566
G1 X139.353 Y104.563 E.01773
G1 X138.54 Y105.437 E.0404
G1 X138.272 Y105.874 E.01735
G1 X138.137 Y106.31 E.01545
G1 X138.103 Y106.747 E.01484
G1 X138.157 Y107.184 E.0149
G1 X138.312 Y107.621 E.01569
G1 X138.6 Y108.057 E.01769
G1 X139.414 Y108.931 E.04043
G1 X139.682 Y109.368 E.01735
G1 X139.752 Y109.594 E.00801
G1 X136.228 Y109.594 E.11928
G1 X136.147 Y109.368 E.00813
G1 X135.859 Y108.931 E.01772
G1 X135.046 Y108.057 E.0404
G1 X134.778 Y107.621 E.01732
G1 X134.643 Y107.184 E.01548
G1 X134.609 Y106.747 E.01484
G1 X134.663 Y106.31 E.0149
G1 X134.818 Y105.874 E.01566
G1 X135.106 Y105.437 E.01772
G1 X135.919 Y104.563 E.0404
G1 X136.188 Y104.126 E.01737
G1 X136.322 Y103.69 E.01544
G1 X136.356 Y103.253 E.01484
G1 X136.303 Y102.816 E.0149
G1 X136.147 Y102.379 E.01571
G1 X135.859 Y101.943 E.01769
G1 X135.046 Y101.069 E.0404
G1 X134.778 Y100.632 E.01735
G1 X134.708 Y100.406 E.00801
G1 X131.243 Y100.406 E.11729
G1 X131.324 Y100.632 E.00813
G1 X131.612 Y101.069 E.01772
G1 X132.425 Y101.943 E.0404
G1 X132.693 Y102.379 E.01732
G1 X132.828 Y102.816 E.01548
G1 X132.862 Y103.253 E.01484
G1 X132.808 Y103.69 E.0149
G1 X132.653 Y104.126 E.01566
G1 X132.365 Y104.563 E.01772
G1 X131.552 Y105.437 E.0404
G1 X131.284 Y105.874 E.01735
G1 X131.149 Y106.31 E.01545
G1 X131.115 Y106.747 E.01484
G1 X131.168 Y107.184 E.0149
G1 X131.324 Y107.621 E.01571
G1 X131.612 Y108.057 E.01769
G1 X132.425 Y108.931 E.0404
G1 X132.693 Y109.368 E.01735
G1 X132.763 Y109.594 E.00801
G1 X129.24 Y109.594 E.11925
G1 X129.159 Y109.368 E.00813
G1 X128.871 Y108.931 E.01772
G1 X128.057 Y108.057 E.04043
G1 X127.789 Y107.621 E.01732
G1 X127.655 Y107.184 E.01547
G1 X127.62 Y106.747 E.01484
G1 X127.674 Y106.31 E.0149
G1 X127.829 Y105.874 E.01566
G1 X128.118 Y105.437 E.01773
G1 X128.931 Y104.563 E.0404
G1 X129.199 Y104.126 E.01735
G1 X129.334 Y103.69 E.01545
G1 X129.368 Y103.253 E.01484
G1 X129.314 Y102.816 E.0149
G1 X129.159 Y102.379 E.01569
G1 X128.871 Y101.943 E.01769
G1 X128.057 Y101.069 E.04043
G1 X127.789 Y100.632 E.01735
G1 X127.719 Y100.406 E.00801
G1 X124.255 Y100.406 E.11725
G1 X124.335 Y100.632 E.00811
G1 X124.623 Y101.069 E.01772
G1 X125.437 Y101.943 E.04043
G1 X125.705 Y102.379 E.01732
G1 X125.84 Y102.816 E.01548
G1 X125.874 Y103.253 E.01484
G1 X125.82 Y103.69 E.0149
G1 X125.665 Y104.126 E.01566
G1 X125.377 Y104.563 E.01772
G1 X124.563 Y105.437 E.04043
G1 X124.295 Y105.874 E.01735
G1 X124.16 Y106.31 E.01545
G1 X124.126 Y106.747 E.01484
G1 X124.18 Y107.184 E.0149
G1 X124.335 Y107.621 E.01569
G1 X124.623 Y108.057 E.01769
G1 X125.437 Y108.931 E.04043
G1 X125.705 Y109.368 E.01735
G1 X125.775 Y109.594 E.00801
G1 X123.275 Y109.594 E.08462
;WIPE_START
G1 F8640
G1 X125.775 Y109.594 E-.57726
G1 X125.705 Y109.368 E-.05463
G1 X125.437 Y108.931 E-.11837
G1 X125.29 Y108.773 E-.04974
;WIPE_END
G1 Z21.4 F720
G1 X117.763 Y109.594 F10800
G1 Z21 F720
G1 E.8 F2100
G1 F2601
G1 X115.263 Y109.594 E.08462
G1 X115.182 Y109.368 E.00813
G1 X114.894 Y108.931 E.01772
G1 X114.081 Y108.057 E.0404
G1 X113.812 Y107.621 E.01734
G1 X113.678 Y107.184 E.01547
G1 X113.644 Y106.747 E.01484
G1 X113.697 Y106.31 E.0149
G1 X113.853 Y105.874 E.01567
G1 X114.141 Y105.437 E.01772
G1 X114.954 Y104.563 E.0404
G1 X115.222 Y104.126 E.01735
G1 X115.357 Y103.69 E.01545
G1 X115.391 Y103.253 E.01484
G1 X115.337 Y102.816 E.0149
G1 X115.182 Y102.379 E.01569
G1 X114.894 Y101.943 E.01769
G1 X114.081 Y101.069 E.0404
G1 X113.812 Y100.632 E.01737
G1 X113.743 Y100.406 E.008
G1 X110.278 Y100.406 E.11729
G1 X110.358 Y100.632 E.00811
G1 X110.647 Y101.069 E.01773
G1 X111.46 Y101.943 E.0404
G1 X111.728 Y102.379 E.01732
G1 X111.863 Y102.816 E.01548
G1 X111.897 Y103.253 E.01484
G1 X111.843 Y103.69 E.0149
G1 X111.688 Y104.126 E.01566
G1 X111.4 Y104.563 E.01772
G1 X110.586 Y105.437 E.04043
G1 X110.318 Y105.874 E.01735
G1 X110.184 Y106.31 E.01544
G1 X110.149 Y106.747 E.01484
G1 X110.203 Y107.184 E.0149
G1 X110.358 Y107.621 E.01569
G1 X110.647 Y108.057 E.01771
G1 X111.46 Y108.931 E.0404
G1 X111.728 Y109.368 E.01735
G1 X111.798 Y109.594 E.00801
G1 X109.298 Y109.594 E.08462
;WIPE_START
G1 F8640
G1 X111.798 Y109.594 E-.57726
G1 X111.728 Y109.368 E-.05463
G1 X111.46 Y108.931 E-.11837
G1 X111.313 Y108.773 E-.04974
;WIPE_END
G1 Z21.4 F720
G1 X107.998 Y100.202 F10800
G1 Z21 F720
G1 E.8 F2100
;TYPE:Solid infill
;WIDTH:0.48493
G1 F2601
G1 X108.016 Y100.118 E.00316
;WIDTH:0.519852
G1 X108.033 Y100.033 E.00344
G1 X108.118 Y100.016 E.00344
;WIDTH:0.48493
G1 X108.202 Y99.998 E.00316
;WIDTH:0.450008
G1 X141.798 Y99.998 E1.13721
;WIDTH:0.484931
G1 X141.882 Y100.016 E.00316
;WIDTH:0.519854
G1 X141.967 Y100.033 E.00344
G1 X141.983 Y100.1 E.00273
;WIDTH:0.486474
G1 X142 Y100.167 E.00255
;WIDTH:0.453094
G1 X142.002 Y100.202 E.0012
;WIDTH:0.450008
G1 X142.002 Y109.798 E.32482
;WIDTH:0.484931
G1 X141.984 Y109.882 E.00316
;WIDTH:0.519854
G1 X141.967 Y109.967 E.00344
G1 X141.882 Y109.984 E.00344
;WIDTH:0.484931
G1 X141.798 Y110.002 E.00316
;WIDTH:0.450008
G1 X108.202 Y110.002 E1.13721
;WIDTH:0.484931
G1 X108.118 Y109.984 E.00316
;WIDTH:0.519854
G1 X108.033 Y109.967 E.00344
G1 X108.016 Y109.882 E.00344
;WIDTH:0.484931
G1 X107.998 Y109.798 E.00316
;WIDTH:0.450008
G1 X107.998 Y100.406 E.31791
;WIPE_START
G1 F8640
G1 X107.998 Y103.871 E-.8
;WIPE_END
G1 Z21.4 F720
G1 X114.766 Y100.406 F10800
G1 Z21 F720
G1 E.8 F2100
;TYPE:Internal infill
;WIDTH:0.45
G1 F2601
G1 X117.266 Y100.406 E.08462
G1 X117.347 Y100.632 E.00813
G1 X117.635 Y101.069 E.01772
G1 X118.448 Y101.943 E.0404
G1 X118.717 Y102.379 E.01734
G1 X118.851 Y102.816 E.01547
G1 X118.885 Y103.253 E.01484
G1 X118.832 Y103.69 E.0149
G1 X118.676 Y104.126 E.01567
G1 X118.388 Y104.563 E.01772
G1 X117.575 Y105.437 E.0404
G1 X117.307 Y105.874 E.01735
G1 X117.172 Y106.31 E.01545
G1 X117.138 Y106.747 E.01484
G1 X117.192 Y107.184 E.0149
G1 X117.347 Y107.621 E.01569
G1 X117.635 Y108.057 E.01769
G1 X118.448 Y108.931 E.0404
G1 X118.717 Y109.368 E.01737
G1 X118.786 Y109.594 E.008
G1 X122.251 Y109.594 E.11729
G1 X122.171 Y109.368 E.00811
G1 X121.882 Y108.931 E.01773
G1 X121.069 Y108.057 E.0404
G1 X120.801 Y107.621 E.01732
G1 X120.666 Y107.184 E.01548
G1 X120.632 Y106.747 E.01484
G1 X120.686 Y106.31 E.0149
G1 X120.841 Y105.874 E.01566
G1 X121.129 Y105.437 E.01772
G1 X121.943 Y104.563 E.04043
G1 X122.211 Y104.126 E.01735
G1 X122.345 Y103.69 E.01544
G1 X122.38 Y103.253 E.01484
G1 X122.326 Y102.816 E.0149
G1 X122.171 Y102.379 E.01569
G1 X121.882 Y101.943 E.01771
G1 X121.069 Y101.069 E.0404
G1 X120.801 Y100.632 E.01735
G1 X120.731 Y100.406 E.00801
G1 X123.231 Y100.406 E.08462
;LAYER_CHANGE
;Z:21.2
;HEIGHT:0.200001
;BEFORE_LAYER_CHANGE
G92 E0.0
;21.2


;WIPE_START
G1 F8640
G1 X120.731 Y100.406 E-.57726
G1 X120.801 Y100.632 E-.05463
G1 X121.069 Y101.069 E-.11837
G1 X121.216 Y101.227 E-.04974
;WIPE_END
G1 Z21.2 F720
;AFTER_LAYER_CHANGE
;21.2
G1 Z21.6
G1 X142.368 Y110.368 F10800
G1 Z21.2 F720
G1 E.8 F2100
M204 S800
;TYPE:Perimeter
;WIDTH:0.449999
G1 F2700
G1 X107.632 Y110.368 E1.17577
G1 X107.632 Y99.632 E.3634
G1 X142.368 Y99.632 E1.17577
G1 X142.368 Y110.308 E.36137
M204 S1000
G1 X142.775 Y110.775 F10800
M204 S800
;TYPE:External perimeter
G1 F1500
G1 X107.225 Y110.775 E1.20332
G1 X107.225 Y99.225 E.39095
M73 P89 R2
M73 Q89 S2
G1 X142.775 Y99.225 E1.20332
G1 X142.775 Y110.715 E.38892
M204 S1000
;WIPE_START
G1 F8640
G1 X142.775 Y110.775 E-.01385
G1 X139.37 Y110.775 E-.78615
;WIPE_END
G1 Z21.6 F720
G1 X142.183 Y109.504 F10800
G1 Z21.2 F720
G1 E.8 F2100
;TYPE:Bridge infill
;WIDTH:0.398639
;HEIGHT:0.389872
G1 F1500
G1 X140.719 Y109.985 E.07996
G1 X139.283 Y109.985 E.07451
G1 X141.985 Y109.097 E.14758
G1 X141.985 Y108.624 E.02454
G1 X137.847 Y109.985 E.22604
G1 X136.41 Y109.985 E.07457
G1 X141.985 Y108.152 E.30452
G1 X141.985 Y107.68 E.02449
G1 X134.974 Y109.985 E.38296
G1 X133.538 Y109.985 E.07451
G1 X141.985 Y107.208 E.46139
G1 X141.985 Y106.735 E.02454
G1 X132.101 Y109.985 E.5399
G1 X130.665 Y109.985 E.07451
G1 X141.985 Y106.263 E.61833
G1 X141.985 Y105.791 E.02449
G1 X129.229 Y109.985 E.69677
G1 X127.792 Y109.985 E.07457
G1 X141.985 Y105.319 E.77525
G1 X141.985 Y104.846 E.02454
G1 X126.356 Y109.985 E.8537
G1 X124.92 Y109.985 E.07451
G1 X141.985 Y104.374 E.93214
G1 X141.985 Y103.902 E.02449
G1 X123.483 Y109.985 E1.01063
G1 X122.047 Y109.985 E.07451
G1 X141.985 Y103.429 E1.08908
G1 X141.985 Y102.957 E.02449
G1 X120.611 Y109.985 E1.16751
G1 X119.174 Y109.985 E.07457
G1 X141.985 Y102.485 E1.246
G1 X141.985 Y102.013 E.02449
G1 X117.738 Y109.985 E1.32443
G1 X116.302 Y109.985 E.07451
G1 X141.985 Y101.54 E1.40289
G1 X141.985 Y101.068 E.02449
M73 P90 R2
M73 Q90 S2
G1 X114.865 Y109.985 E1.48137
G1 X113.429 Y109.985 E.07451
G1 X141.985 Y100.596 E1.55981
G1 X141.985 Y100.124 E.02449
G1 X111.993 Y109.985 E1.63824
G1 X110.557 Y109.985 E.07451
G1 X140.88 Y100.015 E1.65633
G1 X139.443 Y100.015 E.07457
G1 X109.12 Y109.985 E1.65633
G1 X108.015 Y109.985 E.05734
G1 X108.015 Y109.876 E.00566
G1 X138.007 Y100.015 E1.63824
G1 X136.571 Y100.015 E.07451
G1 X108.015 Y109.404 E1.55981
G1 X108.015 Y108.932 E.02449
G1 X135.134 Y100.015 E1.48132
G1 X133.698 Y100.015 E.07451
G1 X108.015 Y108.46 E1.40289
G1 X108.015 Y107.987 E.02454
G1 X132.262 Y100.015 E1.32443
G1 X130.825 Y100.015 E.07457
G1 X108.015 Y107.515 E1.24595
G1 X108.015 Y107.043 E.02449
G1 X129.389 Y100.015 E1.16751
G1 X127.953 Y100.015 E.07451
M73 P91 R2
M73 Q91 S2
G1 X108.015 Y106.57 E1.08906
G1 X108.015 Y106.098 E.02449
G1 X126.516 Y100.015 E1.01058
G1 X125.08 Y100.015 E.07451
G1 X108.015 Y105.626 E.93214
G1 X108.015 Y105.154 E.02449
G1 X123.644 Y100.015 E.8537
G1 X122.207 Y100.015 E.07457
G1 X108.015 Y104.681 E.7752
G1 X108.015 Y104.209 E.02449
G1 X120.771 Y100.015 E.69677
G1 X119.335 Y100.015 E.07451
G1 X108.015 Y103.737 E.61833
G1 X108.015 Y103.265 E.02449
G1 X117.898 Y100.015 E.53985
G1 X116.462 Y100.015 E.07451
G1 X108.015 Y102.792 E.46139
G1 X108.015 Y102.32 E.02449
G1 X115.026 Y100.015 E.38296
G1 X113.589 Y100.015 E.07457
M73 P91 R1
G1 X108.015 Y101.848 E.30447
G1 X108.015 Y101.376 E.02449
M73 Q91 S1
G1 X112.153 Y100.015 E.22604
G1 X110.717 Y100.015 E.07451
G1 X108.015 Y100.903 E.14758
G1 X108.015 Y100.431 E.02449
G1 X109.882 Y99.817 E.10198
;LAYER_CHANGE
;Z:21.4
;HEIGHT:0.199999
;BEFORE_LAYER_CHANGE
G92 E0.0
;21.4


;WIPE_START
G1 F8640
G1 X108.015 Y100.431 E-.45381
G1 X108.015 Y100.903 E-.10899
G1 X108.991 Y100.582 E-.2372
;WIPE_END
G1 Z21.4 F720
;AFTER_LAYER_CHANGE
;21.4
G1 Z21.8
G1 X142.368 Y110.368 F10800
G1 Z21.4 F720
G1 E.8 F2100
M204 S800
;TYPE:Perimeter
;WIDTH:0.449999
G1 F2700
G1 X107.632 Y110.368 E1.17577
G1 X107.632 Y99.632 E.3634
G1 X142.368 Y99.632 E1.17577
G1 X142.368 Y110.308 E.36137
M204 S1000
G1 X142.775 Y110.775 F10800
M204 S800
;TYPE:External perimeter
G1 F1500
G1 X107.225 Y110.775 E1.20332
G1 X107.225 Y99.225 E.39095
G1 X142.775 Y99.225 E1.20332
G1 X142.775 Y110.715 E.38892
M73 P92 R1
M73 Q92 S1
M204 S1000
;WIPE_START
G1 F8640
G1 X142.775 Y110.775 E-.01385
G1 X139.37 Y110.775 E-.78615
;WIPE_END
G1 Z21.8 F720
G1 X108.031 Y109.891 F10800
G1 Z21.4 F720
G1 E.8 F2100
;TYPE:Solid infill
;WIDTH:0.548766
G1 F4800
G1 X107.987 Y109.936 E.00265
G1 X108.003 Y109.997 E.00265
G1 X108.064 Y110.013 E.00265
G1 X108.109 Y109.969 E.00265
G1 X108.093 Y109.907 E.00269
;WIDTH:0.449999
G1 X107.998 Y109.257 E.02224
G1 X108.815 Y110.068 E.03897
;WIDTH:0.41646
G1 X108.888 Y110.134 E.00306
;WIDTH:0.38292
G1 X108.869 Y110.205 E.00208
G1 X108.94 Y110.186 E.00208
G1 X108.929 Y110.145 E.0012
;WIDTH:0.449999
G1 X109.318 Y110.002 E.01403
G1 X107.998 Y108.682 E.06319
G1 X107.998 Y108.106 E.0195
G1 X109.894 Y110.002 E.09076
G1 X110.47 Y110.002 E.0195
G1 X107.998 Y107.53 E.11833
G1 X107.998 Y106.954 E.0195
G1 X111.046 Y110.002 E.14591
G1 X111.621 Y110.002 E.01946
G1 X107.998 Y106.379 E.17343
G1 X107.998 Y105.803 E.0195
G1 X112.197 Y110.002 E.201
G1 X112.773 Y110.002 E.0195
G1 X107.998 Y105.227 E.22858
G1 X107.998 Y104.652 E.01946
G1 X113.348 Y110.002 E.2561
G1 X113.924 Y110.002 E.0195
G1 X107.998 Y104.076 E.28367
G1 X107.998 Y103.5 E.0195
G1 X114.5 Y110.002 E.31125
G1 X115.075 Y110.002 E.01946
G1 X107.998 Y102.925 E.33877
G1 X107.998 Y102.349 E.0195
G1 X115.651 Y110.002 E.36634
G1 X116.227 Y110.002 E.0195
G1 X107.998 Y101.773 E.39392
G1 X107.998 Y101.197 E.0195
G1 X116.803 Y110.002 E.42149
G1 X117.378 Y110.002 E.01946
G1 X107.998 Y100.622 E.44901
G1 X107.998 Y100.046 E.0195
G1 X117.954 Y110.002 E.47659
G1 X118.53 Y110.002 E.0195
G1 X108.527 Y99.998 E.47886
G1 X109.102 Y99.998 E.01946
G1 X119.105 Y110.002 E.47886
G1 X119.681 Y110.002 E.0195
G1 X109.678 Y99.998 E.47886
G1 X110.254 Y99.998 E.0195
G1 X120.257 Y110.002 E.47886
G1 X120.832 Y110.002 E.01946
G1 X110.829 Y99.998 E.47886
G1 X111.405 Y99.998 E.0195
G1 X121.408 Y110.002 E.47886
G1 X121.984 Y110.002 E.0195
G1 X111.981 Y99.998 E.47886
G1 X112.556 Y99.998 E.01946
G1 X122.559 Y110.002 E.47886
G1 X123.135 Y110.002 E.0195
G1 X113.132 Y99.998 E.47886
G1 X113.708 Y99.998 E.0195
G1 X123.711 Y110.002 E.47886
G1 X124.287 Y110.002 E.0195
G1 X114.283 Y99.998 E.47889
G1 X114.859 Y99.998 E.0195
G1 X124.862 Y110.002 E.47886
G1 X125.438 Y110.002 E.0195
G1 X115.435 Y99.998 E.47886
G1 X116.011 Y99.998 E.0195
G1 X126.014 Y110.002 E.47886
G1 X126.589 Y110.002 E.01946
G1 X116.586 Y99.998 E.47886
G1 X117.162 Y99.998 E.0195
G1 X127.165 Y110.002 E.47886
G1 X127.741 Y110.002 E.0195
G1 X117.738 Y99.998 E.47886
G1 X118.313 Y99.998 E.01946
G1 X128.316 Y110.002 E.47886
G1 X128.892 Y110.002 E.0195
G1 X118.889 Y99.998 E.47886
G1 X119.465 Y99.998 E.0195
G1 X129.468 Y110.002 E.47886
G1 X130.044 Y110.002 E.0195
G1 X120.04 Y99.998 E.47889
G1 X120.616 Y99.998 E.0195
G1 X130.619 Y110.002 E.47886
G1 X131.195 Y110.002 E.0195
G1 X121.192 Y99.998 E.47886
G1 X121.768 Y99.998 E.0195
G1 X131.771 Y110.002 E.47886
G1 X132.346 Y110.002 E.01946
G1 X122.343 Y99.998 E.47886
G1 X122.919 Y99.998 E.0195
G1 X132.922 Y110.002 E.47886
G1 X133.498 Y110.002 E.0195
G1 X123.495 Y99.998 E.47886
G1 X124.07 Y99.998 E.01946
G1 X134.073 Y110.002 E.47886
G1 X134.649 Y110.002 E.0195
G1 X124.646 Y99.998 E.47886
G1 X125.222 Y99.998 E.0195
G1 X135.225 Y110.002 E.47886
G1 X135.801 Y110.002 E.0195
G1 X125.797 Y99.998 E.47889
G1 X126.373 Y99.998 E.0195
G1 X136.376 Y110.002 E.47886
G1 X136.952 Y110.002 E.0195
G1 X126.949 Y99.998 E.47886
G1 X127.524 Y99.998 E.01946
G1 X137.528 Y110.002 E.47889
G1 X138.103 Y110.002 E.01946
G1 X128.1 Y99.998 E.47886
G1 X128.676 Y99.998 E.0195
M73 Q93 S1
G1 X138.679 Y110.002 E.47886
G1 X139.255 Y110.002 E.0195
M73 P93 R1
G1 X129.252 Y99.998 E.47886
G1 X129.827 Y99.998 E.01946
G1 X139.83 Y110.002 E.47886
G1 X140.406 Y110.002 E.0195
G1 X130.403 Y99.998 E.47886
G1 X130.979 Y99.998 E.0195
G1 X140.982 Y110.002 E.47886
G1 X141.557 Y110.002 E.01946
G1 X131.554 Y99.998 E.47886
G1 X132.13 Y99.998 E.0195
G1 X142.002 Y109.87 E.47257
G1 X142.053 Y109.972 E.00386
;WIDTH:0.41646
G1 X142.105 Y110.075 E.00358
;WIDTH:0.38292
G1 X142.086 Y110.146 E.00208
G1 X142.157 Y110.127 E.00208
G1 X142.146 Y110.086 E.0012
;WIDTH:0.449999
G1 X142.002 Y109.294 E.02725
G1 X132.706 Y99.998 E.44499
G1 X133.281 Y99.998 E.01946
G1 X142.002 Y108.719 E.41747
G1 X142.002 Y108.143 E.0195
G1 X133.857 Y99.998 E.3899
G1 X134.433 Y99.998 E.0195
G1 X142.002 Y107.567 E.36232
G1 X142.002 Y106.991 E.0195
G1 X135.009 Y99.998 E.33475
G1 X135.584 Y99.998 E.01946
G1 X142.002 Y106.416 E.30723
G1 X142.002 Y105.84 E.0195
G1 X136.16 Y99.998 E.27965
G1 X136.736 Y99.998 E.0195
G1 X142.002 Y105.264 E.25208
G1 X142.002 Y104.689 E.01946
G1 X137.311 Y99.998 E.22456
G1 X137.887 Y99.998 E.0195
G1 X142.002 Y104.113 E.19698
G1 X142.002 Y103.537 E.0195
G1 X138.463 Y99.998 E.16941
G1 X139.038 Y99.998 E.01946
G1 X142.002 Y102.962 E.14188
G1 X142.002 Y102.386 E.0195
G1 X139.614 Y99.998 E.11431
G1 X140.19 Y99.998 E.0195
G1 X142.002 Y101.81 E.08674
G1 X142.083 Y101.868 E.00337
;WIDTH:0.41646
G1 X142.164 Y101.925 E.00308
;WIDTH:0.38292
G1 X142.145 Y101.997 E.00211
G1 X142.216 Y101.977 E.00209
G1 X142.205 Y101.936 E.0012
;WIPE_START
G1 F8640
G1 X142.216 Y101.977 E-.0098
G1 X142.145 Y101.997 E-.01703
G1 X142.164 Y101.925 E-.01719
G1 X142.083 Y101.868 E-.02287
G1 X142.002 Y101.81 E-.023
G1 X140.19 Y99.998 E-.5917
G1 X139.677 Y99.998 E-.11841
;WIPE_END
G1 Z21.8 F720
G1 X140.909 Y100.142 F10800
G1 Z21.4 F720
G1 E.8 F2100
;WIDTH:0.449999
G1 F4800
G1 X142.002 Y101.234 E.0523
G1 X142.002 Y99.998 E.04184
G1 X140.766 Y99.998 E.04184
;LAYER_CHANGE
;Z:21.6
;HEIGHT:0.200001
;BEFORE_LAYER_CHANGE
G92 E0.0
;21.6


;WIPE_START
G1 F8640
G1 X142.002 Y99.998 E-.2854
G1 X142.002 Y101.234 E-.2854
G1 X141.3 Y100.533 E-.2292
;WIPE_END
G1 Z21.6 F720
;AFTER_LAYER_CHANGE
;21.6
G1 Z22
G1 X142.368 Y110.368 F10800
G1 Z21.6 F720
G1 E.8 F2100
M204 S800
;TYPE:Perimeter
G1 F2700
G1 X107.632 Y110.368 E1.17577
G1 X107.632 Y99.632 E.3634
G1 X142.368 Y99.632 E1.17577
G1 X142.368 Y110.308 E.36137
M204 S1000
G1 X142.775 Y110.775 F10800
M204 S800
;TYPE:External perimeter
G1 F1500
G1 X107.225 Y110.775 E1.20332
G1 X107.225 Y99.225 E.39095
G1 X142.775 Y99.225 E1.20332
G1 X142.775 Y110.715 E.38892
M204 S1000
;WIPE_START
G1 F8640
G1 X142.775 Y110.775 E-.01385
G1 X139.37 Y110.775 E-.78615
;WIPE_END
G1 Z22 F720
G1 X108.109 Y100.031 F10800
G1 Z21.6 F720
G1 E.8 F2100
;TYPE:Solid infill
;WIDTH:0.548766
G1 F4800
G1 X108.064 Y99.987 E.00265
G1 X108.003 Y100.003 E.00265
G1 X107.987 Y100.064 E.00265
G1 X108.031 Y100.109 E.00265
G1 X108.093 Y100.093 E.00269
;WIDTH:0.449999
G1 X108.743 Y99.998 E.02224
G1 X107.932 Y100.815 E.03897
;WIDTH:0.41646
G1 X107.866 Y100.888 E.00306
;WIDTH:0.38292
G1 X107.795 Y100.869 E.00208
G1 X107.814 Y100.94 E.00208
G1 X107.855 Y100.929 E.0012
;WIDTH:0.449999
G1 X107.998 Y101.318 E.01403
G1 X109.318 Y99.998 E.06319
G1 X109.894 Y99.998 E.0195
G1 X107.998 Y101.894 E.09076
G1 X107.998 Y102.47 E.0195
G1 X110.47 Y99.998 E.11833
G1 X111.046 Y99.998 E.0195
G1 X107.998 Y103.046 E.14591
G1 X107.998 Y103.621 E.01946
G1 X111.621 Y99.998 E.17343
G1 X112.197 Y99.998 E.0195
G1 X107.998 Y104.197 E.201
G1 X107.998 Y104.773 E.0195
G1 X112.773 Y99.998 E.22858
G1 X113.348 Y99.998 E.01946
G1 X107.998 Y105.348 E.2561
G1 X107.998 Y105.924 E.0195
G1 X113.924 Y99.998 E.28367
G1 X114.5 Y99.998 E.0195
G1 X107.998 Y106.5 E.31125
G1 X107.998 Y107.075 E.01946
M73 Q94 S1
G1 X115.075 Y99.998 E.33877
M73 P94 R1
G1 X115.651 Y99.998 E.0195
G1 X107.998 Y107.651 E.36634
G1 X107.998 Y108.227 E.0195
G1 X116.227 Y99.998 E.39392
G1 X116.803 Y99.998 E.0195
G1 X107.998 Y108.803 E.42149
G1 X107.998 Y109.378 E.01946
G1 X117.378 Y99.998 E.44901
G1 X117.954 Y99.998 E.0195
G1 X107.998 Y109.954 E.47659
G1 X108.527 Y110.002 E.01798
G1 X118.53 Y99.998 E.47886
G1 X119.105 Y99.998 E.01946
G1 X109.102 Y110.002 E.47886
G1 X109.678 Y110.002 E.0195
G1 X119.681 Y99.998 E.47886
G1 X120.257 Y99.998 E.0195
G1 X110.254 Y110.002 E.47886
G1 X110.829 Y110.002 E.01946
G1 X120.832 Y99.998 E.47886
G1 X121.408 Y99.998 E.0195
G1 X111.405 Y110.002 E.47886
G1 X111.981 Y110.002 E.0195
G1 X121.984 Y99.998 E.47886
G1 X122.559 Y99.998 E.01946
G1 X112.556 Y110.002 E.47886
G1 X113.132 Y110.002 E.0195
G1 X123.135 Y99.998 E.47886
G1 X123.711 Y99.998 E.0195
G1 X113.708 Y110.002 E.47886
G1 X114.283 Y110.002 E.01946
G1 X124.287 Y99.998 E.47889
G1 X124.862 Y99.998 E.01946
G1 X114.859 Y110.002 E.47886
G1 X115.435 Y110.002 E.0195
G1 X125.438 Y99.998 E.47886
G1 X126.014 Y99.998 E.0195
G1 X116.011 Y110.002 E.47886
G1 X116.586 Y110.002 E.01946
G1 X126.589 Y99.998 E.47886
G1 X127.165 Y99.998 E.0195
G1 X117.162 Y110.002 E.47886
G1 X117.738 Y110.002 E.0195
G1 X127.741 Y99.998 E.47886
G1 X128.316 Y99.998 E.01946
G1 X118.313 Y110.002 E.47886
G1 X118.889 Y110.002 E.0195
G1 X128.892 Y99.998 E.47886
G1 X129.468 Y99.998 E.0195
G1 X119.465 Y110.002 E.47886
G1 X120.04 Y110.002 E.01946
G1 X130.044 Y99.998 E.47889
G1 X130.619 Y99.998 E.01946
G1 X120.616 Y110.002 E.47886
G1 X121.192 Y110.002 E.0195
G1 X131.195 Y99.998 E.47886
G1 X131.771 Y99.998 E.0195
G1 X121.768 Y110.002 E.47886
G1 X122.343 Y110.002 E.01946
G1 X132.346 Y99.998 E.47886
G1 X132.922 Y99.998 E.0195
G1 X122.919 Y110.002 E.47886
G1 X123.495 Y110.002 E.0195
G1 X133.498 Y99.998 E.47886
G1 X134.073 Y99.998 E.01946
G1 X124.07 Y110.002 E.47886
G1 X124.646 Y110.002 E.0195
G1 X134.649 Y99.998 E.47886
G1 X135.225 Y99.998 E.0195
G1 X125.222 Y110.002 E.47886
G1 X125.797 Y110.002 E.01946
G1 X135.801 Y99.998 E.47889
G1 X136.376 Y99.998 E.01946
G1 X126.373 Y110.002 E.47886
G1 X126.949 Y110.002 E.0195
G1 X136.952 Y99.998 E.47886
G1 X137.528 Y99.998 E.0195
G1 X127.524 Y110.002 E.47889
G1 X128.1 Y110.002 E.0195
G1 X138.103 Y99.998 E.47886
G1 X138.679 Y99.998 E.0195
G1 X128.676 Y110.002 E.47886
G1 X129.252 Y110.002 E.0195
G1 X139.255 Y99.998 E.47886
G1 X139.83 Y99.998 E.01946
G1 X129.827 Y110.002 E.47886
G1 X130.403 Y110.002 E.0195
G1 X140.406 Y99.998 E.47886
G1 X140.982 Y99.998 E.0195
G1 X130.979 Y110.002 E.47886
G1 X131.554 Y110.002 E.01946
G1 X141.557 Y99.998 E.47886
G1 X142.157 Y99.873 E.02075
;WIDTH:0.38292
G1 X142.086 Y99.854 E.00208
G1 X142.105 Y99.925 E.00208
G1 X142.146 Y99.914 E.0012
;WIDTH:0.41646
G1 X142.074 Y100.022 E.00403
;WIDTH:0.449999
G1 X142.002 Y100.13 E.00439
G1 X132.13 Y110.002 E.47257
G1 X132.706 Y110.002 E.0195
G1 X142.002 Y100.706 E.44499
G1 X142.002 Y101.281 E.01946
G1 X133.281 Y110.002 E.41747
G1 X133.857 Y110.002 E.0195
G1 X142.002 Y101.857 E.3899
G1 X142.002 Y102.433 E.0195
G1 X134.433 Y110.002 E.36232
G1 X135.009 Y110.002 E.0195
G1 X142.002 Y103.009 E.33475
G1 X142.002 Y103.584 E.01946
M73 Q95 S1
G1 X135.584 Y110.002 E.30723
M73 P95 R1
G1 X136.16 Y110.002 E.0195
G1 X142.002 Y104.16 E.27965
G1 X142.002 Y104.736 E.0195
G1 X136.736 Y110.002 E.25208
G1 X137.311 Y110.002 E.01946
G1 X142.002 Y105.311 E.22456
G1 X142.002 Y105.887 E.0195
G1 X137.887 Y110.002 E.19698
G1 X138.463 Y110.002 E.0195
G1 X142.002 Y106.463 E.16941
G1 X142.002 Y107.038 E.01946
G1 X139.038 Y110.002 E.14188
G1 X139.614 Y110.002 E.0195
G1 X142.002 Y107.614 E.11431
G1 X142.002 Y108.19 E.0195
G1 X140.19 Y110.002 E.08674
;WIPE_START
G1 F8640
G1 X142.002 Y108.19 E-.5917
G1 X142.002 Y107.614 E-.133
G1 X141.771 Y107.845 E-.0753
;WIPE_END
G1 Z22 F720
G1 X141.858 Y108.909 F10800
G1 Z21.6 F720
G1 E.8 F2100
G1 F4800
G1 X140.766 Y110.002 E.0523
G1 X142.002 Y110.002 E.04184
G1 X142.002 Y108.766 E.04184
;LAYER_CHANGE
;Z:21.8
;HEIGHT:0.199999
;BEFORE_LAYER_CHANGE
G92 E0.0
;21.8


;WIPE_START
G1 F8640
G1 X142.002 Y110.002 E-.2854
G1 X140.766 Y110.002 E-.2854
G1 X141.467 Y109.3 E-.2292
;WIPE_END
G1 Z21.8 F720
;AFTER_LAYER_CHANGE
;21.8
G1 Z22.2
G1 X142.368 Y110.368 F10800
G1 Z21.8 F720
G1 E.8 F2100
M204 S800
;TYPE:Perimeter
G1 F2700
G1 X107.632 Y110.368 E1.17577
G1 X107.632 Y99.632 E.3634
G1 X142.368 Y99.632 E1.17577
G1 X142.368 Y110.308 E.36137
M204 S1000
G1 X142.775 Y110.775 F10800
M204 S800
;TYPE:External perimeter
G1 F1500
G1 X107.225 Y110.775 E1.20332
G1 X107.225 Y99.225 E.39095
G1 X142.775 Y99.225 E1.20332
G1 X142.775 Y110.715 E.38892
M204 S1000
;WIPE_START
G1 F8640
G1 X142.775 Y110.775 E-.01385
G1 X139.37 Y110.775 E-.78615
;WIPE_END
G1 Z22.2 F720
G1 X108.031 Y109.891 F10800
G1 Z21.8 F720
G1 E.8 F2100
;TYPE:Solid infill
;WIDTH:0.548766
G1 F4800
G1 X107.987 Y109.936 E.00265
G1 X108.003 Y109.997 E.00265
G1 X108.064 Y110.013 E.00265
G1 X108.109 Y109.969 E.00265
G1 X108.093 Y109.907 E.00269
;WIDTH:0.449999
G1 X107.998 Y109.257 E.02224
G1 X108.815 Y110.068 E.03897
;WIDTH:0.41646
G1 X108.888 Y110.134 E.00306
;WIDTH:0.38292
G1 X108.869 Y110.205 E.00208
G1 X108.94 Y110.186 E.00208
G1 X108.929 Y110.145 E.0012
;WIDTH:0.449999
G1 X109.318 Y110.002 E.01403
G1 X107.998 Y108.682 E.06319
G1 X107.998 Y108.106 E.0195
G1 X109.894 Y110.002 E.09076
G1 X110.47 Y110.002 E.0195
G1 X107.998 Y107.53 E.11833
G1 X107.998 Y106.954 E.0195
G1 X111.046 Y110.002 E.14591
G1 X111.621 Y110.002 E.01946
G1 X107.998 Y106.379 E.17343
G1 X107.998 Y105.803 E.0195
G1 X112.197 Y110.002 E.201
G1 X112.773 Y110.002 E.0195
G1 X107.998 Y105.227 E.22858
G1 X107.998 Y104.652 E.01946
G1 X113.348 Y110.002 E.2561
G1 X113.924 Y110.002 E.0195
G1 X107.998 Y104.076 E.28367
G1 X107.998 Y103.5 E.0195
M73 Q95 S0
G1 X114.5 Y110.002 E.31125
G1 X115.075 Y110.002 E.01946
M73 P95 R0
G1 X107.998 Y102.925 E.33877
G1 X107.998 Y102.349 E.0195
G1 X115.651 Y110.002 E.36634
G1 X116.227 Y110.002 E.0195
G1 X107.998 Y101.773 E.39392
G1 X107.998 Y101.197 E.0195
G1 X116.803 Y110.002 E.42149
G1 X117.378 Y110.002 E.01946
G1 X107.998 Y100.622 E.44901
G1 X107.998 Y100.046 E.0195
G1 X117.954 Y110.002 E.47659
G1 X118.53 Y110.002 E.0195
G1 X108.527 Y99.998 E.47886
G1 X109.102 Y99.998 E.01946
G1 X119.105 Y110.002 E.47886
G1 X119.681 Y110.002 E.0195
G1 X109.678 Y99.998 E.47886
G1 X110.254 Y99.998 E.0195
G1 X120.257 Y110.002 E.47886
G1 X120.832 Y110.002 E.01946
G1 X110.829 Y99.998 E.47886
G1 X111.405 Y99.998 E.0195
G1 X121.408 Y110.002 E.47886
G1 X121.984 Y110.002 E.0195
M73 Q96 S0
G1 X111.981 Y99.998 E.47886
G1 X112.556 Y99.998 E.01946
M73 P96 R0
G1 X122.559 Y110.002 E.47886
G1 X123.135 Y110.002 E.0195
G1 X113.132 Y99.998 E.47886
G1 X113.708 Y99.998 E.0195
G1 X123.711 Y110.002 E.47886
G1 X124.287 Y110.002 E.0195
G1 X114.283 Y99.998 E.47889
G1 X114.859 Y99.998 E.0195
G1 X124.862 Y110.002 E.47886
G1 X125.438 Y110.002 E.0195
G1 X115.435 Y99.998 E.47886
G1 X116.011 Y99.998 E.0195
G1 X126.014 Y110.002 E.47886
G1 X126.589 Y110.002 E.01946
G1 X116.586 Y99.998 E.47886
G1 X117.162 Y99.998 E.0195
G1 X127.165 Y110.002 E.47886
G1 X127.741 Y110.002 E.0195
G1 X117.738 Y99.998 E.47886
G1 X118.313 Y99.998 E.01946
G1 X128.316 Y110.002 E.47886
G1 X128.892 Y110.002 E.0195
G1 X118.889 Y99.998 E.47886
G1 X119.465 Y99.998 E.0195
G1 X129.468 Y110.002 E.47886
G1 X130.044 Y110.002 E.0195
G1 X120.04 Y99.998 E.47889
G1 X120.616 Y99.998 E.0195
G1 X130.619 Y110.002 E.47886
G1 X131.195 Y110.002 E.0195
G1 X121.192 Y99.998 E.47886
G1 X121.768 Y99.998 E.0195
G1 X131.771 Y110.002 E.47886
G1 X132.346 Y110.002 E.01946
G1 X122.343 Y99.998 E.47886
G1 X122.919 Y99.998 E.0195
G1 X132.922 Y110.002 E.47886
G1 X133.498 Y110.002 E.0195
G1 X123.495 Y99.998 E.47886
G1 X124.07 Y99.998 E.01946
G1 X134.073 Y110.002 E.47886
G1 X134.649 Y110.002 E.0195
G1 X124.646 Y99.998 E.47886
G1 X125.222 Y99.998 E.0195
G1 X135.225 Y110.002 E.47886
G1 X135.801 Y110.002 E.0195
G1 X125.797 Y99.998 E.47889
G1 X126.373 Y99.998 E.0195
G1 X136.376 Y110.002 E.47886
G1 X136.952 Y110.002 E.0195
G1 X126.949 Y99.998 E.47886
G1 X127.524 Y99.998 E.01946
G1 X137.528 Y110.002 E.47889
G1 X138.103 Y110.002 E.01946
G1 X128.1 Y99.998 E.47886
G1 X128.676 Y99.998 E.0195
G1 X138.679 Y110.002 E.47886
G1 X139.255 Y110.002 E.0195
G1 X129.252 Y99.998 E.47886
G1 X129.827 Y99.998 E.01946
G1 X139.83 Y110.002 E.47886
G1 X140.406 Y110.002 E.0195
G1 X130.403 Y99.998 E.47886
G1 X130.979 Y99.998 E.0195
G1 X140.982 Y110.002 E.47886
G1 X141.557 Y110.002 E.01946
G1 X131.554 Y99.998 E.47886
G1 X132.13 Y99.998 E.0195
G1 X142.002 Y109.87 E.47257
G1 X142.053 Y109.972 E.00386
;WIDTH:0.41646
G1 X142.105 Y110.075 E.00358
;WIDTH:0.38292
G1 X142.086 Y110.146 E.00208
G1 X142.157 Y110.127 E.00208
G1 X142.146 Y110.086 E.0012
;WIDTH:0.449999
G1 X142.002 Y109.294 E.02725
G1 X132.706 Y99.998 E.44499
G1 X133.281 Y99.998 E.01946
G1 X142.002 Y108.719 E.41747
G1 X142.002 Y108.143 E.0195
G1 X133.857 Y99.998 E.3899
G1 X134.433 Y99.998 E.0195
G1 X142.002 Y107.567 E.36232
G1 X142.002 Y106.991 E.0195
G1 X135.009 Y99.998 E.33475
G1 X135.584 Y99.998 E.01946
G1 X142.002 Y106.416 E.30723
G1 X142.002 Y105.84 E.0195
G1 X136.16 Y99.998 E.27965
G1 X136.736 Y99.998 E.0195
G1 X142.002 Y105.264 E.25208
G1 X142.002 Y104.689 E.01946
G1 X137.311 Y99.998 E.22456
G1 X137.887 Y99.998 E.0195
G1 X142.002 Y104.113 E.19698
G1 X142.002 Y103.537 E.0195
G1 X138.463 Y99.998 E.16941
G1 X139.038 Y99.998 E.01946
G1 X142.002 Y102.962 E.14188
G1 X142.002 Y102.386 E.0195
G1 X139.614 Y99.998 E.11431
G1 X140.19 Y99.998 E.0195
G1 X142.002 Y101.81 E.08674
G1 X142.083 Y101.868 E.00337
;WIDTH:0.41646
G1 X142.164 Y101.925 E.00308
;WIDTH:0.38292
G1 X142.145 Y101.997 E.00211
G1 X142.216 Y101.977 E.00209
G1 X142.205 Y101.936 E.0012
;WIPE_START
G1 F8640
G1 X142.216 Y101.977 E-.0098
G1 X142.145 Y101.997 E-.01703
G1 X142.164 Y101.925 E-.01719
G1 X142.083 Y101.868 E-.02287
G1 X142.002 Y101.81 E-.023
G1 X140.19 Y99.998 E-.5917
G1 X139.677 Y99.998 E-.11841
;WIPE_END
G1 Z22.2 F720
G1 X140.909 Y100.142 F10800
G1 Z21.8 F720
G1 E.8 F2100
;WIDTH:0.449999
G1 F4800
G1 X142.002 Y101.234 E.0523
G1 X142.002 Y99.998 E.04184
G1 X140.766 Y99.998 E.04184
;LAYER_CHANGE
;Z:22
;HEIGHT:0.200001
;BEFORE_LAYER_CHANGE
G92 E0.0
;22


;WIPE_START
G1 F8640
G1 X142.002 Y99.998 E-.2854
G1 X142.002 Y101.234 E-.2854
G1 X141.3 Y100.533 E-.2292
;WIPE_END
G1 Z22 F720
;AFTER_LAYER_CHANGE
;22
G1 Z22.4
G1 X142.368 Y110.368 F10800
G1 Z22 F720
G1 E.8 F2100
M204 S800
;TYPE:Perimeter
G1 F2700
G1 X107.632 Y110.368 E1.17577
G1 X107.632 Y99.632 E.3634
M73 P97 R0
M73 Q97 S0
G1 X142.368 Y99.632 E1.17577
G1 X142.368 Y110.308 E.36137
M204 S1000
G1 X142.775 Y110.775 F10800
M204 S800
;TYPE:External perimeter
G1 F1500
G1 X107.225 Y110.775 E1.20332
G1 X107.225 Y99.225 E.39095
G1 X142.775 Y99.225 E1.20332
G1 X142.775 Y110.715 E.38892
M204 S1000
;WIPE_START
G1 F8640
G1 X142.775 Y110.775 E-.01385
G1 X139.37 Y110.775 E-.78615
;WIPE_END
G1 Z22.4 F720
G1 X141.459 Y110.187 F10800
G1 Z22 F720
G1 E.8 F2100
;TYPE:Top solid infill
;WIDTH:0.403065
G1 F2400
G1 X142.187 Y109.459 E.03083
G1 X142.187 Y109.459 F10800
G1 X142.187 Y108.95
G1 F2400
G1 X140.95 Y110.187 E.05239
G1 X140.95 Y110.187 F10800
G1 X140.44 Y110.187
G1 F2400
G1 X142.187 Y108.44 E.07399
G1 X142.187 Y108.44 F10800
G1 X142.187 Y107.931
G1 F2400
G1 X139.931 Y110.187 E.09554
G1 X139.931 Y110.187 F10800
G1 X139.422 Y110.187
G1 F2400
G1 X142.187 Y107.422 E.1171
G1 X142.187 Y107.422 F10800
G1 X142.187 Y106.912
G1 F2400
G1 X138.912 Y110.187 E.1387
G1 X138.912 Y110.187 F10800
G1 X138.403 Y110.187
G1 F2400
G1 X142.187 Y106.403 E.16025
G1 X142.187 Y106.403 F10800
G1 X142.187 Y105.894
G1 F2400
G1 X137.894 Y110.187 E.18181
G1 X137.894 Y110.187 F10800
G1 X137.384 Y110.187
G1 F2400
G1 X142.187 Y105.384 E.20341
G1 X142.187 Y105.384 F10800
G1 X142.187 Y104.875
G1 F2400
G1 X136.875 Y110.187 E.22496
G1 X136.875 Y110.187 F10800
G1 X136.366 Y110.187
G1 F2400
G1 X142.187 Y104.366 E.24652
G1 X142.187 Y104.366 F10800
G1 X142.187 Y103.856
G1 F2400
G1 X135.856 Y110.187 E.26812
G1 X135.856 Y110.187 F10800
G1 X135.347 Y110.187
G1 F2400
G1 X142.187 Y103.347 E.28968
G1 X142.187 Y103.347 F10800
G1 X142.187 Y102.838
G1 F2400
G1 X134.838 Y110.187 E.31123
G1 X134.838 Y110.187 F10800
G1 X134.328 Y110.187
G1 F2400
G1 X142.187 Y102.328 E.33283
G1 X142.187 Y102.328 F10800
G1 X142.187 Y101.819
G1 F2400
G1 X133.819 Y110.187 E.35439
G1 X133.819 Y110.187 F10800
G1 X133.31 Y110.187
G1 F2400
G1 X142.187 Y101.31 E.37594
G1 X142.187 Y101.31 F10800
G1 X142.187 Y100.8
G1 F2400
G1 X132.8 Y110.187 E.39754
G1 X132.8 Y110.187 F10800
G1 X132.291 Y110.187
G1 F2400
G1 X142.187 Y100.291 E.4191
G1 X142.187 Y100.291 F10800
G1 X142.156 Y99.813
G1 F2400
G1 X131.782 Y110.187 E.43934
G1 X131.782 Y110.187 F10800
G1 X131.272 Y110.187
G1 F2400
G1 X141.647 Y99.813 E.43936
G1 X141.647 Y99.813 F10800
G1 X141.138 Y99.813
G1 F2400
G1 X130.763 Y110.187 E.43936
G1 X130.763 Y110.187 F10800
G1 X130.254 Y110.187
G1 F2400
G1 X140.628 Y99.813 E.43934
G1 X140.628 Y99.813 F10800
G1 X140.119 Y99.813
G1 F2400
G1 X129.744 Y110.187 E.43936
G1 X129.744 Y110.187 F10800
G1 X129.235 Y110.187
G1 F2400
G1 X139.61 Y99.813 E.43936
G1 X139.61 Y99.813 F10800
G1 X139.1 Y99.813
G1 F2400
G1 X128.726 Y110.187 E.43934
G1 X128.726 Y110.187 F10800
G1 X128.217 Y110.187
G1 F2400
G1 X138.591 Y99.813 E.43934
G1 X138.591 Y99.813 F10800
G1 X138.082 Y99.813
G1 F2400
M73 Q98 S0
G1 X127.707 Y110.187 E.43936
G1 X127.707 Y110.187 F10800
M73 P98 R0
G1 X127.198 Y110.187
G1 F2400
G1 X137.572 Y99.813 E.43934
G1 X137.572 Y99.813 F10800
G1 X137.063 Y99.813
G1 F2400
G1 X126.689 Y110.187 E.43934
G1 X126.689 Y110.187 F10800
G1 X126.179 Y110.187
G1 F2400
G1 X136.554 Y99.813 E.43936
G1 X136.554 Y99.813 F10800
G1 X136.044 Y99.813
G1 F2400
G1 X125.67 Y110.187 E.43934
G1 X125.67 Y110.187 F10800
G1 X125.161 Y110.187
G1 F2400
G1 X135.535 Y99.813 E.43934
G1 X135.535 Y99.813 F10800
G1 X135.026 Y99.813
G1 F2400
G1 X124.651 Y110.187 E.43936
G1 X124.651 Y110.187 F10800
G1 X124.142 Y110.187
G1 F2400
G1 X134.516 Y99.813 E.43934
G1 X134.516 Y99.813 F10800
G1 X134.007 Y99.813
G1 F2400
G1 X123.633 Y110.187 E.43934
G1 X123.633 Y110.187 F10800
G1 X123.123 Y110.187
G1 F2400
G1 X133.498 Y99.813 E.43936
G1 X133.498 Y99.813 F10800
G1 X132.988 Y99.813
G1 F2400
G1 X122.614 Y110.187 E.43934
G1 X122.614 Y110.187 F10800
G1 X122.105 Y110.187
G1 F2400
G1 X132.479 Y99.813 E.43934
G1 X132.479 Y99.813 F10800
G1 X131.97 Y99.813
G1 F2400
G1 X121.595 Y110.187 E.43936
G1 X121.595 Y110.187 F10800
G1 X121.086 Y110.187
G1 F2400
G1 X131.46 Y99.813 E.43934
G1 X131.46 Y99.813 F10800
G1 X130.951 Y99.813
G1 F2400
G1 X120.577 Y110.187 E.43934
G1 X120.577 Y110.187 F10800
G1 X120.067 Y110.187
G1 F2400
G1 X130.442 Y99.813 E.43936
G1 X130.442 Y99.813 F10800
G1 X129.933 Y99.813
G1 F2400
G1 X119.558 Y110.187 E.43936
G1 X119.558 Y110.187 F10800
G1 X119.049 Y110.187
G1 F2400
G1 X129.423 Y99.813 E.43934
G1 X129.423 Y99.813 F10800
G1 X128.914 Y99.813
G1 F2400
G1 X118.539 Y110.187 E.43936
G1 X118.539 Y110.187 F10800
G1 X118.03 Y110.187
G1 F2400
G1 X128.405 Y99.813 E.43936
G1 X128.405 Y99.813 F10800
G1 X127.895 Y99.813
G1 F2400
G1 X117.521 Y110.187 E.43934
G1 X117.521 Y110.187 F10800
G1 X117.011 Y110.187
G1 F2400
G1 X127.386 Y99.813 E.43936
G1 X127.386 Y99.813 F10800
G1 X126.877 Y99.813
G1 F2400
G1 X116.502 Y110.187 E.43936
G1 X116.502 Y110.187 F10800
G1 X115.993 Y110.187
G1 F2400
G1 X126.367 Y99.813 E.43934
G1 X126.367 Y99.813 F10800
G1 X125.858 Y99.813
G1 F2400
G1 X115.483 Y110.187 E.43936
G1 X115.483 Y110.187 F10800
G1 X114.974 Y110.187
G1 F2400
G1 X125.349 Y99.813 E.43936
G1 X125.349 Y99.813 F10800
G1 X124.839 Y99.813
G1 F2400
G1 X114.465 Y110.187 E.43934
G1 X114.465 Y110.187 F10800
G1 X113.956 Y110.187
G1 F2400
G1 X124.33 Y99.813 E.43934
G1 X124.33 Y99.813 F10800
G1 X123.821 Y99.813
G1 F2400
G1 X113.446 Y110.187 E.43936
G1 X113.446 Y110.187 F10800
G1 X112.937 Y110.187
G1 F2400
G1 X123.311 Y99.813 E.43934
G1 X123.311 Y99.813 F10800
G1 X122.802 Y99.813
G1 F2400
G1 X112.428 Y110.187 E.43934
G1 X112.428 Y110.187 F10800
G1 X111.918 Y110.187
G1 F2400
G1 X122.293 Y99.813 E.43936
G1 X122.293 Y99.813 F10800
G1 X121.783 Y99.813
G1 F2400
G1 X111.409 Y110.187 E.43934
G1 X111.409 Y110.187 F10800
G1 X110.9 Y110.187
G1 F2400
G1 X121.274 Y99.813 E.43934
G1 X121.274 Y99.813 F10800
M73 P99 R0
M73 Q99 S0
G1 X120.765 Y99.813
G1 F2400
G1 X110.39 Y110.187 E.43936
G1 X110.39 Y110.187 F10800
G1 X109.881 Y110.187
G1 F2400
G1 X120.255 Y99.813 E.43934
G1 X120.255 Y99.813 F10800
G1 X119.746 Y99.813
G1 F2400
G1 X109.372 Y110.187 E.43934
G1 X109.372 Y110.187 F10800
G1 X108.862 Y110.187
G1 F2400
G1 X119.237 Y99.813 E.43936
G1 X119.237 Y99.813 F10800
G1 X118.727 Y99.813
G1 F2400
G1 X108.353 Y110.187 E.43934
G1 X108.353 Y110.187 F10800
G1 X107.844 Y110.187
G1 F2400
G1 X118.218 Y99.813 E.43934
G1 X118.218 Y99.813 F10800
G1 X117.709 Y99.813
G1 F2400
G1 X107.813 Y109.709 E.4191
G1 X107.813 Y109.709 F10800
G1 X107.813 Y109.199
G1 F2400
G1 X117.199 Y99.813 E.3975
G1 X117.199 Y99.813 F10800
G1 X116.69 Y99.813
G1 F2400
G1 X107.813 Y108.69 E.37594
G1 X107.813 Y108.69 F10800
G1 X107.813 Y108.181
G1 F2400
G1 X116.181 Y99.813 E.35439
G1 X116.181 Y99.813 F10800
G1 X115.672 Y99.813
G1 F2400
G1 X107.813 Y107.672 E.33283
G1 X107.813 Y107.672 F10800
G1 X107.813 Y107.162
G1 F2400
G1 X115.162 Y99.813 E.31123
G1 X115.162 Y99.813 F10800
G1 X114.653 Y99.813
G1 F2400
G1 X107.813 Y106.653 E.28968
G1 X107.813 Y106.653 F10800
G1 X107.813 Y106.144
G1 F2400
G1 X114.144 Y99.813 E.26812
G1 X114.144 Y99.813 F10800
G1 X113.634 Y99.813
G1 F2400
G1 X107.813 Y105.634 E.24652
G1 X107.813 Y105.634 F10800
G1 X107.813 Y105.125
G1 F2400
G1 X113.125 Y99.813 E.22496
G1 X113.125 Y99.813 F10800
G1 X112.616 Y99.813
G1 F2400
G1 X107.813 Y104.616 E.20341
G1 X107.813 Y104.616 F10800
G1 X107.813 Y104.106
G1 F2400
G1 X112.106 Y99.813 E.18181
G1 X112.106 Y99.813 F10800
G1 X111.597 Y99.813
G1 F2400
G1 X107.813 Y103.597 E.16025
G1 X107.813 Y103.597 F10800
G1 X107.813 Y103.088
G1 F2400
G1 X111.088 Y99.813 E.1387
G1 X111.088 Y99.813 F10800
G1 X110.578 Y99.813
G1 F2400
G1 X107.813 Y102.578 E.1171
G1 X107.813 Y102.578 F10800
G1 X107.813 Y102.069
G1 F2400
G1 X110.069 Y99.813 E.09554
G1 X110.069 Y99.813 F10800
G1 X109.56 Y99.813
G1 F2400
G1 X107.813 Y101.56 E.07399
G1 X107.813 Y101.56 F10800
G1 X107.813 Y101.05
G1 F2400
G1 X109.05 Y99.813 E.05239
G1 X109.05 Y99.813 F10800
G1 X108.541 Y99.813
G1 F2400
G1 X107.813 Y100.541 E.03083
; stop printing object t_bracket.stl id:0 copy 0
;WIPE_START
G1 F8640;_WIPE
G1 X108.541 Y99.813 E-.23773
;WIPE_END
G1 E-.56227 F2100
M107
;TYPE:Custom
; Filament-specific end gcode
G1 Z23 F720 ; Move print head up
G1 X0 Y200 F3600 ; park
G1 Z71 F720 ; Move print head further up
G4 ; wait
M221 S100 ; reset flow
M900 K0 ; reset LA

M104 S0 ; turn off temperature
M140 S0 ; turn off heatbed
M107 ; turn off fan
M84 ; disable motors
; max_layer_z = 22
M73 P100 R0
M73 Q100 S0
; objects_info = {"objects":[{"name":"t_bracket.stl id:0 copy 0","polygon":[[143.000,111.000],[107.000,111.000],[107.000,99.000],[143.000,99.000]]}]}
; filament used [mm] = 937.19
; filament used [cm3] = 2.25
; filament used [g] = 2.80
; filament cost = 0.10
; total filament used [g] = 2.80
; total filament cost = 0.10
; total filament used for wipe tower [g] = 0.00
; estimated printing time (normal mode) = 23m 24s
; estimated printing time (silent mode) = 23m 27s
; estimated first layer printing time (normal mode) = 36s
; estimated first layer printing time (silent mode) = 36s

; prusaslicer_config = begin
; arc_fitting = disabled
; autoemit_temperature_commands = 1
; avoid_crossing_curled_overhangs = 0
; avoid_crossing_perimeters = 0
; avoid_crossing_perimeters_max_detour = 0
; bed_shape = 0x0,250x0,250x210,0x210
; bed_temperature = 60
; before_layer_gcode = ;BEFORE_LAYER_CHANGE\nG92 E0.0\n;[layer_z]\n\n
; between_objects_gcode = 
; binary_gcode = 0
; bottom_fill_pattern = monotonic
; bottom_solid_layers = 4
; bottom_solid_min_thickness = 0.5
; bridge_acceleration = 1000
; bridge_angle = 0
; bridge_fan_speed = 100
; bridge_flow_ratio = 0.95
; bridge_speed = 25
; brim_separation = 0.1
; brim_type = outer_only
; brim_width = 0
; chamber_minimal_temperature = 0
; chamber_temperature = 0
; color_change_gcode = M600\nG1 E0.3 F1500 ; prime after color change
; colorprint_heights = 
; complete_objects = 0
; cooling = 1
; cooling_tube_length = 5
; cooling_tube_retraction = 91.5
; default_acceleration = 1000
; deretract_speed = 0
; disable_fan_first_layers = 1
; dont_support_bridges = 0
; draft_shield = disabled
; duplicate_distance = 6
; elefant_foot_compensation = 0.2
; enable_dynamic_fan_speeds = 0
; enable_dynamic_overhang_speeds = 1
; end_filament_gcode = "; Filament-specific end gcode"
; end_gcode = {if max_layer_z < max_print_height}G1 Z{z_offset+min(max_layer_z+1, max_print_height)} F720 ; Move print head up{endif}\nG1 X0 Y200 F3600 ; park\n{if max_layer_z < max_print_height}G1 Z{z_offset+min(max_layer_z+49, max_print_height)} F720 ; Move print head further up{endif}\nG4 ; wait\nM221 S100 ; reset flow\nM900 K0 ; reset LA\n{if print_settings_id=~/.*(DETAIL @MK3|QUALITY @MK3|@0.25 nozzle MK3).*/}M907 E538 ; reset extruder motor current{endif}\nM104 S0 ; turn off temperature\nM140 S0 ; turn off heatbed\nM107 ; turn off fan\nM84 ; disable motors\n; max_layer_z = [max_layer_z]
; external_perimeter_acceleration = 0
; external_perimeter_extrusion_width = 0.45
; external_perimeter_speed = 25
; external_perimeters_first = 0
; extra_loading_move = -2
; extra_perimeters = 0
; extra_perimeters_on_overhangs = 0
; extruder_clearance_height = 20
; extruder_clearance_radius = 45
; extruder_colour = ""
; extruder_offset = 0x0
; extrusion_axis = E
; extrusion_multiplier = 1
; extrusion_width = 0.45
; fan_always_on = 1
; fan_below_layer_time = 100
; filament_abrasive = 0
; filament_colour = #FF8000
; filament_cooling_final_speed = 3.4
; filament_cooling_initial_speed = 2.2
; filament_cooling_moves = 4
; filament_cost = 36.29
; filament_density = 1.24
; filament_diameter = 1.75
; filament_infill_max_crossing_speed = 0
; filament_infill_max_speed = 0
; filament_load_time = 0
; filament_loading_speed = 28
; filament_loading_speed_start = 3
; filament_max_volumetric_speed = 15
; filament_minimal_purge_on_wipe_tower = 15
; filament_multitool_ramming = 0
; filament_multitool_ramming_flow = 10
; filament_multitool_ramming_volume = 10
; filament_notes = "Affordable filament for everyday printing in premium quality manufactured in-house by Josef Prusa"
; filament_purge_multiplier = 100%
; filament_ramming_parameters = "120 100 6.6 6.8 7.2 7.6 7.9 8.2 8.7 9.4 9.9 10.0| 0.05 6.6 0.45 6.8 0.95 7.8 1.45 8.3 1.95 9.7 2.45 10 2.95 7.6 3.45 7.6 3.95 7.6 4.45 7.6 4.95 7.6"
; filament_settings_id = ""
; filament_shrinkage_compensation_xy = 0%
; filament_shrinkage_compensation_z = 0%
; filament_soluble = 0
; filament_spool_weight = 193
; filament_stamping_distance = 0
; filament_stamping_loading_speed = 20
; filament_toolchange_delay = 0
; filament_type = PLA
; filament_unload_time = 0
; filament_unloading_speed = 90
; filament_unloading_speed_start = 100
; fill_angle = 45
; fill_density = 15%
; fill_pattern = gyroid
; first_layer_acceleration = 800
; first_layer_acceleration_over_raft = 0
; first_layer_bed_temperature = 60
; first_layer_extrusion_width = 0.42
; first_layer_height = 0.2
; first_layer_speed = 20
; first_layer_speed_over_raft = 30
; first_layer_temperature = 215
; full_fan_speed_layer = 4
; fuzzy_skin = none
; fuzzy_skin_point_dist = 0.8
; fuzzy_skin_thickness = 0.3
; gap_fill_enabled = 1
; gap_fill_speed = 40
; gcode_comments = 0
; gcode_flavor = marlin
; gcode_label_objects = octoprint
; gcode_resolution = 0.0125
; gcode_substitutions = 
; high_current_on_filament_swap = 0
; idle_temperature = nil
; infill_acceleration = 1000
; infill_anchor = 2.5
; infill_anchor_max = 12
; infill_every_layers = 1
; infill_extruder = 1
; infill_extrusion_width = 0.45
; infill_first = 0
; infill_overlap = 10%
; infill_speed = 80
; interface_shells = 0
; ironing = 0
; ironing_flowrate = 15%
; ironing_spacing = 0.1
; ironing_speed = 15
; ironing_type = top
; layer_gcode = ;AFTER_LAYER_CHANGE\n;[layer_z]
; layer_height = 0.2
; machine_limits_usage = emit_to_gcode
; machine_max_acceleration_e = 5000,5000
; machine_max_acceleration_extruding = 1250,1250
; machine_max_acceleration_retracting = 1250,1250
; machine_max_acceleration_travel = 1500,1250
; machine_max_acceleration_x = 1000,960
; machine_max_acceleration_y = 1000,960
; machine_max_acceleration_z = 200,200
; machine_max_feedrate_e = 120,120
; machine_max_feedrate_x = 200,100
; machine_max_feedrate_y = 200,100
; machine_max_feedrate_z = 12,12
; machine_max_jerk_e = 4.5,4.5
; machine_max_jerk_x = 8,8
; machine_max_jerk_y = 8,8
; machine_max_jerk_z = 0.4,0.4
; machine_min_extruding_rate = 0,0
; machine_min_travel_rate = 0,0
; max_fan_speed = 100
; max_layer_height = 0.25
; max_print_height = 210
; max_print_speed = 200
; max_volumetric_extrusion_rate_slope_negative = 0
; max_volumetric_extrusion_rate_slope_positive = 0
; max_volumetric_speed = 0
; min_bead_width = 85%
; min_fan_speed = 100
; min_feature_size = 25%
; min_layer_height = 0.07
; min_print_speed = 15
; min_skirt_length = 4
; mmu_segmented_region_interlocking_depth = 0
; mmu_segmented_region_max_width = 0
; multimaterial_purging = 140
; notes = 
; nozzle_diameter = 0.4
; nozzle_high_flow = 0
; only_one_perimeter_first_layer = 0
; only_retract_when_crossing_perimeters = 0
; ooze_prevention = 0
; output_filename_format = {input_filename_base}_{layer_height}mm_{printing_filament_types}_{printer_model}_{print_time}.gcode
; overhang_fan_speed_0 = 0
; overhang_fan_speed_1 = 0
; overhang_fan_speed_2 = 0
; overhang_fan_speed_3 = 0
; overhang_speed_0 = 15
; overhang_speed_1 = 15
; overhang_speed_2 = 20
; overhang_speed_3 = 25
; overhangs = 1
; parking_pos_retraction = 92
; pause_print_gcode = M601
; perimeter_acceleration = 800
; perimeter_extruder = 1
; perimeter_extrusion_width = 0.45
; perimeter_generator = arachne
; perimeter_speed = 45
; perimeters = 2
; physical_printer_settings_id = 
; post_process = 
; prefer_clockwise_movements = 0
; print_settings_id = 
; printer_model = 
; printer_notes = Don't remove the following keywords! These keywords are used in the "compatible printer" condition of the print and filament profiles to link the particular print and filament profiles to this printer profile.\nPRINTER_VENDOR_PRUSA3D\nPRINTER_MODEL_MK3\n
; printer_settings_id = 
; printer_technology = FFF
; raft_contact_distance = 0.2
; raft_expansion = 1.5
; raft_first_layer_density = 90%
; raft_first_layer_expansion = 3
; raft_layers = 0
; remaining_times = 1
; resolution = 0
; retract_before_travel = 1
; retract_before_wipe = 0%
; retract_layer_change = 1
; retract_length = 0.8
; retract_length_toolchange = 4
; retract_lift = 0.4
; retract_lift_above = 0
; retract_lift_below = 209
; retract_restart_extra = 0
; retract_restart_extra_toolchange = 0
; retract_speed = 35
; seam_position = aligned
; silent_mode = 1
; single_extruder_multi_material = 0
; single_extruder_multi_material_priming = 0
; skirt_distance = 2
; skirt_height = 3
; skirts = 1
; slice_closing_radius = 0.049
; slicing_mode = regular
; slowdown_below_layer_time = 12
; small_perimeter_speed = 25
; solid_infill_acceleration = 0
; solid_infill_below_area = 0
; solid_infill_every_layers = 0
; solid_infill_extruder = 1
; solid_infill_extrusion_width = 0.45
; solid_infill_speed = 80
; spiral_vase = 0
; staggered_inner_seams = 0
; standby_temperature_delta = -5
; start_filament_gcode = "{if printer_notes!~/.*(MK3.5|MINIIS).*/}\nM900 K{if printer_notes=~/.*PRINTER_MODEL_MINI.*/ and nozzle_diameter[0]==0.6}0.12{elsif printer_notes=~/.*PRINTER_MODEL_MINI.*/ and nozzle_diameter[0]==0.8}0.06{elsif printer_notes=~/.*PRINTER_MODEL_MINI.*/}0.2{elsif nozzle_diameter[0]==0.8}0.01{elsif nozzle_diameter[0]==0.6}0.04{else}0.05{endif} ; Filament gcode LA 1.5\n{if printer_notes=~/.*PRINTER_MODEL_MINI.*/};{elsif printer_notes=~/.*PRINTER_HAS_BOWDEN.*/}M900 K200{elsif nozzle_diameter[0]==0.6}M900 K18{elsif nozzle_diameter[0]==0.8};{else}M900 K30{endif} ; Filament gcode LA 1.0\n{endif}\n\n{if printer_notes=~/.*MINIIS.*/}\nM572 S{if nozzle_diameter[0]==0.6}0.17{elsif nozzle_diameter[0]==0.8}0.12{elsif nozzle_diameter[0]==0.4}0.27{elsif nozzle_diameter[0]==0.25}0.85{else}0{endif}\n{endif}\n\n{if printer_notes=~/.*MK3.5.*/}\nM572 S{if nozzle_diameter[0]==0.4}0.035{elsif nozzle_diameter[0]==0.5}0.025{elsif nozzle_diameter[0]==0.6}0.02{elsif nozzle_diameter[0]==0.8}0.014{elsif nozzle_diameter[0]==0.25}0.12{elsif nozzle_diameter[0]==0.3}0.08{else}0{endif} ; Filament gcode\n{endif}"
; start_gcode = M862.3 P "[printer_model]" ; printer model check\nM862.1 P[nozzle_diameter] ; nozzle diameter check\nM115 U3.14.0 ; tell printer latest fw version\nG90 ; use absolute coordinates\nM83 ; extruder relative mode\nM104 S[first_layer_temperature] ; set extruder temp\nM140 S[first_layer_bed_temperature] ; set bed temp\nM190 S[first_layer_bed_temperature] ; wait for bed temp\nM109 S[first_layer_temperature] ; wait for extruder temp\nG28 W ; home all without mesh bed level\nG80 X{first_layer_print_min[0]} Y{first_layer_print_min[1]} W{(first_layer_print_max[0]) - (first_layer_print_min[0])} H{(first_layer_print_max[1]) - (first_layer_print_min[1])} ; mesh bed levelling\n{if filament_settings_id[initial_tool]=~/.*Prusament PA11.*/}\nG1 Z0.3 F720\nG1 Y-3 F1000 ; go outside print area\nG92 E0\nG1 X60 E9 F1000 ; intro line\nG1 X100 E9 F1000 ; intro line\n{else}\nG1 Z0.2 F720\nG1 Y-3 F1000 ; go outside print area\nG92 E0\nG1 X60 E9 F1000 ; intro line\nG1 X100 E12.5 F1000 ; intro line\n{endif}\nG92 E0\nM221 S{if layer_height<0.075}100{else}95{endif}\n\n; Don't change E values below. Excessive value can damage the printer.\n{if print_settings_id=~/.*(DETAIL @MK3|QUALITY @MK3).*/}M907 E430 ; set extruder motor current{endif}\n{if print_settings_id=~/.*(SPEED @MK3|DRAFT @MK3).*/}M907 E538 ; set extruder motor current{endif}
; support_material = 0
; support_material_angle = 0
; support_material_auto = 1
; support_material_bottom_contact_distance = 0
; support_material_bottom_interface_layers = 0
; support_material_buildplate_only = 0
; support_material_closing_radius = 2
; support_material_contact_distance = 0.2
; support_material_enforce_layers = 0
; support_material_extruder = 0
; support_material_extrusion_width = 0.35
; support_material_interface_contact_loops = 0
; support_material_interface_extruder = 0
; support_material_interface_layers = 2
; support_material_interface_pattern = rectilinear
; support_material_interface_spacing = 0.2
; support_material_interface_speed = 80%
; support_material_pattern = rectilinear
; support_material_spacing = 2
; support_material_speed = 50
; support_material_style = grid
; support_material_synchronize_layers = 0
; support_material_threshold = 50
; support_material_with_sheath = 0
; support_material_xy_spacing = 60%
; support_tree_angle = 40
; support_tree_angle_slow = 30
; support_tree_branch_diameter = 2
; support_tree_branch_diameter_angle = 3
; support_tree_branch_diameter_double_wall = 3
; support_tree_branch_distance = 1
; support_tree_tip_diameter = 0.6
; support_tree_top_rate = 30%
; temperature = 215
; template_custom_gcode = 
; thick_bridges = 0
; thin_walls = 0
; thumbnails = 160x120/PNG
; thumbnails_format = PNG
; toolchange_gcode = 
; top_fill_pattern = monotoniclines
; top_infill_extrusion_width = 0.4
; top_one_perimeter_type = none
; top_solid_infill_acceleration = 0
; top_solid_infill_speed = 40
; top_solid_layers = 5
; top_solid_min_thickness = 0.7
; travel_acceleration = 0
; travel_lift_before_obstacle = 0
; travel_max_lift = 0
; travel_ramping_lift = 0
; travel_slope = 0
; travel_speed = 180
; travel_speed_z = 12
; use_firmware_retraction = 0
; use_relative_e_distances = 1
; use_volumetric_e = 0
; variable_layer_height = 1
; wall_distribution_count = 1
; wall_transition_angle = 10
; wall_transition_filter_deviation = 25%
; wall_transition_length = 100%
; wipe = 1
; wipe_into_infill = 0
; wipe_into_objects = 0
; wipe_tower = 1
; wipe_tower_acceleration = 0
; wipe_tower_bridging = 10
; wipe_tower_brim_width = 2
; wipe_tower_cone_angle = 0
; wipe_tower_extra_flow = 100%
; wipe_tower_extra_spacing = 100%
; wipe_tower_extruder = 0
; wipe_tower_no_sparse_layers = 0
; wipe_tower_rotation_angle = 0
; wipe_tower_width = 60
; wipe_tower_x = 170
; wipe_tower_y = 125
; wiping_volumes_matrix = 0,140,140,140,140,140,0,140,140,140,140,140,0,140,140,140,140,140,0,140,140,140,140,140,0
; wiping_volumes_use_custom_matrix = 0
; xy_size_compensation = 0
; z_offset = 0
; prusaslicer_config = end
